epoch,train_total_loss,train_cross_entropy,train_l1_penalty,train_l2_penalty,validation_accuracy,validation_cwr
1,2.822835010433183,1.829308559058949,0.9834427892228176,0.010083665516570623,0.47636154619916654,0.47674735587665723
2,2.393763049681102,1.466119447099116,0.9171769658473223,0.010466645138916621,0.5211955740767351,0.5226990913153582
3,2.122109903756838,1.2574982960721957,0.8537019633633564,0.010909644348721109,0.5576950711309097,0.5588565469983614
4,1.9489795366294906,1.1483886291590517,0.7892804335787269,0.011310457778051506,0.5783876993820951,0.5795012661999107
5,1.8195798954653284,1.0840594314144747,0.7238605672265799,0.011659905389925583,0.5999425204770801,0.6011680321763742
6,1.7092247412009116,1.038710946820217,0.6585288636727928,0.01198493260092619,0.5987929300186808,0.599915239088336
7,1.6162712599700475,1.011619431788525,0.5923941489745358,0.012257686496837667,0.6045408823106768,0.605660062565172
8,1.5351718424517355,0.9953341983244806,0.5273134594060238,0.012524176969667082,0.6097140393734732,0.6109067481007001
9,1.460708327018627,0.9850908027056356,0.46285182957094895,0.012765697619921518,0.612875413134071,0.6140068523759868
10,1.3934529887000828,0.9802299404404666,0.4002152897919675,0.01300777382182418,0.6097140393734732,0.6110166840458812
11,1.3327867168344836,0.9786798010648093,0.3408503104881885,0.013256605068027099,0.5986492312113809,0.6002121257262029
12,1.2740152976964805,0.9770282569468098,0.2834893247873589,0.01349772525519531,0.5963500502945825,0.5972484731118725
13,1.2213568689151988,0.9781626925880941,0.22945321262319604,0.013740972916628158,0.6140250035924701,0.6151985699389243
14,1.1785928320826462,0.9793990614565303,0.1852014571543928,0.013992302396224565,0.6095703405661733,0.6109104722180844
15,1.1500746071175916,0.9806417852130528,0.1552052779420557,0.014227555488988507,0.6069837620347751,0.6081619246238642
16,1.1298993458126378,0.9789574898716225,0.13648565388912956,0.014456209834766235,0.6059778703836758,0.607369581409206
17,1.1192718369725416,0.9786632975416462,0.1259443957044366,0.014664142238135986,0.6092829429515735,0.610398778489498
18,1.1115080610673511,0.977915990821999,0.11873743332358232,0.014854643318707367,0.6016669061646789,0.6026074780277074
19,1.1010093803908705,0.9724259117002854,0.1135435557250645,0.015039912501666152,0.6025290990084782,0.6038493966929838
20,1.096326496275973,0.9709405124247426,0.11016368095320452,0.015222300935543583,0.6197729558844661,0.6208578876806197
21,1.0868052803402848,0.9648687630861822,0.1065521962830417,0.01538431584055627,0.610001436988073,0.6107771488157308
22,1.0897635123924647,0.968991884513394,0.10523635659590075,0.015535273187302502,0.6189107630406667,0.6201839713987785
23,1.0792758588493512,0.9601204335252723,0.10346935440311487,0.015686066829247333,0.6089955453369738,0.6099298376284821
24,1.074542687976989,0.9561782621210172,0.10253014010586672,0.015834292141555507,0.6219284379939647,0.6233488753165499
25,1.0715988852851333,0.9553972736551324,0.10022994211254868,0.015971674004502466,0.6107199310245724,0.6115341873975868
26,1.0738419662486,0.957886906049772,0.09985561540824343,0.016099438535640817,0.6094266417588734,0.6108836585729183
27,1.0669478969612347,0.9537746685471817,0.09696485622400422,0.016208367785169896,0.6065526656128755,0.6083746462088485
28,1.0607705021541787,0.9481587535623401,0.09627382156192477,0.016337927361276577,0.6249461129472625,0.6257930880381349
29,1.0691842437732628,0.9565202978462781,0.09621295896065031,0.016450984186151194,0.6239402212961632,0.6254343810516908
30,1.0596820305160861,0.9486277601913845,0.09449766915147546,0.01655660576734037,0.6302629688173588,0.6313231044242514
31,1.0582696238987952,0.9487496561266804,0.09286558894992714,0.016654385409565094,0.6276763902859607,0.629075376135856
32,1.055659384456135,0.94627395367756,0.09261133519118674,0.016774107699266006,0.6232217272596637,0.6243169968717414
33,1.0677210573732794,0.9584467066980535,0.09241975987907422,0.016854586236565376,0.6262394022129616,0.627054372113809
34,1.0546809015713952,0.9465267531726874,0.09122235934583427,0.016931793052247585,0.5940508693777842,0.5959155370177268
35,1.055755119776654,0.9478901116596863,0.09085548535912248,0.017009524070449148,0.607271159649375,0.6076170117682109
36,1.048393728849891,0.941717634916751,0.08958424068907071,0.01709184466931717,0.6219284379939647,0.623587069864442
37,1.0527783723925188,0.9466728620838204,0.08893458343499487,0.017170922945259307,0.6354361258801552,0.6365514673022493
38,1.0527237562770764,0.9466188969771775,0.08885679819157692,0.017248052411249253,0.6318436556976577,0.6330960822285119
39,1.0482873164266155,0.9430533696358395,0.08790651639356817,0.017327429115384676,0.6179048713895675,0.6184510650975719
40,1.0406034534596595,0.9365575986786261,0.08665407520954012,0.017391781983108832,0.6351487282655554,0.6363879040667362
41,1.0398916149297002,0.9368549781826176,0.08555890948227003,0.01747772829209119,0.5901710015806869,0.590079547147326
42,1.0375649315612996,0.9348481702708636,0.08517228655237664,0.017544480269786306,0.6360109211093548,0.6369396692983763
43,1.0395886097031088,0.9370576141037841,0.08490660913606574,0.01762438403424569,0.6378790056042535,0.6388823178906599
44,1.050103266231629,0.9480480963359158,0.08437775408939857,0.01767741494498508,0.6273889926713608,0.628960673320423
45,1.055975411340481,0.9519302428393961,0.08632911914213581,0.017716047397537262,0.6242276189107631,0.624938328616118
46,1.0342795325346523,0.9322025706531981,0.08431071177808046,0.01776625587519155,0.6242276189107631,0.6253292119767614
47,1.0322533218849321,0.9319240191250393,0.08249523264334144,0.01783407254315584,0.635723523494755,0.6365562341725012
48,1.0323541614066802,0.9318033895421978,0.08264971245040084,0.017901066196047893,0.6390285960626527,0.6402877997914495
49,1.0413264491328873,0.9412504608114829,0.08210443283595441,0.017971563761225974,0.6170426785457681,0.618711604349769
50,1.0396843055384413,0.9389107349292697,0.08276047978139606,0.01801309697030219,0.5847104469032907,0.5843028452256814
51,1.0367209677690061,0.9364166452908999,0.08225608292663555,0.018048230682292672,0.597068544331082,0.598616266944734
52,1.032174277449497,0.9328808710482258,0.08119006226041876,0.018103346422385307,0.6430521626670499,0.6441045732161478
53,1.0374745640677272,0.9388285241501824,0.08048840315391799,0.01815764163021881,0.6193418594625665,0.6202338745717265
54,1.0302563542383707,0.9317226970413324,0.0803354952587686,0.01819816437290393,0.6347176318436557,0.6353974378072398
55,1.034432940963425,0.9358181786838663,0.08035905525368818,0.018255701341042232,0.6373042103750539,0.6386406971547743
56,1.0384267782373562,0.9392419172131582,0.0808930994375613,0.018291760491372388,0.6298318723954591,0.6306135855802175
57,1.0290651222227085,0.9311290190795113,0.07961012933733545,0.01832597436179142,0.6396033912918523,0.6409386265455087
58,1.0303817494433918,0.9329834473957052,0.07902584967963192,0.01837245016280502,0.6077022560712746,0.6082471324296141
59,1.0316226524874335,0.9348408454775656,0.0783656259637606,0.01841618142993153,0.6173300761603678,0.6177635930284523
60,1.0288250388505045,0.9318872301344523,0.07847204583440469,0.018465762600336957,0.638453800833453,0.6394903917771488
61,1.0380349969928986,0.9413949249804509,0.07815067410439078,0.018489401360869597,0.6338554389998563,0.63490064054819
62,1.0217016167057573,0.9246672504779713,0.07849958803671189,0.018534779750460573,0.6355798246874551,0.6369997020706093
63,1.0233193752597436,0.9268881043906115,0.07783994872515393,0.018591325965893732,0.6111510274464722,0.6119016833010577
64,1.02869302141442,0.9329435196068802,0.07712029469139121,0.018629211976049293,0.6223595344158643,0.6236980485624907
65,1.0294639940130965,0.9329853348561378,0.07780561036746005,0.018673041315631786,0.6375916079896536,0.6389325189929986
66,1.0257417909166118,0.9294851674466901,0.07755131399298318,0.018705319615627245,0.632849547348757,0.6336074780277074
67,1.022155117810432,0.9262330103304249,0.07717979883737375,0.01874231019854023,0.6108636298318724,0.6121045732161478
68,1.022397022271982,0.9273580377138557,0.07626078180612239,0.018778205697065644,0.615749389280069,0.616998361388351
69,1.0337272409495821,0.9382599583301141,0.07665738403231852,0.01880989874373061,0.644201753125449,0.6454306569343066
70,1.027402656313708,0.9314738485829929,0.07708572703910843,0.018843076616217307,0.597212243138382,0.598496499329659
71,1.0225318054954868,0.9276283554157866,0.07602927586049557,0.018874182478921014,0.6214973415720649,0.6227004319976166
72,1.026124072273601,0.9318374585002159,0.07538124178804566,0.01890537512391904,0.6289696795516597,0.6297259049605245
73,1.0203427258862352,0.9256606320828469,0.07573453781269528,0.018947555943317138,0.6066963644201753,0.607350960822285
74,1.0234319061824586,0.9290469975919623,0.07539403656015006,0.018990875599858473,0.6225032332231643,0.623859228362878
75,1.0220551813602927,0.9272929824688496,0.07573118472274032,0.019031012341924003,0.6334243425779567,0.634514821987189
76,1.0174402856744558,0.9237016686798427,0.07467873241816089,0.01905988865371519,0.6324184509268573,0.6335392521972292
77,1.0194175331084476,0.9265503032074901,0.07376312528392813,0.019104102958876486,0.6202040523063659,0.6216895575748548
78,1.0172233582570782,0.9231372097988104,0.0749373112009301,0.019148838067276585,0.637160511567754,0.6381863548339044
79,1.018895448067867,0.9249751674476275,0.07473882915991993,0.01918145133425174,0.6375916079896536,0.6387798301802474
80,1.0210708935535884,0.9283446947259625,0.07352309758283915,0.019203104193863434,0.634286535421756,0.6358239237300759
81,1.0256530138623665,0.9319190184246758,0.07448688416255585,0.019247108652603182,0.6230780284523638,0.6239786980485624
82,1.0233410663141536,0.9293306536896507,0.07474281021637004,0.019267598241203596,0.6248024141399626,0.6256013704751974
83,1.0228773677361083,0.9294086734887803,0.07417974242051112,0.019288953855678703,0.6335680413852565,0.6347737226277372
84,1.0108087829927515,0.917097788241458,0.07438535674312262,0.019325636637484503,0.6407529817502515,0.642215849843587
85,1.0147484887312637,0.9222198130841536,0.07316644667919588,0.019362234910499057,0.6368731139531542,0.6384075674065246
86,1.0159347804220675,0.9245601224135284,0.0719835653500681,0.019391089888459,0.6298318723954591,0.6306319082377476
87,1.0162241793703222,0.923462304323462,0.07332185566112696,0.019440026594081526,0.6305503664319586,0.6315416356323551
88,1.0145777179808053,0.9226630981462853,0.07245394107227884,0.019460677166452934,0.6404655841356517,0.6418629524802623
89,1.0321197144206458,0.9382997593894774,0.07433659114390033,0.01948336707697096,0.6315562580830579,0.63308520780575
90,1.0112765049571226,0.918781188356926,0.0729962329171841,0.01949907896523932,0.6236528236815635,0.6243607924921795
91,1.0255682529997494,0.9324985146693824,0.07353378636413203,0.01953594916383585,0.6265267998275614,0.6272362580068523
92,1.0150747658415316,0.9227948395115392,0.0727304734085154,0.01954945319770208,0.6411840781721512,0.6420764188887234
93,1.0078772344813982,0.9162402196525928,0.0720478318634861,0.01958919096701163,0.6431958614743498,0.6443573663041858
94,1.0215513651561834,0.9294868318457973,0.07243288448314623,0.019631650082297,0.6286822819370599,0.6295073737524207
95,1.0257334514739338,0.9336296415890851,0.07245941870294609,0.019644387592583624,0.635723523494755,0.6368677193505139
96,1.0137723932527984,0.9208316369069721,0.07326850165091192,0.01967225036712184,0.6327058485414571,0.6335806643825413
97,1.0124356787443538,0.920852772976102,0.07187569421574308,0.019707208016989285,0.6236528236815635,0.6249104722180843
98,1.0076925770649539,0.916042250863333,0.07190585629336022,0.019744468670065914,0.6439143555108493,0.6447662743929687
99,1.0097534137136002,0.918882378149108,0.07108389937272958,0.0197871351684989,0.6345739330363558,0.6354378072396842
100,1.009550946730789,0.9187971767996864,0.0709432465499255,0.019810522945159073,0.6331369449633568,0.6338687621033816
101,1.005090753354463,0.9141687470480087,0.07106712304311574,0.019854881187368525,0.6446328495473488,0.6458897661254284
102,1.006547379466305,0.916162729948515,0.07048479404248525,0.019899848255982327,0.6391722948699525,0.6404978400119171
103,1.0003327166559641,0.9102913999560921,0.0701072020031954,0.019934112116167697,0.6321310533122575,0.6335711306420378
104,1.010430651460336,0.920638905480806,0.06981203571563652,0.019979713318160442,0.6335680413852565,0.634755399970207
105,1.020015891118371,0.9295854168747465,0.07043499299028616,0.01999548450433535,0.6476505245006466,0.6488958736779384
106,1.015742201917489,0.9244864291116276,0.07123985236160267,0.02001592320543816,0.6383101020261532,0.6392986742142112
107,1.0065512131609988,0.9160094252004759,0.07050016359027937,0.02004161168717973,0.6370168127604541,0.6376709369879338
108,1.0045547344369747,0.9145469913573113,0.0699342703809425,0.020073467152808003,0.6390285960626527,0.6402206167138388
109,1.0117183190376051,0.9217268829802052,0.06987204052586034,0.020119392673734842,0.64290846385975,0.6437907046030091
110,1.008235626187128,0.918963226458005,0.0691413117805797,0.02013108792124183,0.6388848972553528,0.6396196931327276
111,1.0075075330876777,0.9181484680680095,0.06919686268211558,0.020162201372103318,0.6268141974421613,0.6284747504841353
112,1.0101942883978152,0.9196516940572821,0.07034926210575738,0.020193336958972727,0.6421899698232505,0.6430092358111127
113,1.004491877095044,0.9153245250920761,0.06894260437422776,0.02022475401885226,0.6281074867078603,0.6296077759570983
114,1.0057249707143734,0.9162007513394351,0.06927280811070197,0.02025140532941367,0.6246587153326627,0.6254462982273201
115,1.0055571975319495,0.9163487538693195,0.06893122703466527,0.020277221444504393,0.6249461129472625,0.626458811261731
116,1.005000784986748,0.915798885526971,0.06889089309337547,0.020311012131260086,0.6465009340422474,0.6474598540145987
117,0.9995767795109409,0.9111968754077544,0.06803866673781793,0.020341238705809388,0.6292570771662596,0.630933859675257
118,1.002706190672632,0.9136295007775442,0.06868966461033087,0.020387029399759966,0.6381664032188533,0.6394001191717563
119,1.0027513183607317,0.9147146624692436,0.06762477114875866,0.020411879563778275,0.6459261388130478,0.6467357366304186
120,1.0008627013376277,0.9121191363376453,0.0682937840904753,0.020449785693124514,0.6381664032188533,0.6395283777744674
121,1.0171444593344052,0.9283028410107672,0.06836583562230632,0.020475787568994253,0.6408966805575513,0.642438105169075
122,1.0002907636710703,0.9107230333936576,0.0690787594477958,0.02048896938853607,0.6360109211093548,0.6366159690153433
123,1.0005819719402007,0.9121429104112246,0.06793014433773997,0.020508904616307094,0.6407529817502515,0.6417944287203933
124,1.0037883961743743,0.9148465975260388,0.06839493912006182,0.020546857656260336,0.6351487282655554,0.6357710412632206
125,1.0055795266190075,0.9174245297951609,0.06759207080747225,0.02056292040863202,0.6454950423911482,0.6465636824072695
126,1.005143510222966,0.9160407735948882,0.06850410263194728,0.020598634122466028,0.6322747521195574,0.6339460747802771
127,1.0064302285283886,0.9175522279801048,0.06825408561015749,0.020623912750006596,0.621353642764765,0.6227957694026517
128,0.9995670880475149,0.9104397213481285,0.06848731850914819,0.02064004602620812,0.6322747521195574,0.6333414270817818
129,0.9959650606169648,0.9075416948949834,0.06774378585171333,0.02067958247834606,0.6450639459692484,0.6461839713987784
130,0.995319129655306,0.9071854261218654,0.06741067297025426,0.0207230281397938,0.6433395602816496,0.6444635781319829
131,0.9999348223423509,0.912284936031608,0.06689262221725119,0.020757265708283852,0.6311251616611582,0.6327787874273797
132,1.011066043697258,0.9222912254270457,0.06799408239500501,0.020780736292489027,0.6403218853283518,0.6418605690451363
133,1.0083688661822268,0.9195837072555936,0.06798978704375121,0.020795368477445186,0.6387411984480529,0.6395928794875615
134,1.0026895086010532,0.9137270923986023,0.06815547189449232,0.020806937618870334,0.604253484696077,0.6062538358409056
135,1.0066114905271435,0.9177183885652455,0.06806196685425936,0.020831134925630008,0.637160511567754,0.638155817071354
136,1.0028467216545145,0.9144621739734914,0.06753612757007492,0.0208484175620232,0.6355798246874551,0.6368164754953076
137,0.9956857220060028,0.9077751840183594,0.06703015294379416,0.02088038138574157,0.6452076447765484,0.6461741397288844
138,0.9997155165292011,0.9115567553881034,0.06724417808433943,0.020914576269974224,0.6364420175312545,0.6375087144346789
139,1.0009953149143762,0.9132335954466879,0.06682052942832528,0.02094118205506854,0.652967380370743,0.6541510502011023
140,1.0025195332843864,0.9141247571499668,0.06744148538645048,0.020953295771142313,0.6465009340422474,0.6474415313570684
141,1.0013352874572772,0.913162723100122,0.06719600245354418,0.02097655752014499,0.635723523494755,0.637331893341278
142,0.9939424633071895,0.9057689308006713,0.06715854711510495,0.02101498391580429,0.6440580543181491,0.645012959928497
143,1.0046589931446102,0.9168033976804287,0.0668219225541376,0.021033675581824937,0.638597499640753,0.6398286906003277
144,0.9987181031270554,0.9105488149097792,0.06711374503311575,0.021055541374244334,0.6212099439574652,0.6218772530910174
145,1.002732880431733,0.9146168477097741,0.06703660121413205,0.02107943446172142,0.6161804857019687,0.6177689557574855
146,0.9998443484357726,0.9108407821424358,0.06790688395808528,0.021096679968335176,0.6311251616611582,0.6316916430805899
147,0.999131189824384,0.9108785589136326,0.06712433037135704,0.0211283009438285,0.6388848972553528,0.6403159541188739
148,1.0015334358398968,0.9135646691077707,0.0668211969239031,0.021147559140370586,0.6206351487282655,0.6216234172501116
149,0.9945747469122134,0.9071166500618342,0.06629272820788017,0.0211653620173815,0.6327058485414571,0.6337028154327425
150,0.9945346358213331,0.9068943655410363,0.06644202913124854,0.021198237060008077,0.6380227044115534,0.6393000148964696
151,0.994679221666344,0.9075294107365734,0.06592604390316473,0.021223769959087497,0.6401781865210519,0.6409481602860122
152,0.9893111597448437,0.9018602092421283,0.06618654098935058,0.021264413988638205,0.6419025722086507,0.6429922538358409
153,0.9970798974476389,0.9097920418265291,0.06599776810408495,0.02129009131324507,0.644201753125449,0.6451680321763742
154,1.0006869238740943,0.9130819363315861,0.06628312518142183,0.02132185930307226,0.6214973415720649,0.6226882168925965
155,0.9968225440171827,0.9089248825856574,0.06655689968616049,0.021340764788657807,0.6423336686305504,0.643604051839714
156,0.9980438727297168,0.9106026442935882,0.06607747485855561,0.021363744474460312,0.6482253197298462,0.6492779681215552
157,0.9983602627064754,0.9110205461794249,0.06595675031105701,0.021382963718459137,0.6450639459692484,0.646135110978698
158,0.9927507278339875,0.9056749804332725,0.06567014957775345,0.021405603564533717,0.6361546199166547,0.6375283777744675
159,0.9923333814901634,0.9047707885670788,0.06611323838416214,0.02144935792374926,0.6394596924845524,0.6406247579323701
160,1.0013243777687855,0.9146079878591912,0.06525040857728348,0.02146598075229189,0.6406092829429516,0.6418409057053479
161,0.9940290526936736,0.9065021441780745,0.06603598906756955,0.021490916034295343,0.6446328495473488,0.6459080887829585
162,0.9919205665554118,0.9048958288850687,0.06551161785931882,0.021513129323924355,0.6183359678114672,0.6192766274392969
163,0.9910721532708184,0.9038577417838092,0.06566633282700118,0.021548075703972287,0.6232217272596637,0.6249949352003575
164,0.994197586706819,0.9071476724336571,0.06547625454948078,0.02157366738089509,0.6236528236815635,0.6240676299716968
165,0.9936265576363706,0.9066899108431055,0.06533489028669874,0.02160176232977492,0.6498060066101451,0.6509532250856547
166,1.0001090192592663,0.9131162287534902,0.06537296641406562,0.021619823161057056,0.6482253197298462,0.6495283777744675
167,0.9893820973062056,0.9019011057970048,0.06583797432967242,0.021643025105740683,0.6253772093691622,0.6259834649188143
168,0.9917683738078652,0.9045721301060844,0.06552488790973025,0.021671358080007235,0.6252335105618624,0.625932221063608
169,0.9865236003468444,0.8997683805336056,0.06505636588854598,0.02169885688046089,0.6447765483546487,0.645641739907642
170,0.9854603552890245,0.9005593743829964,0.0631732893587101,0.02172770166860896,0.6285385831297601,0.6297248622076569
171,1.0007511842763017,0.9136063843250343,0.06537165461296253,0.021773144786390256,0.6214973415720649,0.6225110978698049
172,0.992612918957432,0.9065961702182762,0.06423848334237889,0.02177827931107598,0.6352924270728553,0.6359566512736482
173,0.9912585337745473,0.9044294941183787,0.06502181482796424,0.02180722078573714,0.6390285960626527,0.6396770445404439
174,0.9871264121401908,0.9006097546629667,0.06467548366365701,0.021841170111563224,0.6273889926713608,0.6288873826903024
175,0.9901178931090181,0.9035257580876779,0.06472656934626882,0.021865562107700402,0.6446328495473488,0.6457248622076568
176,0.9864129371676642,0.9005838692796386,0.06393713831798768,0.021891928766255217,0.6398907889064521,0.6411327275435722
177,0.9856251062187489,0.8988942837968676,0.06479894182799893,0.02193188151623826,0.6240839201034631,0.6258398629524803
178,0.9897321657401972,0.9036007240545237,0.06417235206180408,0.02195908825398605,0.6456387411984481,0.6471401757783406
179,0.990949715480566,0.9049006099672834,0.06406695642169308,0.02198214816869821,0.6440580543181491,0.6452816922389394
180,0.9975778849615861,0.9106646031719426,0.06490373680720574,0.022009543186172206,0.6480816209225464,0.6492084016088188
181,0.9937249588236622,0.9072327653401404,0.06447304667695396,0.02201914176010832,0.6449202471619485,0.6458639952331298
182,0.9865742505307615,0.8998959796972394,0.06463601411712257,0.02204225366989469,0.6433395602816496,0.644518546104573
183,0.9899038498147087,0.9040710461312694,0.06377397696786716,0.02205882012980057,0.6355798246874551,0.6365843884999255
184,0.994718599908738,0.907601231327172,0.06502281365329154,0.02209455215879762,0.6266704986348614,0.6281730969760168
185,0.9914249214808786,0.9043832235011514,0.06492458220305225,0.02211711672231724,0.6421899698232505,0.6436444212721585
186,0.9864453831046525,0.9006313001789192,0.06368650267959788,0.022127582300424935,0.6249461129472625,0.6266970058096231
187,0.9930030299528078,0.906371737908899,0.0644743943819542,0.02215689836429409,0.6453513435838483,0.6464269328169224
188,0.9838529041502424,0.8970860480782561,0.0645771619413738,0.022189688139313647,0.6421899698232505,0.6429664829435424
189,0.9940061992501917,0.9077427737122552,0.0640515499004329,0.022211884849821634,0.6337117401925564,0.634776106062863
190,0.9922929984054478,0.9055378219145676,0.06453265642439741,0.02222252023510848,0.6248024141399626,0.6266213317443766
191,0.9916454986313805,0.9049986351630969,0.06440218127883873,0.022244677939808888,0.6360109211093548,0.6371534336362282
192,0.9920866335923515,0.904920374727023,0.06490657830811349,0.022259679641818193,0.6410403793648513,0.6420679279010875
193,0.9845490642518281,0.8983770083346437,0.06388333212958446,0.02228872370007506,0.6403218853283518,0.6413536421868018
194,0.9842027411719201,0.8981924855361332,0.06369400134582871,0.022316252955673566,0.6463572352349476,0.6476406971547745
195,0.9832261331483265,0.896942516196509,0.06392318636440206,0.022360418684312728,0.6462135364276477,0.6473879040667363
196,0.987072942260011,0.9014734386678296,0.06321191574341266,0.02238758407422893,0.6407529817502515,0.6416295248026218
197,0.9865288370075985,0.9002350054179171,0.06387585089122415,0.0224179780170405,0.6437706567035494,0.6450448383733055
198,0.986253488199141,0.900546985361867,0.06327263471839209,0.02243387788632663,0.5992240264405806,0.6011377923432147
199,0.9910881859352747,0.9043170363417575,0.06430964183235223,0.022461511589504296,0.6433395602816496,0.6447445255474452
200,0.9818426074267701,0.895933965093909,0.06342577875915281,0.022482860903265678,0.6482253197298462,0.6495161626694473
201,0.9870906095169694,0.9016545879753487,0.06291464783003968,0.022521372624346538,0.6467883316568472,0.647977655295695
202,0.9808644849449966,0.8956251801524907,0.06269279788183334,0.022546499678234737,0.6272452938640609,0.628836138835096
203,0.9903567848679731,0.9039515917080884,0.06382598453750725,0.02257920353550141,0.6459261388130478,0.6469495009682705
204,0.983431172912226,0.8976452188050547,0.06318691399102068,0.022599034070249158,0.635867222302055,0.6370472218084314
205,0.9844176298774749,0.8986580942379091,0.06313378255177819,0.02262575156694429,0.6421899698232505,0.643369581409206
206,0.9891893004596807,0.9034463559815485,0.06309555099966849,0.022647393819194686,0.641471475786751,0.6424232086995383
207,0.98572551609713,0.8996103928338901,0.06344246834126813,0.02267265756966345,0.6477942233079466,0.6489410099806345
208,0.9812281135684339,0.894837976821042,0.0636860740228252,0.022704066954395745,0.6338554389998563,0.6342593475346343
209,0.9905384260958203,0.9051202920545602,0.06270060641149078,0.02271751865031545,0.6279637879005604,0.6295504245493817
210,0.9871314404801846,0.9007631061165853,0.06362525169419256,0.022743080676679024,0.6407529817502515,0.641989870400715
211,0.9839900729813476,0.8983008720902538,0.06293175359811826,0.022757445338523016,0.6502371030320448,0.6513329360941457
212,0.9793991521525476,0.8936643868552009,0.06294429249861302,0.02279046984965696,0.6292570771662596,0.6302009533740504
213,0.9790385098511468,0.8934467881639587,0.06276702180286388,0.022824693325051014,0.6269578962494611,0.6276892596454641
214,0.9873221384449447,0.9018221052406609,0.06264491936154176,0.02285511355795194,0.6161804857019687,0.617939967227767
215,0.9924302945141821,0.9062975000283348,0.06327189862265603,0.02286089564692205,0.6462135364276477,0.6475467004319976
216,0.9823498772142741,0.8965419282737109,0.06292634865584636,0.02288159989366579,0.6177611725822676,0.618112766274393
217,0.9855932101279707,0.9001160536642852,0.06258069702324673,0.02289645987645676,0.6370168127604541,0.6385382094443618
218,0.9800702671258507,0.8943954571976643,0.06273911050292658,0.022935697191370376,0.6404655841356517,0.6414415313570684
219,0.9921291721314256,0.9061799660669796,0.06299283379349734,0.022956373062418923,0.6476505245006466,0.648853120810368
220,0.9856675702670059,0.8999186573845334,0.06278460005059772,0.022964316107496514,0.6401781865210519,0.6412718605690451
221,0.9866694164252141,0.9007684403083194,0.06291901499337035,0.022981953909019748,0.6503808018393448,0.651610159392224
222,0.9820094094706054,0.8960605710809096,0.06293510524538642,0.02301373342963484,0.6493749101882454,0.6505246536570832
223,0.9818046995407721,0.8958245887292461,0.06294456107282556,0.023035557420539143,0.644345451932749,0.6457689557574856
224,0.9876982197711516,0.901835259820456,0.06280827743900218,0.023054675861415824,0.6407529817502515,0.6416967078802324
225,0.9816704263014259,0.8957993127368171,0.06279541467058022,0.02307569605683369,0.6492312113809455,0.6504611946968568
226,0.9845237106337494,0.8988669298044274,0.06255256945947443,0.02310420711137882,0.6452076447765484,0.6462718605690451
227,0.980563712250246,0.8946057144535874,0.06283007982547109,0.023127910051131354,0.6334243425779567,0.6346125428273499
228,0.980594110293607,0.8950178575577415,0.062427407655480056,0.023148846033522155,0.6457824400057479,0.6465989870400716
229,0.9896142057585192,0.9040954067440172,0.06234491753743493,0.02317388316198599,0.6477942233079466,0.648751675852823
230,0.982277241310249,0.8960638451565954,0.06301979318032029,0.023193598978241758,0.6374479091823538,0.6389179204528527
231,0.9812635859122032,0.8963042486328934,0.06174987778795624,0.023209459908099965,0.6479379221152465,0.649102189781022
232,0.9784581864046321,0.8939140865148048,0.061306488501741245,0.023237615856132574,0.6088518465296738,0.6108130493073142
233,0.9831151424819221,0.8969714661784719,0.06286772859368041,0.023275947984924158,0.6446328495473488,0.6456760017875763
234,0.9819788033976982,0.896455195001837,0.06222819406413402,0.023295410431922552,0.654404368443742,0.6555246536570832
235,0.9842397003256739,0.8987919166780508,0.06213713521042814,0.023310655156796322,0.6436269578962495,0.6445904960524356
236,0.9819927588672641,0.8963116136822383,0.06234229583882587,0.02333884347427729,0.651386693490444,0.6525124385520631
237,0.9806089688347818,0.8955460686093689,0.06170520805200381,0.023357691872023974,0.6475068256933467,0.6485636824072696
238,0.9827423975340576,0.8970785568904425,0.062276505779639314,0.023387329833843548,0.6286822819370599,0.6291409206018175
239,0.9817274129841241,0.8962590735711351,0.06206447324971304,0.02340387080797803,0.607127460842075,0.6075413377029645
240,0.9821912192770729,0.8961956279256218,0.06258443040543887,0.023411156145799843,0.6433395602816496,0.6446590198123046
241,0.9794896396690957,0.8936125877208795,0.06242679204630653,0.023450258501513215,0.6500934042247449,0.6513000148964696
242,0.9784033937707066,0.8928755315954546,0.06206251820141188,0.023465344839184547,0.6220721368012645,0.6225694920303889
243,0.9808679946127732,0.8957644607387306,0.061607578812419454,0.023495958292813184,0.6459261388130478,0.6464731118724861
244,0.9810841121470076,0.8951324786514981,0.06243117346787936,0.02352045608071747,0.6341428366144561,0.6353268285416357
245,0.987461296729888,0.9013792505071053,0.06254917195136134,0.02353287632062545,0.6230780284523638,0.6246199910621183
246,0.9777447578379059,0.8917014664883482,0.062492394640255904,0.0235509041481053,0.6378790056042535,0.6390288991509012
247,0.9779245074341087,0.8916635382088082,0.06268017389172538,0.023580793933714064,0.6411840781721512,0.6426810665872188
248,0.9801395700176243,0.8948730718885658,0.06166516199284012,0.023601335536392536,0.6345739330363558,0.6356943244451065
249,0.9846583422033038,0.8997185783904249,0.06131992794552965,0.02361983312437085,0.6272452938640609,0.6287017726798749
250,0.9906277259133777,0.9041607213064863,0.06282833743294965,0.023638665819850302,0.6319873545049576,0.6335626396544018
251,0.9800643261727082,0.8940898938534639,0.062334218911611415,0.02364021273928609,0.6059778703836758,0.6054579174735587
252,0.9818118350278682,0.8955749462846196,0.0625725218439765,0.02366436730210021,0.6019543037792786,0.6036383137196485
253,0.9838320845279016,0.8972135581818098,0.06293127295055391,0.023687260844780206,0.644201753125449,0.6453512587516759
254,0.9811802007700112,0.8956593625554752,0.061822759997426716,0.023698081269235016,0.6207788475355654,0.6218029197080291
255,0.985927436685473,0.8998891382848485,0.0623280906672107,0.02371021080534637,0.6408966805575513,0.6422060181736928
256,0.9813819630321783,0.8952692206400292,0.06237729457876843,0.02373545350704167,0.6325621497341573,0.6331812900342618
257,0.9803925644719305,0.8949516598718196,0.061680963703751444,0.023759936276817394,0.6437706567035494,0.645215849843587
258,0.9750801235081941,0.8891169599613798,0.062180361710354966,0.023782793930856846,0.6397470900991522,0.6407028154327425
259,0.98224095784996,0.8962763935982762,0.06215290446704293,0.023811663520905302,0.6351487282655554,0.6364245493817966
260,0.9788356062786592,0.8932098669813254,0.06179534843080961,0.02383038749106529,0.6427647650524501,0.6436844927752123
261,0.979039787089864,0.8934958744090185,0.061683771812482406,0.023860132272465934,0.6548354648656416,0.6558005362729034
262,0.9794502954387788,0.8932649158150117,0.06230309894992319,0.023882275872560973,0.6498060066101451,0.650959332638165
263,0.977975849893556,0.8923622879048054,0.061706141153446026,0.023907425956441113,0.6406092829429516,0.6419813794130791
264,0.9745765015609238,0.8888106135085904,0.061826452019207265,0.02393943995675242,0.6437706567035494,0.644660062565172
265,0.9824572620694708,0.8972245689815,0.06127280203130657,0.023959892432168308,0.651386693490444,0.6526529122597945
266,0.9824910235483767,0.896458025019065,0.06205475773436959,0.023978242101657662,0.6407529817502515,0.6415928794875615
267,0.9736899036685529,0.8880566770377079,0.06164037837576106,0.023992849199387992,0.6482253197298462,0.6495772381945478
268,0.9819819421531106,0.8959749510857304,0.06198499977742826,0.024021992936060166,0.6312688604684581,0.632268136451661
269,0.9769280273983886,0.8911338611432988,0.06175451213045613,0.024039656066773763,0.644201753125449,0.6451924623864145
270,0.9792828341807626,0.8935508117334547,0.06166260080838412,0.024069422459836613,0.6420462710159506,0.6433366602115298
271,0.9759665763074938,0.8902696591887191,0.06161013133433088,0.024086789355294375,0.6364420175312545,0.6372644123342769
272,0.9788062869860088,0.8932289710108585,0.06146739597949836,0.02410991578241766,0.6446328495473488,0.6457920452852675
273,0.974062367851903,0.888527253601191,0.06140523387020407,0.02412988338097534,0.6446328495473488,0.6460180247281395
274,0.9752257002686474,0.8905588638030484,0.060512719898323915,0.024154118529222085,0.6439143555108493,0.6449128556532102
275,0.9713394963410689,0.8866044970263797,0.06054604271104802,0.02418896123897517,0.6240839201034631,0.6246366751079994
276,0.9768329252284017,0.8912843936201245,0.06132614204505083,0.02422238941922546,0.6465009340422474,0.647960673320423
277,0.9769422520438664,0.8914195065749139,0.061285416371204986,0.024237329224618385,0.6469320304641472,0.6481021897810219
278,0.980089806777202,0.8945785152242348,0.06125802753426542,0.0242532644244742,0.6362983187239546,0.6378483539401163
279,0.9745039990243255,0.8897713833815203,0.060460801274740655,0.02427180970944427,0.6440580543181491,0.6449579919559064
280,0.9795794803908817,0.8940538029027304,0.06122576705078264,0.02429991253555455,0.6447765483546487,0.6456112021450916
281,0.9733226328578587,0.8877857940124017,0.06120854185179212,0.02432830202700909,0.6084207501077741,0.6103783703262327
282,0.9785833043910971,0.893444455523038,0.060797785938359966,0.024341062569428935,0.6430521626670499,0.6440496052435574
283,0.9780126239380149,0.892464740906044,0.061183458575551956,0.024364429355933158,0.6430521626670499,0.644464918814241
284,0.9727659435994428,0.8876810173636145,0.060700920446454525,0.024384006654182836,0.6351487282655554,0.6360886339937435
285,0.978473378985345,0.8930688022642167,0.06099667913707479,0.024407899494609846,0.6545480672510419,0.6555514673022493
286,0.9789289556147124,0.8930077179955895,0.06149095293380163,0.024430280670958322,0.6465009340422474,0.6478018769551616
287,0.9741894152678708,0.8886770803466887,0.06106150237663259,0.024450829257150888,0.6419025722086507,0.6429250707582302
288,0.9763529682351283,0.8908490083018568,0.06102811776284669,0.024475842000193114,0.6319873545049576,0.6336664680470728
289,0.9770336266409513,0.8918999307096338,0.060636707194142,0.024496985639012276,0.6334243425779567,0.6342521972292567
290,0.9746311947624134,0.8894900057246963,0.06062637255899796,0.024514807475711237,0.6444891507400489,0.6455087144346789
291,0.9710548122581145,0.8862840945752535,0.06022953286976851,0.024541191660903072,0.6416151745940508,0.6424744525547446
292,0.9775034497654084,0.8925199053174104,0.060415735250125585,0.024567815160531647,0.6327058485414571,0.6343624311038284
293,0.9713516087517654,0.8858953062736674,0.0608702869985463,0.024586020777611437,0.6463572352349476,0.6474574705794727
294,0.9753041466619626,0.8904623357981405,0.06023771595464114,0.02460409471780417,0.6489438137663457,0.6503831371964844
295,0.9708405167468236,0.8852804360983786,0.06092306065574805,0.024637010697404413,0.6318436556976577,0.6331510502011024
296,0.9782083117768312,0.892840926683845,0.06071320752556904,0.02465417896594008,0.6253772093691622,0.6263071652018471
297,0.9773559797801991,0.8924841625215267,0.06020714455707215,0.024664671069945493,0.6489438137663457,0.6501205124385521
298,0.9692125886845715,0.8841323919175668,0.06038739100978675,0.02469280332552794,0.6360109211093548,0.6366159690153433
299,0.9697336866640123,0.8843183481139961,0.06069063376150849,0.024724698286513726,0.6383101020261532,0.6395796216296737
300,0.9740309523241087,0.8893141301991457,0.059968599162857704,0.0247482275190149,0.6334243425779567,0.635064501713094
301,0.9794521187893155,0.8941044021327702,0.06058638576401566,0.02476132503479295,0.648656416151746,0.6496515715775361
302,0.9779813559100895,0.8922172590719761,0.060983667295479126,0.024780424909441615,0.6302629688173588,0.6318483539401162
303,0.9711608660770981,0.8864127229147044,0.05994862055839316,0.024799527493878967,0.5697657709441012,0.5718887233725606
304,0.9775278396879844,0.8915659198645871,0.06113463145095755,0.024827288472544513,0.6407529817502515,0.6416478474601518
305,0.9717804574216127,0.8862041561386678,0.060728136016443245,0.02484816560214716,0.6316999568903578,0.6332891404737077
306,0.9733995689813356,0.8875705534004757,0.060956703183923856,0.024872313410564048,0.6292570771662596,0.6304208252644123
307,0.9762152373696524,0.8911662915260358,0.06016549642661776,0.02488344644383292,0.6383101020261532,0.6398422463876061
308,0.9819203018371291,0.8952854797404668,0.06173498186111913,0.0248998330834033,0.6463572352349476,0.647500223447043
309,0.9729229011212226,0.887169526883764,0.06083393926027092,0.0249194298319616,0.6275326914786608,0.6290913153582601
310,0.9811484904823023,0.8955321769927456,0.06068468200828961,0.02493162997407438,0.6436269578962495,0.644419484582154
311,0.9715692095243309,0.886132668157233,0.06048776923524509,0.024948768315290495,0.64290846385975,0.644444212721585
312,0.9708468907522494,0.884601182063295,0.06126798418118858,0.02497771945434717,0.638453800833453,0.6396247579323698
313,0.9794697686419575,0.8938732145589425,0.06059863489591745,0.024997918370467165,0.651386693490444,0.652500223447043
314,0.9724257675579421,0.8870627253815127,0.06034738718199994,0.02501565978206177,0.6516740911050438,0.652743184865187
315,0.9702421378722769,0.8846744662181522,0.060522424555776416,0.025045247383138403,0.6291133783589596,0.6303146134366155
316,0.9718245561308929,0.8861935133477672,0.06056538666662068,0.02506565515908561,0.6512429946831442,0.6524245493817966
317,0.9769210461090824,0.8905950233946245,0.06123671013038037,0.025089318964018496,0.6450639459692484,0.646019067481007
318,0.9749035690001739,0.8885897563044788,0.06120709018126817,0.025106720585937575,0.6355798246874551,0.6365782809474154
319,0.9782939861690644,0.8922272805835961,0.06095284006109627,0.025113868615040665,0.6226469320304642,0.623085952629227
320,0.9776202868517659,0.8907988462867468,0.06169523126528016,0.025126204059761324,0.644345451932749,0.6459338596752568
321,0.9735047863310551,0.8867237218958771,0.0616356739946987,0.025145385502689716,0.6407529817502515,0.6418127513779234
322,0.9733200131656281,0.886704219948168,0.061443474277573455,0.025172319550151232,0.6352924270728553,0.6366834500223447
323,0.9764185369845556,0.8902174681660635,0.06101304576558909,0.02518802154865445,0.647219428078747,0.648479517354387
324,0.9688813135376914,0.8827232640696456,0.06094566715943058,0.025212373053739343,0.6454950423911482,0.646178906599136
325,0.9704277021546768,0.8839849464971112,0.06119661364516473,0.0252461491238563,0.644345451932749,0.6455063309995531
326,0.9781210414379009,0.8919305693728089,0.06093221394079378,0.025258263603028405,0.6508118982612444,0.6517822136153731
327,0.9675886445234589,0.8811588316217958,0.06114589718544786,0.02528391996317467,0.6480816209225464,0.6492206167138388
328,0.9714050458104193,0.8847466559738311,0.06133715730716672,0.025321239359566563,0.651386693490444,0.6524086101593921
329,0.9688704807211191,0.8828470222924971,0.060683902494908064,0.02533955328950193,0.6337117401925564,0.6345623417250111
330,0.9762789312151078,0.8898422778432166,0.06108204711387599,0.025354611710247114,0.6176174737749677,0.6184157604647699
331,0.9716631485001248,0.8853182721401807,0.06096771342152836,0.025377160737180972,0.6454950423911482,0.6463010576493371
332,0.9658585452951222,0.8798906253336284,0.060571072720294196,0.025396844156151753,0.6417588734013507,0.642757783405333
333,0.9765751898365813,0.8899976745609717,0.061160876553113266,0.025416636215326156,0.6489438137663457,0.6498517801281096
334,0.979121110223117,0.8930588238950878,0.06062921437574437,0.025433068582982162,0.6387411984480529,0.6397333531952928
335,0.9671302439409659,0.8811698898722307,0.06050430524910656,0.02545604738604236,0.6453513435838483,0.6462681364516609
336,0.9705108762695317,0.8842672760210121,0.06075170621937557,0.025491888477610334,0.6470757292714471,0.6481473260837182
337,0.9674794134317347,0.88092304342419,0.06103906164274748,0.025517307431467188,0.6335680413852565,0.6350180247281395
338,0.9763324670295535,0.8896716646395088,0.061127473419404506,0.025533325517292354,0.6354361258801552,0.6362583047817667
339,0.9711239528066726,0.8847380713546973,0.0608372705375511,0.025548608521277116,0.6433395602816496,0.6446956651273649
340,0.9681843358443581,0.8816657037909028,0.060941804651150094,0.02557682805218339,0.6365857163385544,0.6376393564725159
341,0.9718390601276409,0.8857667325539637,0.06047254598552699,0.025599779803929513,0.6541169708291421,0.6552022940563088
342,0.9685702773153928,0.8825217643711207,0.060424770289457364,0.025623741766719197,0.6502371030320448,0.6509664829435424
343,0.9750499327834746,0.8888969457103254,0.06050664286635991,0.025646343388553067,0.6332806437706567,0.6345674065246536
344,0.9726717267113182,0.8863629252510794,0.060645939137469185,0.025662863868505366,0.6398907889064521,0.6406258006852378
345,0.9704580271718557,0.8838594570586797,0.06091328490301185,0.025685286353607086,0.6430521626670499,0.6441595411887383
346,0.9783851338762167,0.8916087667050248,0.06107798026654377,0.02569838717284345,0.6272452938640609,0.6276634887531655
347,0.9666892054146401,0.8799132194853425,0.06105845169684705,0.025717528486595722,0.6403218853283518,0.6418056010725458
348,0.967235546128163,0.8809830238377505,0.06050733366976063,0.025745194132571883,0.6380227044115534,0.6394954565767913
349,0.9737143765956716,0.8874066220067804,0.06053833675775947,0.025769411703593894,0.6525362839488432,0.6536980485624907
350,0.9710886329733652,0.8840389837391641,0.06124739724629346,0.025802254810916452,0.6378790056042535,0.6391754804111426
351,0.9659521037998822,0.8797531305227596,0.060385386643010255,0.025813591806907253,0.6510992958758443,0.6518663786682557
352,0.9712578755700223,0.885485073815716,0.05993034695596989,0.025842453707087175,0.6404655841356517,0.6417469089825713
353,0.9645547033435466,0.8782231506387946,0.060456117333793184,0.02587543119867654,0.6459261388130478,0.6472976314613437
354,0.968005204452559,0.8820710491390642,0.060033575017800156,0.02590057979677665,0.6466446328495473,0.6476943244451066
355,0.9657642073219476,0.8789265645888195,0.06091034380050719,0.025927293326216946,0.649949705417445,0.651016684045881
356,0.9684293158764571,0.8821711941412218,0.060309000638221116,0.025949121614400727,0.6535421755999425,0.654398778489498
357,0.967190991446348,0.880592760571736,0.0606245091146163,0.02597371532116955,0.6404655841356517,0.6416491881424103
358,0.9715310817289702,0.8851156481502214,0.06042508966819293,0.025990342999174004,0.6512429946831442,0.6522718605690451
359,0.9698310464958912,0.8827787563707966,0.06103044910936421,0.026021838787461872,0.6421899698232505,0.6432413228064949
360,0.9661078682437781,0.8799918397933455,0.06008551658197696,0.026030520945605422,0.6447765483546487,0.6458432891404736
361,0.9652291777353551,0.8786619227411144,0.06049786617770365,0.026069389305819313,0.652967380370743,0.654120512438552
362,0.9668179590274829,0.8811401781430788,0.05958819745116783,0.026089585139300396,0.6377353067969536,0.6388432891404737
363,0.9696418114101806,0.882813312469808,0.060707690468600535,0.02612080874077024,0.6477942233079466,0.6486478474601519
364,0.9757459049321469,0.8890280152107214,0.0605891866352233,0.02612870081805227,0.6305503664319586,0.6313828392670936
365,0.9680285199241129,0.8807292510284948,0.06115098118103258,0.02614829129426879,0.6467883316568472,0.648002085505735
366,0.9671852814772637,0.8813378648059706,0.05968066907585104,0.02616674824879976,0.6462135364276477,0.6476322061671383
367,0.9664988132159692,0.8796966482055035,0.06060683110576026,0.0261953330548853,0.6370168127604541,0.6375365708327126
368,0.9709972538538989,0.8845941398588811,0.06019146833046875,0.026211644028344104,0.6545480672510419,0.6553926709369879
369,0.9630840737204011,0.876417840472719,0.06042412701870522,0.02624211396434763,0.638597499640753,0.639523312974825
370,0.9691227647075881,0.882525840415782,0.06032946751320357,0.026267451865973016,0.6508118982612444,0.6516967078802324
371,0.9672665032337993,0.8808989150545723,0.060082354727516336,0.026285229121776624,0.6375916079896536,0.638639356472516
372,0.964032166150473,0.876741772565473,0.06097022302364169,0.0263201687522452,0.6436269578962495,0.6448775510204082
373,0.9696012968166684,0.8825261551238525,0.060731372116544426,0.026343766641648513,0.624371317718063,0.6260950394756443
374,0.9646406924695458,0.8773537745745056,0.06092264489804059,0.026364275401655944,0.6253772093691622,0.6267408014300612
375,0.97471613739393,0.8879725482378528,0.060366202669892954,0.026377392479624447,0.6526799827561431,0.6539019812304484
376,0.9623596385423265,0.8751684455697539,0.06079642050463949,0.02639476945783013,0.6380227044115534,0.6388480560107255
377,0.9640200750497862,0.876637277983098,0.060960623791529917,0.026422173353314895,0.6480816209225464,0.6487564427230746
378,0.9646671292836304,0.8779965348842587,0.06022658456132439,0.026444005928071754,0.6480816209225464,0.6496420378370326
379,0.9673811970368287,0.8801454429157781,0.06076232466821545,0.02647343053444867,0.6473631268860468,0.6482314911366007
380,0.9639811314185266,0.8769202444604424,0.06056552677479416,0.026495367324991224,0.6388848972553528,0.6396563384477878
381,0.9689052070775137,0.8820681445196727,0.06031982580132655,0.026517233904063024,0.6480816209225464,0.6489457768508864
382,0.9684164988992885,0.8808594024940235,0.061017847843045286,0.026539256261724015,0.6367294151458542,0.6379837628482049
383,0.9680857671833463,0.8814585059602844,0.060064088942367706,0.02656317976633825,0.6375916079896536,0.6386760017875763
384,0.9656698725349963,0.8784300481164776,0.06065047911968805,0.026589347827948875,0.6465009340422474,0.6472338745717264
385,0.9681966400708356,0.8815313259200951,0.060059122683407844,0.026606198806031406,0.6480816209225464,0.6490434976910472
386,0.9620298526036635,0.8749303804987,0.060467299255943276,0.026632173007474856,0.654404368443742,0.6556651273648146
387,0.9717054381626128,0.8842574697079407,0.06079273318724911,0.026655238326240123,0.6506681994539445,0.6517370773126769
388,0.968846520065045,0.8818859646316575,0.06028917822989518,0.026671372038191945,0.6459261388130478,0.6469311783107404
389,0.9640646488403757,0.8766410434737701,0.06072724834063098,0.02669636027028008,0.6483690185371461,0.6496345896022643
390,0.9646102903149288,0.8773139961184844,0.06057371476480186,0.026722582038917544,0.632849547348757,0.6330272605392523
391,0.9660589870732994,0.8793047226474003,0.060020445767730655,0.026733815667872148,0.6408966805575513,0.6421266199910621
392,0.9656380188501091,0.8781559721613978,0.060723517669833485,0.026758531356351627,0.6408966805575513,0.6420166840458811
393,0.966089946988294,0.8790392258983009,0.060267733486819186,0.026782987590861538,0.6401781865210519,0.6412046774914346
394,0.959851386235661,0.8724260355724242,0.060611933354678585,0.026813414413013548,0.6410403793648513,0.6421961865037985
395,0.9647055558216847,0.8778541710616905,0.060009459393610985,0.026841927215377735,0.6440580543181491,0.645568747206912
396,0.9634066860400701,0.8760838566334841,0.06045359121974146,0.026869234094860087,0.6334243425779567,0.6351316847907045
397,0.965248841752196,0.8778552380696266,0.06050106730643472,0.026892541562847955,0.6454950423911482,0.6469057053478326
398,0.9658304893485704,0.8784418868374458,0.06047834640545207,0.026910254380069238,0.6480816209225464,0.6490007448234768
399,0.9679366593423255,0.8795904067762111,0.06141053609424734,0.02693571588783313,0.649949705417445,0.6509372858632504
400,0.9630260375968203,0.875482476208124,0.06058463290010415,0.026958933941894674,0.6521051875269436,0.6534649188142411
401,0.9585497791798983,0.8713487180541141,0.0602252478469744,0.02697581628275673,0.6479379221152465,0.6490533293609415
402,0.9652844643452366,0.8783134518126713,0.059968157715689675,0.027002855673387383,0.6469320304641472,0.6478517801281097
403,0.9659556424520125,0.8781473313551008,0.06078712907443788,0.027021175603454423,0.6492312113809455,0.6503085058841054
404,0.9601906598308063,0.8726293772506138,0.060516215742002666,0.02704506404569418,0.6282511855151602,0.629610159392224
405,0.9646271269697279,0.877304043033579,0.06024887616850381,0.02707419997981301,0.6400344877137519,0.6409885297184567
406,0.9632851691711289,0.8759147581106493,0.06027521052238396,0.027095196829400266,0.6194855582698664,0.6201018918516311
407,0.9646468819738,0.8768147358710712,0.06071523840084537,0.027116913151974,0.6519614887196437,0.6529983613883509
408,0.9652947844882038,0.8779902313611754,0.06016320020403648,0.02714135161707937,0.6427647650524501,0.6441242365559362
409,0.958756220059793,0.8712992094546013,0.060294935427031175,0.027162074803436673,0.6446328495473488,0.6459141963354684
410,0.9575832304315228,0.8711768153892678,0.05922113257584892,0.02718528210988314,0.6516740911050438,0.6528836585729182
411,0.9671562871708235,0.8799819929501435,0.05995207334202003,0.02722222029382315,0.6308377640465584,0.6317051988678684
412,0.962913596530741,0.8759155270867965,0.05976728187722197,0.027230786845379218,0.6510992958758443,0.652251154476389
413,0.9652790695553043,0.8774041991446926,0.060617973079672316,0.027256900881983064,0.644345451932749,0.6457933859675257
414,0.9630212620391057,0.8763684390656374,0.059378619442697504,0.02727420372080916,0.6434832590889495,0.6442766274392968
415,0.9589568743470722,0.871975831480817,0.05968564721088006,0.027295394873005387,0.6240839201034631,0.6258520780575003
416,0.9636374226862165,0.8757730284321666,0.060536608723049654,0.027327797030739648,0.6477942233079466,0.6489349024281247
417,0.9632995998590461,0.8762054330985048,0.05975019870445567,0.02734396531631899,0.6480816209225464,0.6494099508416504
418,0.9651180362972074,0.8767122766001675,0.06104415811074758,0.027361606145343196,0.6365857163385544,0.6378714434678981
419,0.9601478768004856,0.8728284598390404,0.05994298705492045,0.027376430208445074,0.6430521626670499,0.6438053031431552
420,0.9650977563457185,0.8770114691166001,0.06067844049504287,0.027407848897302675,0.6489438137663457,0.6500411142559213
421,0.9603610972098054,0.8733768841113351,0.0595601926330075,0.027424017451344884,0.6341428366144561,0.6351924623864145
422,0.9647399821506182,0.8773381616350118,0.0599545667309034,0.027447254625958074,0.6535421755999425,0.654502606882169
423,0.964659027471541,0.877519852403492,0.05967386852923627,0.027465310381070467,0.6548354648656416,0.6558432891404736
424,0.961670622904079,0.873837137739623,0.06033875270211195,0.027494725633537328,0.6479379221152465,0.6493770296439744
425,0.9596203738098977,0.8719602858288772,0.06014619840629948,0.027513888275499984,0.6541169708291421,0.6552145091613288
426,0.9613022503881623,0.8737026185786558,0.060057123240502615,0.027542505089425375,0.64290846385975,0.6440350067034114
427,0.9620506102745175,0.8739307441490788,0.06056338733452664,0.02755648123544983,0.6331369449633568,0.633819901683301
428,0.9671718069989373,0.8793079919523165,0.06028532514806057,0.027578490486073845,0.6390285960626527,0.6395671085952629
429,0.959126702677777,0.8708674335191948,0.060662983336279425,0.027596283329050935,0.6489438137663457,0.6500472218084313
430,0.9587866512073288,0.871250220843303,0.05991441503066512,0.027622015735653475,0.6541169708291421,0.6550740354535974
431,0.9624926061838552,0.8749874553592714,0.05985628111379759,0.02764886781120415,0.6312688604684581,0.632054372113809
432,0.9592399948509042,0.8717594527447938,0.059818017875039896,0.027662529695347084,0.6531110791780428,0.6540740354535975
433,0.9550614539003351,0.8678229383001178,0.05954186800122689,0.02769664528346478,0.6171863773530679,0.6188056010725458
434,0.9640754990526992,0.8768236673088967,0.05953551113085168,0.02771632413910216,0.6416151745940508,0.6427309697601669
435,0.9643874368991021,0.8771075712382271,0.059550569660534444,0.027729297948101587,0.6519614887196437,0.6532793088038135
436,0.9676714998703781,0.8795665153947981,0.0603529030221866,0.027752081154149604,0.6308377640465584,0.6319250707582302
437,0.962417605451202,0.8748253288497218,0.059837506012034185,0.02775476853810074,0.6456387411984481,0.646523312974825
438,0.9633360045671223,0.8753879603374825,0.06016874149653706,0.027779305009014786,0.64290846385975,0.6435219722925666
439,0.9615471976843866,0.8732626678306732,0.060485170447786986,0.02779936765440109,0.6403218853283518,0.641494115894533
440,0.9603287356906041,0.8718937893916965,0.06061474832942096,0.02782019905511513,0.6311251616611582,0.6321130642037838
441,0.9615736047775174,0.8741133155485631,0.05962860615200516,0.027831682107217405,0.6427647650524501,0.6437394607478026
442,0.964329557457195,0.8755783089654064,0.06090102620601637,0.02785021801820293,0.6368731139531542,0.6379311783107403
443,0.959667138540123,0.8714269649059133,0.06036465142293212,0.027875521326661625,0.6322747521195574,0.6331887382690302
444,0.9604379996038542,0.8726309353309316,0.059913180721917016,0.027893883511927266,0.6518177899123437,0.6529715477431849
445,0.9606971118895208,0.8726734528255148,0.060108898640351315,0.027914759572496325,0.6531110791780428,0.6539946372709668
446,0.9585462931175824,0.8702920058161076,0.06031366036130207,0.027940627701397446,0.6332806437706567,0.6340360494562789
447,0.9631713486759291,0.8751572407359175,0.06005575694598794,0.027958345311336653,0.6475068256933467,0.6487896618501415
448,0.9655676005489269,0.8772631771418191,0.06033591591041224,0.02796850314561638,0.6373042103750539,0.6385490838671234
449,0.9580964443241322,0.8699420556578079,0.06015791677988831,0.027996465545840895,0.6490875125736456,0.6503427677640399
450,0.9659779381008562,0.8777139837979276,0.060250022766177795,0.028013926698262963,0.6210662451501653,0.6229131535826008
451,0.9615597065571894,0.8734688180190836,0.06006668208006093,0.0280242024642916,0.648656416151746,0.6498286906003278
452,0.9662851389496984,0.8783633262796946,0.05988635600495397,0.028035448999805927,0.6519614887196437,0.6530960822285118
453,0.9637335916328814,0.8747983168109872,0.06087905390798095,0.028056218194756413,0.6523925851415433,0.6536406971547744
454,0.9596170386563672,0.8708586698634337,0.06069132980943703,0.02806703904050788,0.6430521626670499,0.6441045732161478
455,0.9604738535835133,0.871808100173247,0.060568508196513465,0.028097243331836323,0.6521051875269436,0.6530801430061076
456,0.9583292919631182,0.8707622532564293,0.05945526707699577,0.02811176521950651,0.6322747521195574,0.6339216445702369
457,0.9627707355202983,0.8740818375125495,0.06055232700812164,0.02813656688167979,0.654260669636442,0.6552413228064948
458,0.9572714524530169,0.8689185397380692,0.06019245675132096,0.028160455971924132,0.6436269578962495,0.6446943244451065
459,0.962030373773864,0.8736343093688571,0.06021597613795322,0.028180092474934717,0.6498060066101451,0.6507455683003129
460,0.9610948923213469,0.873141657879579,0.05975229707391959,0.02820093472336863,0.6354361258801552,0.6368018769551617
461,0.9599043529837754,0.8713402781768818,0.060341895903890407,0.028222179532271637,0.6510992958758443,0.6520496052435574
462,0.9654039253292969,0.8775083376666153,0.059665893079379216,0.028229696695138914,0.6417588734013507,0.6432280649486072
463,0.9611568942222809,0.8727642311534588,0.06013969170152584,0.028252973092096532,0.6449202471619485,0.6459617160732906
464,0.962825433141388,0.873966814166668,0.06059534170878038,0.028263278475226916,0.6390285960626527,0.6399640995084165
465,0.9584391658753906,0.8701979063129027,0.05995283072635281,0.02828843398832019,0.6483690185371461,0.6495857291821839
466,0.959392249652719,0.8710044609573591,0.06008397354414484,0.028303807419859262,0.6005173157062796,0.6008111127662745
467,0.9622809754515674,0.8733885613027738,0.060569201923830786,0.028323209826462588,0.6505245006466447,0.6517346938775511
468,0.9560982695186355,0.8676162808683862,0.06013876215353627,0.028343225146101405,0.6283948843224602,0.6301316847907046
469,0.9617375664488991,0.8727011555124072,0.06067017059415078,0.028366235063820414,0.6450639459692484,0.6460496052435573
470,0.9614034292426906,0.8727465357343979,0.06027586811722258,0.028381023559741272,0.6288259807443598,0.6305907939818264
471,0.9616190355936504,0.8730471420346329,0.0601743748656445,0.028397521234000616,0.6531110791780428,0.6542572620288992
472,0.9541744682223209,0.8657157605347714,0.060040179236423595,0.028418528677566175,0.6535421755999425,0.6546064352748397
473,0.9574211141829827,0.8688681184568869,0.06010141624677094,0.02845158133715207,0.6278200890932605,0.6290716520184717
474,0.9556617006554585,0.8678670337546538,0.059328290412636354,0.028466377988402007,0.6345739330363558,0.6362623268285416
475,0.9576379721715269,0.869107172807446,0.060037269246168805,0.028493529045934274,0.6400344877137519,0.6407808729331147
476,0.9616724042341548,0.8736354260544682,0.059523021958351886,0.02851395839018278,0.6522488863342434,0.6535650230895278
477,0.961172830383571,0.8729077691849595,0.05973970049218399,0.028525357215874993,0.6479379221152465,0.6490166840458811
478,0.9581775214415478,0.8698625384108194,0.05977520267788938,0.028539775105099308,0.6416151745940508,0.6423950543721137
479,0.9598289268474878,0.8714463726972982,0.059816329054644714,0.028566223283219755,0.6533984767926426,0.6545246536570833
480,0.9633380399042889,0.8747879112395495,0.05997636371492517,0.028573762960298375,0.6467883316568472,0.6480204081632653
481,0.957023838133729,0.868642984630219,0.0597875456615184,0.028593313906896917,0.6512429946831442,0.6522840756740652
482,0.9578407830009346,0.8696400725408128,0.059586552072507515,0.028614164727674012,0.6515303922977439,0.6524415313570683
483,0.9580123189160632,0.8698162917930481,0.05956260504513949,0.028633416882597143,0.6381664032188533,0.6397543572173395
484,0.9600190715656864,0.8719581040025254,0.059414000815295305,0.028646965701315558,0.6252335105618624,0.6266406971547743
485,0.9543511968934171,0.8656031987262468,0.06007580033217478,0.02867219626409969,0.6362983187239546,0.6378483539401163
486,0.9612671243234824,0.8730701650759838,0.059511218611849576,0.02868574021354945,0.654404368443742,0.6558605690451362
487,0.9594963442784202,0.8706383323820179,0.06015470027891465,0.028703313797309764,0.6398907889064521,0.641554148666766
488,0.9615065278652705,0.8728204260425401,0.05996989449431266,0.028716209401711254,0.6341428366144561,0.6351680321763743
489,0.9580606447072666,0.8695774392366307,0.05975023938929372,0.028732972023391676,0.6463572352349476,0.6477567406524655
490,0.9582551646496411,0.8695040946206171,0.06000528649836115,0.028745783700091534,0.648656416151746,0.6497126471026367
491,0.9562817152109377,0.8674201223336001,0.06009588532609096,0.02876570367285499,0.6383101020261532,0.6394452554744525
492,0.9564614472914776,0.8676252585749702,0.06004244439921634,0.028793740311225592,0.6489438137663457,0.6501082973335318
493,0.9585578025612171,0.8703223778472102,0.05942606727735444,0.02880935793503517,0.6555539589021411,0.6566491881424102
494,0.9577121803996583,0.8689912656443372,0.059891981684728195,0.028828933389108233,0.6131628107486707,0.6138100700134068
495,0.957662654901171,0.8693551649254515,0.0594729768131841,0.028834512441191954,0.644345451932749,0.6456284820497542
496,0.9571743015842819,0.86863119552697,0.05968875681277767,0.02885434766480559,0.6440580543181491,0.6456542529420527
497,0.9576000346587913,0.869502359781993,0.059225080614310775,0.028872593090404963,0.6574220433970398,0.6585307612095933
498,0.9591324691937596,0.8706083219701282,0.05963845999504852,0.02888569044183984,0.6398907889064521,0.6413525994339342
499,0.9588150587519073,0.8698419456869763,0.06006396212511354,0.02890914870378683,0.6526799827561431,0.6536760017875763
500,0.9588205431672173,0.8698984857074213,0.05999811896006426,0.02892393853961308,0.6509555970685443,0.651998361388351
501,0.9564939897230669,0.8677879440868392,0.05977264511005377,0.028933398276492515,0.6454950423911482,0.6469057053478326
502,0.9572825970055643,0.8686741469303482,0.059650964711628555,0.028957480449619728,0.6272452938640609,0.6278406077759572
503,0.9641830012242947,0.8756329564463049,0.05959318666571018,0.028956857551532173,0.6312688604684581,0.6320726947713392
504,0.9632775175244255,0.874246395093337,0.060072493644808364,0.028958630289190254,0.6535421755999425,0.6546980485624907
505,0.9602999518290729,0.8713195712029514,0.060004822860582584,0.02897554944747266,0.64290846385975,0.6438701027856399
506,0.9531499828513215,0.8648665544972678,0.0592881398312164,0.028995286144143824,0.6348613306509556,0.6365297184567257
507,0.9637284377197165,0.8751620815855142,0.059554703033660776,0.029011647536695422,0.625664606983762,0.6266234172501118
508,0.9600845533192269,0.8702532374956499,0.060802272538491096,0.02902904751839472,0.6447765483546487,0.6454524057798301
509,0.9516063388316586,0.8626034754003357,0.05995926074710432,0.029043598263012574,0.6476505245006466,0.6488775510204082
510,0.9583201703882746,0.8692037791146477,0.06004944598195984,0.029066948514827315,0.6476505245006466,0.6489508416505289
511,0.9558691566900749,0.8667148774357805,0.06006864610835128,0.029085628563338253,0.6426210662451501,0.6437187546551468
512,0.9559290823468465,0.8679303228726656,0.05889915575997756,0.02909960682200219,0.6396033912918523,0.640413377029644
513,0.9600701946896337,0.8711893842350154,0.059759225498792305,0.02912159017278496,0.6298318723954591,0.631444212721585
514,0.9568533104098824,0.8686249817234806,0.059096937050810316,0.02913139405336329,0.6548354648656416,0.6559715477431849
515,0.9549891064094733,0.8664915350631558,0.05934036053467678,0.029157202175059165,0.6518177899123437,0.6532463876061374
516,0.9560527084956036,0.8678428032717189,0.059037247477552984,0.029172652759025162,0.6367294151458542,0.6374462982273201
517,0.9573093723986987,0.8688412110410488,0.05927589127638933,0.029192269092257347,0.654260669636442,0.6553390436466557
518,0.9587211024745783,0.8701170301588124,0.059397072814065574,0.029206998148947238,0.6521051875269436,0.6531778638462684
519,0.9606004514336535,0.8715810326602134,0.059796073784609265,0.029223347727794433,0.6433395602816496,0.6441215551914196
520,0.9576829497645274,0.8687869395173681,0.05965820276278123,0.029237801620217725,0.6367294151458542,0.63742186801728
521,0.9574159856739529,0.868398432468508,0.05975985181329065,0.029257696055016106,0.608564448915074,0.6097455683003129
522,0.9594923487030272,0.8706584437720168,0.05956849046153213,0.029265408624857044,0.6408966805575513,0.6420594369134516
523,0.9609861646100766,0.8712094772100141,0.060496743986328747,0.029279946485666265,0.6482253197298462,0.6490947415462536
524,0.9576523685647181,0.868785990656647,0.059581045399136646,0.029285328659717592,0.6424773674378502,0.6432766274392968
525,0.9625269869206743,0.8732909569196925,0.05994440363737457,0.02929162964484981,0.6535421755999425,0.65461865037986
526,0.9526956326181406,0.8636696581731567,0.05971574001490667,0.0293102388052458,0.6463572352349476,0.6471887382690303
527,0.9571636334920276,0.8680895294398305,0.059744376591232114,0.029329725069959182,0.6325621497341573,0.6336882168925965
528,0.95164448581288,0.8629191163833636,0.059375701790946124,0.02934966991849716,0.6383101020261532,0.6395002234470432
529,0.9582780962326795,0.8692835775115809,0.05962884412680417,0.02936568002698707,0.6430521626670499,0.6441045732161478
530,0.9517905313678472,0.8627778356540201,0.05963252363066715,0.029380167418918763,0.648512717344446,0.6496247579323701
531,0.9519663118891272,0.8632844603854806,0.059277031744116596,0.029404818182210246,0.6561287541313408,0.6570190674810069
532,0.9564548651537242,0.867365254429432,0.059660111211496177,0.0294295021749413,0.6480816209225464,0.6493183375539997
533,0.9584776369177896,0.8697365482556852,0.05930566069534719,0.02943542589346368,0.6495186089955454,0.650508714434679
534,0.9577659874456438,0.8692329819645411,0.05908823976078275,0.029444763424065816,0.6490875125736456,0.649793088038135
535,0.9547452199799967,0.8653729221125002,0.059904493883472694,0.029467804689040075,0.6518177899123437,0.6529226873231044
536,0.9554668550502297,0.8668653209039168,0.059121841864821244,0.029479693568132702,0.6416151745940508,0.6420408163265307
537,0.9519807410010628,0.8633029132263468,0.059185458242546334,0.029492371896677173,0.6174737749676678,0.6192745419335618
538,0.957186268893342,0.8679558063464734,0.05971389510757811,0.029516568697292002,0.6397470900991522,0.6404768359898705
539,0.9524142162127303,0.8634176476537231,0.059466501856620224,0.0295300678490419,0.6397470900991522,0.641313570683748
540,0.9542821642396299,0.8661034372898162,0.0586335000524894,0.029545225670906745,0.6480816209225464,0.6490923581111276
541,0.9530142509555282,0.8643389328455579,0.05910745588145836,0.02956786413023545,0.6433395602816496,0.6445674065246536
542,0.9581697924689737,0.8693457110669185,0.05923825928991957,0.02958581894491618,0.6508118982612444,0.6521364516609564
543,0.9548514685183357,0.8656870277127686,0.05956513934476586,0.029599303783018335,0.6466446328495473,0.6475355280798452
544,0.9577702876051398,0.8681390136972825,0.06001362075593163,0.029617662641003926,0.6469320304641472,0.6476807686578282
545,0.955594997987406,0.8672155579079635,0.05875719768303121,0.029622239528435592,0.6400344877137519,0.6413671979740803
546,0.957334218619284,0.8683073385759817,0.05939444370074234,0.02963243892976035,0.6365857163385544,0.6380180247281394
547,0.957838569911908,0.8681088701577891,0.06007761530656293,0.02965208846031292,0.6554102600948413,0.6564086101593923
548,0.954178402933997,0.8656316672373235,0.05888845275042043,0.029658283634138853,0.6398907889064521,0.6411999106211826
549,0.954939864818898,0.8661561720089282,0.059105426746506616,0.029678260580450404,0.632849547348757,0.6337601668404588
550,0.9567703833729393,0.8675187101804726,0.059559282199681055,0.029692391912465053,0.6430521626670499,0.6445382094443616
551,0.951568657835593,0.8630364269579188,0.05882823241028503,0.02970399867402255,0.644201753125449,0.6455650230895278
552,0.9553650296664578,0.8664137865298266,0.05922329335289194,0.029727949867516708,0.6477942233079466,0.648757783405333
553,0.9529347632324958,0.8640638338901099,0.059127673274407974,0.029743258893395623,0.6467883316568472,0.6478982571130641
554,0.965199840353179,0.8766939586084933,0.058751557510544776,0.029754328556312777,0.6383101020261532,0.6391887382690301
555,0.9521843612596622,0.8638641384419122,0.0585657985419793,0.029754419476093617,0.6426210662451501,0.6432423655593624
556,0.9532040862931587,0.864205192981703,0.05922577556751038,0.02977311418326589,0.6341428366144561,0.6347466110531804
557,0.9546468659779312,0.8656305469714939,0.059221337582444404,0.02979498642040003,0.6493749101882454,0.6503475346342917
558,0.9543986826437029,0.8659637097758044,0.05863291756676212,0.02980205379742318,0.6473631268860468,0.6483597497393118
559,0.95652829274002,0.8674460278106911,0.05926254979772529,0.029819717103454005,0.6459261388130478,0.6467418441829286
560,0.9570928236879414,0.8682782687166501,0.05898074764195727,0.029833807009480382,0.644201753125449,0.6457177119022791
561,0.9582958428283107,0.8689825529595836,0.05947599049702015,0.029837301504688628,0.6413277769794511,0.642494115894533
562,0.9626982610173259,0.8735054973761812,0.059345961188251625,0.029846801960131255,0.6421899698232505,0.6429848056010725
563,0.9571783890719385,0.8675872890458297,0.059735690425684745,0.02985540977012051,0.655697657709441,0.656761507522717
564,0.9511845296168228,0.8620547765732359,0.05925946680336167,0.029870287236990575,0.6417588734013507,0.6424157604647699
565,0.9608024028478502,0.8715444468170563,0.05937475406777963,0.02988319703325456,0.6426210662451501,0.6430102785639803
566,0.9582258874459725,0.8696728710094254,0.058674574975914134,0.029878439080601265,0.6479379221152465,0.6489250707582304
567,0.9546844806114753,0.8654913674108015,0.059301383082984695,0.02989172717744522,0.6539732720218422,0.6550288991509012
568,0.9592897278136401,0.8692873150200179,0.06009248717666477,0.029909934411190726,0.6488001149590459,0.6498555042454939
569,0.9515918677249573,0.8623410781698505,0.059328924662715006,0.029921866723988434,0.6413277769794511,0.6430010427528676
570,0.9539281889220252,0.864764943018712,0.059229948184393935,0.02993329431963885,0.6334243425779567,0.6344842842246388
571,0.9493208491762816,0.860563177412518,0.0588141208088189,0.029943549415632764,0.6512429946831442,0.6522352152539849
572,0.9540611470305794,0.8651471896355891,0.05894969533398193,0.029964262119358275,0.6456387411984481,0.6462667957694027
573,0.9561332578134187,0.8663985002895662,0.05974565761358955,0.02998909841136765,0.644345451932749,0.6454635781319827
574,0.9551781675976264,0.8661727949726391,0.05900940767064196,0.029995964864143902,0.648656416151746,0.6498042603902875
575,0.9496473963189731,0.8606644017392491,0.05897969560209731,0.030003305931965978,0.6505245006466447,0.6514354238045582
576,0.9548400055490224,0.8653430935123354,0.059477676813724754,0.030019243467689624,0.6408966805575513,0.6417418441829287
577,0.9565672050229536,0.8671013654640204,0.0594344476029386,0.03003138774008368,0.6360109211093548,0.6367136898555043
578,0.9583527355945081,0.8691654762654387,0.059150760327156014,0.03003650374136697,0.6519614887196437,0.653218233278713
579,0.9596783401020849,0.8696914943132374,0.0599409246707223,0.030045921995781898,0.6515303922977439,0.6526614032474304
580,0.9544122097803646,0.8655068139814751,0.058853162645026005,0.03005223737245088,0.6466446328495473,0.647529420527335
581,0.9534687254685474,0.863838335634871,0.05955600990875132,0.030074375504522098,0.6476505245006466,0.6489141963354685
582,0.949456071507607,0.8607012264806317,0.058668472406520365,0.030086369404253698,0.6518177899123437,0.6529593326381649
583,0.9510303927420336,0.8616755881054612,0.05924144894353599,0.030113351070817935,0.6515303922977439,0.6527408014300612
584,0.9541627641278516,0.8652476172951519,0.05879300991417194,0.030122138715863982,0.6457824400057479,0.6472219573960972
585,0.9564529308678005,0.8680213935280312,0.058301620819729144,0.03012991511857292,0.6508118982612444,0.6519959779532251
586,0.9550288974305202,0.86511655839837,0.05976138875543652,0.030150957895384762,0.6387411984480529,0.639995977953225
587,0.9562805361712796,0.8671995907752126,0.05892741687372081,0.03015353251261981,0.6526799827561431,0.6541401757783405
588,0.9512524151702708,0.8622179705703682,0.05886657270939464,0.030167868692507635,0.6498060066101451,0.650983762848205
589,0.9532677837188327,0.8642522981838687,0.05883305280638385,0.03018243206157169,0.6467883316568472,0.6479043646655741
590,0.9626518603045462,0.8729104585458465,0.05954103519408537,0.03020036578706231,0.6525362839488432,0.6534598540145985
591,0.9505085228571759,0.86141441229483,0.05889206232171426,0.03020204989610818,0.6440580543181491,0.6448175182481751
592,0.9488225401364313,0.859463797130878,0.059129736677319654,0.03022900812155489,0.6480816209225464,0.6495015641293015
593,0.9461481576764835,0.8576822161828671,0.058225020467014485,0.030240918908073892,0.6450639459692484,0.6456220765678534
594,0.9584932334465206,0.8700471981312801,0.05819439517023886,0.030251638527265274,0.6506681994539445,0.6518103679427976
595,0.9560604388557267,0.8664430509286462,0.059341500414622925,0.030275888233800903,0.6260957034056618,0.6275344853269775
596,0.9550689615417373,0.8656224110445461,0.059168123906843104,0.030278425512214144,0.6408966805575513,0.6419495009682705
597,0.9514338994166652,0.8618497239445317,0.05929274163590986,0.030291434294724966,0.6479379221152465,0.6492670936987934
598,0.9566111121305807,0.8670951344532123,0.05921567572094206,0.030300306040113266,0.651386693490444,0.6526162669447341
599,0.9519532525106004,0.8630071193052616,0.05864056235441344,0.030305575191833314,0.6508118982612444,0.6518005362729034
600,0.9531852175131117,0.8647585771672769,0.05810291834046039,0.030323716839538564,0.6387411984480529,0.6401853120810367
601,0.9530795341011504,0.8644748331829295,0.05827099978088699,0.030333706146856376,0.6281074867078603,0.6296627439296886
602,0.9505463238419567,0.8616993891163314,0.05849870877456333,0.030348227159546392,0.6565598505532404,0.6577591240875913
603,0.9573519462517477,0.867983684070084,0.0590046436057075,0.030363619002873724,0.6339991378071562,0.6350679279010875
604,0.9518614898623535,0.863121811189705,0.05836585514062197,0.030373828449474016,0.6403218853283518,0.640938328616118
605,0.9539168885271857,0.8651322375290831,0.05840704189395319,0.0303776149268225,0.6489438137663457,0.64989453299568
606,0.9499705762060779,0.8612983484072219,0.058274527086379424,0.030397703638266844,0.6479379221152465,0.6491144048860421
607,0.9524766178990356,0.8638012810228953,0.0582644490449914,0.030410882393638282,0.6490875125736456,0.6503061224489796
608,0.9531037627254552,0.8639167334982368,0.058759332571474705,0.030427697118259843,0.635723523494755,0.6370936987933861
609,0.9541983678519409,0.8645573497966268,0.059204757760689335,0.03043626447145727,0.6380227044115534,0.6395931774169522
610,0.9550405534575565,0.8654631389371108,0.05913031090359815,0.03044711210166591,0.6510992958758443,0.6524343810516907
611,0.9488737120472814,0.8593757586294866,0.05903667975540972,0.03046127483179119,0.6421899698232505,0.6436138835096082
612,0.9585279147675332,0.8696553885534176,0.05840540510663991,0.030467120283083217,0.6546917660583417,0.6553950543721138
613,0.9559370308776134,0.8663667176608845,0.05909014582839535,0.03048016331240884,0.6525362839488432,0.6537957694026516
614,0.9545797299920767,0.8647733925060048,0.05931904523941631,0.03048728488600876,0.6391722948699525,0.6398321167883212
615,0.9533085175193681,0.8634666454725215,0.059345384586759295,0.03049649306863251,0.6502371030320448,0.6515467004319976
616,0.9485877863564939,0.8591302380443288,0.05894785541904557,0.030509687183666527,0.6479379221152465,0.6494258900640547
617,0.9525762950060165,0.8640319968643743,0.05802138427676338,0.03052291610572749,0.6456387411984481,0.6467798301802473
618,0.9514498516375485,0.8623510901142356,0.058561326845685956,0.030537435019963997,0.6341428366144561,0.6356505288246685
619,0.9480278187740944,0.8582510415430914,0.059215010842542604,0.030561770577872856,0.6434832590889495,0.6443193803068673
620,0.9502378286070343,0.8612091166994698,0.05845735099084728,0.030571361532870305,0.6457824400057479,0.6466722776701922
621,0.9549893144047591,0.8656621314376434,0.05874348155761231,0.03058370009261672,0.6490875125736456,0.6500434976910473
622,0.9482674183457006,0.859437610109847,0.05823971186422603,0.03059009828245157,0.6508118982612444,0.6519654401906748
623,0.9548336593545294,0.8660975697739814,0.058126322610322766,0.030609773212321396,0.6210662451501653,0.6218931923134218
624,0.9579227124159493,0.8686629125040347,0.05864210089341819,0.03061769594790213,0.6473631268860468,0.6487506330999553
625,0.95246214941326,0.862621109527424,0.05921710654664937,0.03062392684388416,0.6411840781721512,0.6423268285416357
626,0.9526700045223431,0.8632758718949143,0.05875556478053353,0.03063856359377968,0.6421899698232505,0.6436199910621184
627,0.9551746758737686,0.8659361828793601,0.058599246598652746,0.030639250491219683,0.6476505245006466,0.6492378966185014
628,0.9507712207146803,0.8618901785822294,0.05822408585382923,0.03065695842953656,0.6431958614743498,0.6445772381945478
629,0.9519696856798977,0.8630977504502461,0.05820480820403426,0.03066712679917707,0.6462135364276477,0.6474062267242664
630,0.955007926659571,0.8647730807186389,0.05954376342775305,0.030691083396991996,0.6381664032188533,0.6390214509161328
631,0.9581698116377041,0.8683360262598212,0.05914460556247845,0.030689173643702765,0.6413277769794511,0.6428788917026665
632,0.9480578553181541,0.8591988980213379,0.058169926811003754,0.03068902726211687,0.6374479091823538,0.6387041561150008
633,0.9547194182007696,0.8641384889517969,0.05986673939014358,0.03071418603343394,0.6396033912918523,0.6408775510204082
634,0.95593570461217,0.8664579643893472,0.05876166843662644,0.03071606727238016,0.6539732720218422,0.6551876955161627
635,0.9487179252826923,0.8596581987033444,0.0583300162543038,0.030729708563306753,0.6407529817502515,0.6413974378072397
636,0.9490093658806041,0.859626498976424,0.058634817812772196,0.03074804621647317,0.6401781865210519,0.6415589155370177
637,0.9485595143206214,0.8594678592143995,0.058329991746829284,0.030761661593372545,0.6170426785457681,0.6176061373454491
638,0.9541120222714942,0.8642760614825316,0.0590552947483823,0.03078066915373236,0.6522488863342434,0.6531619246238642
639,0.9466913001926864,0.8570461559268245,0.05885407866066704,0.030791064014492116,0.6466446328495473,0.6478897661254283
640,0.952108250916184,0.8626303379520943,0.05867756694825084,0.03080034942234628,0.6555539589021411,0.656734693877551
641,0.9531672255525919,0.8636919035790278,0.058668775716562316,0.030806551359669882,0.6512429946831442,0.6523268285416356
642,0.9485972610196945,0.8590124083209404,0.058765141675357145,0.030819709405125274,0.64290846385975,0.6443159541188738
643,0.9544507960578391,0.8648376398035842,0.0587748150455102,0.030838342855120635,0.6352924270728553,0.6366834500223447
644,0.9564356642869856,0.8669508668365347,0.05864164851555572,0.030843153792386734,0.6470757292714471,0.6477014747504841
645,0.9493180292744561,0.8602599597710407,0.05820883693017482,0.03084922214146403,0.6416151745940508,0.6423339788470132
646,0.9544345747124345,0.8651881066696588,0.058392741180606264,0.03085372456109743,0.6354361258801552,0.6362399821242367
647,0.9531834254680753,0.8634476349654939,0.05886450106951762,0.030871286296357554,0.6587153326627389,0.6599325189929987
648,0.9518344424753837,0.8622403949871713,0.05871236895657096,0.03088167718477694,0.6398907889064521,0.6411571577536124
649,0.9483534479161791,0.8590304540875212,0.0584361509611756,0.030886843359708906,0.6536858744072425,0.6546760017875763
650,0.9541966377241308,0.8641418160198577,0.0591447711218952,0.030910049532348098,0.6311251616611582,0.6321863548339043
651,0.9528215573871764,0.8635348062145931,0.058376195653577115,0.030910553510218777,0.6434832590889495,0.6448812751377924
652,0.9505519126574701,0.8604150199482438,0.05921391334761009,0.030922978732347884,0.630119270010059,0.6307038581856101
653,0.9491221299457865,0.8595141325467687,0.05867302252608977,0.030934974719023615,0.6477942233079466,0.6486295248026217
654,0.9567671605337795,0.8675341409827669,0.058287890281896,0.03094512788424428,0.6495186089955454,0.6509606733204231
655,0.9523599202356422,0.8620105787569943,0.05939568140502376,0.03095366141192357,0.6463572352349476,0.6477078802323849
656,0.9493697257130324,0.8596565930523703,0.058752542487149576,0.030960594324649607,0.6516740911050438,0.6528958736779383
657,0.9514471813511756,0.8617920733454036,0.05868205413080989,0.03097305172270897,0.6410403793648513,0.6424954565767914
658,0.9479849219990284,0.8579145243822595,0.0590788788177027,0.030991520088651532,0.6568472481678402,0.6579593326381648
659,0.9518621691531671,0.862728962611837,0.05813300833512884,0.031000195110982513,0.6463572352349476,0.6478849992551765
660,0.9563213397346877,0.8668342762970517,0.05847356535032882,0.031013495281428625,0.621353642764765,0.6222033368091762
661,0.956689090911368,0.8673851809499592,0.05829294147950888,0.031010963859681356,0.6388848972553528,0.6397662743929688
662,0.9512913175005391,0.8610882104548045,0.059175624594441395,0.031027483591256615,0.6373042103750539,0.6381337702964398
663,0.9509945316105023,0.8615133518253802,0.05844673322132819,0.03103444247957164,0.6454950423911482,0.64663086548488
664,0.9475979874027514,0.8577038944495583,0.05884641628722587,0.03104767169177592,0.6427647650524501,0.6435867719350513
665,0.9529907952044986,0.8631807123300826,0.058749489585786976,0.031060590103476327,0.6465009340422474,0.6473865633844779
666,0.951621934067057,0.8623554889010465,0.05819836262314291,0.031068076785503405,0.6488001149590459,0.6499349024281245
667,0.9594775190948155,0.8691212538758782,0.05927574149284628,0.031080519912205288,0.6558413565167409,0.6570570534783257
668,0.9490021309353768,0.8591781962549982,0.05874223808365438,0.031081689635425794,0.6439143555108493,0.6453037390138537
669,0.957769283036902,0.8675709157124353,0.05910152850509598,0.031096835646530492,0.6535421755999425,0.6547896618501416
670,0.9558679589613328,0.865573982309209,0.05920029324517543,0.03109368533276119,0.6316999568903578,0.6329104722180843
671,0.9524583893956973,0.8622413877612439,0.059118772842839014,0.03109822835773765,0.631412559275758,0.6329240280053626
672,0.951736754376855,0.8614882162751643,0.059139477295413204,0.031109064228844498,0.6510992958758443,0.651909131535826
673,0.9522240922049829,0.8624784017897386,0.05862666502432211,0.031119023533630327,0.6582842362408392,0.6594245493817965
674,0.9482989125526539,0.8589798349949765,0.05818449709854055,0.0311345815750109,0.6351487282655554,0.6366322061671383
675,0.9534143761393495,0.8636033689689664,0.058664381697844596,0.031146623698756568,0.6551228624802414,0.6562450469238791
676,0.9512676456601888,0.8618239407087814,0.05828888706926094,0.031154819611764566,0.6482253197298462,0.649693281692239
677,0.9583227411565604,0.8685443663943138,0.058617821351638004,0.031160554305127954,0.6202040523063659,0.6210971249813795
678,0.946977233240909,0.8572723495239053,0.05854155994573789,0.031163321066562652,0.6495186089955454,0.6506675107999406
679,0.9528690787083905,0.8633598314652002,0.05832826209705971,0.031180984072011423,0.6518177899123437,0.6531059138984061
680,0.9523557096758285,0.8620352722272943,0.05912441267325611,0.03119602035005719,0.6329932461560569,0.6340679279010875
681,0.9524561390312842,0.8624795815745618,0.05877788135395651,0.03119867547135626,0.6321310533122575,0.6338154327424401
682,0.9535197745042382,0.8630306334018639,0.05927950237762707,0.03120963967172797,0.6437706567035494,0.6451853120810368
683,0.9502858297546322,0.8600237635312914,0.05904237766695153,0.03121968233838243,0.6348613306509556,0.6363159541188738
684,0.9482510479929667,0.8577450552040141,0.059266972778848674,0.03123902001759841,0.6337117401925564,0.6346295248026218
685,0.954033438981924,0.8648255369258623,0.057966728918634455,0.031241180326504293,0.6535421755999425,0.6547591240875912
686,0.9515747917950675,0.8613571396657218,0.05896272920880412,0.03125492463650923,0.6568472481678402,0.6579532250856547
687,0.9493431457929835,0.8598396363726359,0.05824607782861353,0.03125743092472551,0.6462135364276477,0.6475772381945478
688,0.954181142931852,0.863485739814908,0.0594199165232926,0.03127548618734371,0.6462135364276477,0.6476199910621183
689,0.9564337009567522,0.8662231208812506,0.058938410877217885,0.031272172363629405,0.644201753125449,0.6455711306420379
690,0.9476073652201813,0.8578998104716395,0.05843672206279258,0.03127082803810289,0.6388848972553528,0.6404930731416654
691,0.9523647567170296,0.86217803187815,0.05889101297183615,0.03129571647507601,0.6465009340422474,0.6479118129003426
692,0.94922272253523,0.8597268163601135,0.05819493712637081,0.03130096763657211,0.6292570771662596,0.6306895575748548
693,0.9479940723697933,0.8580795798789566,0.05860072092337416,0.03131377352352097,0.6417588734013507,0.6429410099806346
694,0.9562764775480651,0.8659686844125186,0.05897667046670068,0.03133112564736493,0.6512429946831442,0.6524734098018768
695,0.9525743131580016,0.8624356298940691,0.05880435268760138,0.03133432322317866,0.6469320304641472,0.6480777595709817
696,0.9517304794698256,0.8613165495535786,0.05905919249944002,0.031354736932342565,0.6502371030320448,0.6513512587516759
697,0.948295662031038,0.8576718981640489,0.05926527613100777,0.031358487903536486,0.6525362839488432,0.65363697303739
698,0.94732790962686,0.8571116463140024,0.05884259008219109,0.031373673082383,0.6439143555108493,0.6445402949500968
699,0.9544129764011047,0.8644140486334192,0.05861223640916316,0.031386687295445255,0.6549791636729415,0.6560594369134515
700,0.9492831382365692,0.8589212793371325,0.05896654792525059,0.031395309679782976,0.6492312113809455,0.6506688514821988
701,0.9535874345381723,0.8631682550878014,0.05902291491963874,0.03139626567685188,0.6480816209225464,0.6494404886042009
702,0.954454048934862,0.8639069206499816,0.05913632178877445,0.03141081138678727,0.6500934042247449,0.6513305526590197
703,0.9481878337340719,0.8577673299796692,0.05899887595752358,0.03142162869728696,0.6430521626670499,0.6436709369879339
704,0.9519229807256196,0.8617387698768696,0.058755169375683834,0.03142905005049493,0.6463572352349476,0.6474025026068821
705,0.9442578484262093,0.85413163541497,0.05868757723475054,0.03143863170538197,0.6383101020261532,0.6395246536570834
706,0.9557823268722093,0.8655465347856981,0.05877930514877393,0.031456489208028446,0.6526799827561431,0.6537065395501267
707,0.9482381525593322,0.8578162487595739,0.058957196953036625,0.03146469885225628,0.6515303922977439,0.6523010576493372
708,0.9484124410630369,0.8579054473802813,0.05903877447827535,0.031468217865110115,0.6272452938640609,0.6277123491732459
709,0.9538116289600077,0.864117119329074,0.05821866893377741,0.031475839976615856,0.6502371030320448,0.6514489795918367
710,0.946758538129121,0.8565886282324705,0.05867632355726747,0.03149359323001915,0.6509555970685443,0.6519311783107404
711,0.9492430287473657,0.8593181888850568,0.058424809446282935,0.03150003093903324,0.6500934042247449,0.6511595411887382
712,0.9491626803928759,0.8592801966326626,0.058364871260352065,0.0315176039566929,0.6523925851415433,0.6536345896022643
713,0.9487349213771324,0.8590256710438948,0.0581836484063201,0.03152559616741204,0.6465009340422474,0.6476675107999404
714,0.9491165115035356,0.8593186737305989,0.05825644892545794,0.03154139067720178,0.6341428366144561,0.6352657530165351
715,0.9489420822407086,0.8590944023768884,0.058294756529377115,0.03155292387672207,0.6452076447765484,0.6464489795918367
716,0.9488964307443526,0.8584160911298583,0.05891295852261913,0.03156738080494379,0.6582842362408392,0.6596077759570981
717,0.9520594393287107,0.8614558117847742,0.059026554587145515,0.031577071348155156,0.6327058485414571,0.6342219573960971
718,0.9522723419293879,0.8617530476175038,0.05894510323035338,0.03157419136150299,0.6510992958758443,0.6521412185312082
719,0.9477403763296756,0.8576179686454645,0.05853531563116278,0.03158708579087757,0.6279637879005604,0.6288236258006854
720,0.9503647199580169,0.8600224948833859,0.05874110951019714,0.0316011085421091,0.6413277769794511,0.642378072396842
721,0.9483481853802085,0.8583407989005999,0.05839660074676928,0.03161078594429069,0.6281074867078603,0.6296199910621183
722,0.9427066249637738,0.8532337578639061,0.05785037795187996,0.03162248314009399,0.652967380370743,0.6540899746760018
723,0.9547518571400577,0.8643599667842403,0.05874905840444623,0.03164283139142673,0.6590027302773387,0.6602854163563237
724,0.9509223583683678,0.8614702625750194,0.0578115353574097,0.03164056682283893,0.6495186089955454,0.6504537464620884
725,0.9513898011442059,0.8607463710934014,0.05898926276373682,0.03165416664736061,0.6426210662451501,0.6435599582898853
726,0.9517632921479663,0.8608504079559579,0.05924075924985315,0.03167212538004675,0.6558413565167409,0.6569410099806345
727,0.9485986962077226,0.8583575853381217,0.05856443529343413,0.03167667549372764,0.6427647650524501,0.6439104722180843
728,0.9492910511450172,0.8592227415408806,0.05837956069401068,0.03168874835285806,0.6569909469751402,0.6584014598540147
729,0.9438265803936381,0.8541364787741457,0.05798657282700842,0.031703526987385725,0.648512717344446,0.6497652316401012
730,0.9497495149295038,0.8604165319910609,0.05761146059393334,0.03172152436908882,0.6554102600948413,0.6564941158945329
731,0.9519909427141661,0.8625803899107214,0.0576850498414473,0.031725504806709284,0.6424773674378502,0.6436919410099807
732,0.9504905160961351,0.86001331868023,0.05873177128341164,0.03174543428862552,0.6423336686305504,0.6432009533740504
733,0.9507968214106707,0.8616185250990109,0.05744287616758361,0.03173542428102742,0.6465009340422474,0.647746908982571
734,0.9497467949911513,0.8594504604053183,0.05854050577958779,0.031755825956738155,0.6591464290846386,0.660471026366751
735,0.9466342582392923,0.8568529604683492,0.058014802233226206,0.031766494608401634,0.6467883316568472,0.647879934455534
736,0.9454003048107565,0.8556531885691562,0.05796615085143659,0.03178096386236112,0.6473631268860468,0.6484147177119023
737,0.9488029255231816,0.8596100188959842,0.05740317776756376,0.03178973201106105,0.652967380370743,0.6539861462833308
738,0.9507185910981112,0.8604387174239874,0.05847544331418866,0.03180442615018046,0.6420462710159506,0.6433122300014897
739,0.9519102264022772,0.8612337141976409,0.058867803582995766,0.031808707901100124,0.6449202471619485,0.6460716520184716
740,0.9492577163802085,0.8591629441381614,0.05827550240742148,0.03181927373014762,0.65713464578244,0.6581534336362281
741,0.9497699694038036,0.8588140146505183,0.059120306606256064,0.03183565130541595,0.6439143555108493,0.644662446000298
742,0.9576808701457092,0.8668736941788042,0.058977265358999005,0.031829909189843915,0.651386693490444,0.6524696856844928
743,0.9464154825554546,0.8559557847771807,0.058616305728066774,0.03184338851013751,0.638453800833453,0.6390262177863847
744,0.9504117277405492,0.8595276225793462,0.05902827375321266,0.03185583126934237,0.6567035493605403,0.6580607775957097
745,0.9496822788602646,0.8597477693070555,0.05807207423975746,0.03186243494301028,0.6466446328495473,0.6475294205273351
746,0.9454567795907103,0.8547925716039864,0.05879624264657643,0.03186796135415649,0.6419025722086507,0.6430166840458812
747,0.945628265605471,0.8554018880379133,0.05834579723335097,0.031880583027400475,0.6465009340422474,0.6477896618501415
748,0.9472159432138344,0.8572775221775448,0.058043193964993994,0.03189522828486548,0.6558413565167409,0.6570448383733055
749,0.953064869756859,0.8631704372824531,0.05799156591565997,0.03190286933009627,0.6482253197298462,0.6492107850439446
750,0.9518191863415073,0.8611398464150942,0.05876695972087483,0.03191237461091133,0.6447765483546487,0.6460387308207954
751,0.9470153186046832,0.8564606377543654,0.058635560951175184,0.03191911572793089,0.6378790056042535,0.6395785788768062
752,0.9500240667367533,0.8594324410621215,0.05865688024420371,0.031934748627357845,0.6202040523063659,0.6219094294652168
753,0.9485943564516938,0.8579998229971424,0.05865350642345524,0.03194102350494474,0.654404368443742,0.655604051839714
754,0.950039875234984,0.8597958720540637,0.058294532285530276,0.031949469963398314,0.6227906308377641,0.6238151348130494
755,0.946802832465659,0.8566628925449838,0.05817857052997571,0.03196136646571216,0.6460698376203478,0.6473000148964695
756,0.9443025033712764,0.8537328655837271,0.05859156523474264,0.0319780721491756,0.6518177899123437,0.6530448383733055
757,0.9463423869701993,0.8560116713306379,0.05833722522420982,0.031993490213536036,0.6463572352349476,0.6471704156114999
758,0.943610085069251,0.8532610279524664,0.05833960229667169,0.03200945565735305,0.6577094410116396,0.6589141963354687
759,0.9516866359067967,0.8609327805386584,0.058737652067682285,0.032016202680020346,0.6341428366144561,0.6357299270072992
760,0.9475377318947835,0.8571026525649553,0.05840997381732971,0.032025109746877896,0.6500934042247449,0.6515015641293014
761,0.9472722233600839,0.8574036215036521,0.05783475615766169,0.032033845207346534,0.6453513435838483,0.6463475346342917
762,0.9514991784253363,0.8613429942903958,0.05811419038851211,0.032041994852934234,0.6381664032188533,0.6391008490987636
763,0.9465560299566652,0.8559717617855108,0.058534066248345194,0.03205019606159309,0.6460698376203478,0.646921346640846
764,0.9472563629229875,0.8572292960586005,0.057962771320967416,0.03206430378466746,0.6400344877137519,0.6410740354535976
765,0.9491188386028261,0.8581815927616908,0.0588588011162662,0.032078443254880955,0.6434832590889495,0.6441605839416058
766,0.9505827037711513,0.8604095174348428,0.058090236451771776,0.03208295072177683,0.6482253197298462,0.649131386861314
767,0.9517678506570671,0.8614409943218974,0.05824299082470481,0.03208386567802004,0.6503808018393448,0.6515185461045733
768,0.9492601529845117,0.8584416654195949,0.058723700126944334,0.032094784700882506,0.6394596924845524,0.6407041561150008
769,0.9493609579117549,0.8587518217817499,0.0585103926601758,0.03209874522246614,0.648512717344446,0.6494109935945181
770,0.9487800770560324,0.8581600850435968,0.05850841701009318,0.03211158129984422,0.6440580543181491,0.644903023983316
771,0.950945833082565,0.8599468751240777,0.05887343377016248,0.032125520627913004,0.615605690472769,0.6173868613138687
772,0.9465373413781014,0.8559765532657767,0.058432685524195255,0.032128102213405535,0.6324184509268573,0.6328063458960227
773,0.948309809179343,0.8581610174764246,0.05801077946465939,0.03213801562040937,0.6421899698232505,0.6433817965142261
774,0.9472695358920875,0.8564402878687015,0.05867395312812397,0.032155292766295314,0.648512717344446,0.6495881126173098
775,0.9520376412274766,0.8610921653116343,0.058784913189761645,0.03216056294984423,0.6439143555108493,0.6451815879636527
776,0.9517342217404672,0.8608495288238492,0.05871021318797973,0.03217448022434433,0.6269578962494611,0.627909131535826
777,0.9467419466936035,0.8559930054581976,0.058576220940123484,0.03217272454893337,0.6470757292714471,0.648135110978698
778,0.9479562240798749,0.8572868409984532,0.05848231672692494,0.032187066937995244,0.6480816209225464,0.6494038432891405
779,0.9462841322477187,0.8559852886480886,0.05810118004581181,0.0321976645532602,0.6574220433970398,0.6584880083420229
780,0.9454280841982661,0.8548546160135928,0.05836437436422666,0.03220909870149229,0.6475068256933467,0.648404886042008
781,0.9450473635853459,0.854605898558708,0.05821553929379007,0.032225923488787285,0.6500934042247449,0.6512084016088187
782,0.9458876363092634,0.8556142979730973,0.05803229052743139,0.03224105107418541,0.6488001149590459,0.6496478474601519
783,0.9480855260571627,0.8576596773618048,0.058178939497523105,0.032246907007306244,0.621353642764765,0.6217880232384925
784,0.9511745843861291,0.8602002876074532,0.05871471113260749,0.03225958733714369,0.6335680413852565,0.6353295099061522
785,0.9498134829015084,0.8597000029978181,0.05784525123456546,0.03226823004329062,0.6546917660583417,0.6555416356323551
786,0.9516231601720295,0.8605214056140956,0.058826304027867704,0.032275449320778866,0.6518177899123437,0.6528127513779234
787,0.9460516842998878,0.8553556668927982,0.058418970269741625,0.03227704338047384,0.6420462710159506,0.6435687472069119
788,0.9514181858798796,0.8599516734307414,0.05917259423539443,0.032293921447610494,0.6367294151458542,0.6383624311038284
789,0.9519582298881518,0.8603794764112271,0.05928451265646716,0.0322942355454165,0.654260669636442,0.6555833457470579
790,0.9462917527173987,0.8544546036152237,0.05953024963714865,0.03230690361589583,0.6519614887196437,0.6529678236258006
791,0.9463477338725662,0.8560537645607471,0.0579826679883169,0.032311295944073705,0.6460698376203478,0.6473122300014896
792,0.9443765345670176,0.8539518548558714,0.05809688887433479,0.032327789974946675,0.6535421755999425,0.6546675107999403
793,0.9481467556072937,0.857408392667462,0.058392070332856025,0.03234629355556219,0.6515303922977439,0.6526614032474304
794,0.9441249139145507,0.8536573073048241,0.05811442600576284,0.03235318411244951,0.6551228624802414,0.6560923581111276
795,0.9537585546169015,0.8625931860147014,0.05880409783738186,0.032361270122434546,0.6294007759735594,0.6301605839416059
796,0.9509641790222139,0.8593970258391131,0.05919612214645875,0.03237103027220532,0.6457824400057479,0.6467333531952927
797,0.9511904828009514,0.8602736485571436,0.058549750009574394,0.03236709208844516,0.6552665612875413,0.6563329360941456
798,0.9529306349920155,0.8609119487538525,0.05964248176577928,0.03237620693217802,0.6490875125736456,0.6505992849694622
799,0.9473096665199983,0.8552832995565617,0.059640966747119384,0.032385396499056675,0.6255209081764621,0.6265049903172948
800,0.945041801749949,0.8541491763278969,0.05850175883498389,0.03239086492222382,0.6269578962494611,0.6278541635632356
801,0.9464700229381381,0.8557042644050961,0.05836192639080216,0.03240383427388316,0.6225032332231643,0.6226804707284374
802,0.9421292316178718,0.8518916320776799,0.057821573797982216,0.03241602531127725,0.6440580543181491,0.645684790704603
803,0.9451907767974057,0.8543203557800126,0.058429698751419505,0.03244071397922354,0.6546917660583417,0.655309548636973
804,0.9502554848920787,0.8595344617134162,0.058273901702266845,0.0324471222204901,0.638453800833453,0.6400034261879934
805,0.9463968855722452,0.8558723933053678,0.05807046664450202,0.03245403017259343,0.6463572352349476,0.6471215551914197
806,0.9519999335596386,0.8603758343610121,0.05916050752968277,0.03246358751272107,0.6490875125736456,0.6504710263667511
807,0.9466134863931706,0.8552127297299058,0.05893120401807773,0.03246955282237787,0.6496623078028453,0.6508164754953076
808,0.9479210780756041,0.8566496250084341,0.05879784780505626,0.03247360135427938,0.6548354648656416,0.6560448383733055
809,0.9521342751743088,0.8606192634903609,0.059032400322424676,0.03248260672083616,0.6419025722086507,0.64289453299568
810,0.9424169193072675,0.85110277766588,0.05882357543446514,0.03249056643764509,0.6552665612875413,0.6564978400119171
811,0.9433836256709142,0.8524632611259645,0.05841458440555,0.03250577505814445,0.6465009340422474,0.6473499180694177
812,0.947616313154421,0.857233570043101,0.057862337113373206,0.03252040517141309,0.6522488863342434,0.6535283777744675
813,0.9445205537696254,0.8535561728090335,0.05843171142903548,0.03253266989664453,0.6457824400057479,0.6470570534783258
814,0.949410830220369,0.8579859940000847,0.05888018988630676,0.03254465307633002,0.6535421755999425,0.6545514673022493
815,0.9460443852361994,0.8550028948969566,0.05849386593571835,0.0325476303578862,0.641471475786751,0.6430889319231342
816,0.9472516505158758,0.856051705558164,0.05864362278076608,0.03255631499670158,0.6417588734013507,0.6432586027111574
817,0.9430686900080886,0.8521110869923754,0.058385187018309914,0.03257241326459592,0.6337117401925564,0.6344707284373604
818,0.9502252965398965,0.859414021102737,0.05822850191273263,0.03258277328567424,0.6436269578962495,0.645189036198421
819,0.9461062593027716,0.854941231617898,0.05857573187358507,0.032589295322541484,0.6509555970685443,0.6521388350960823
820,0.9492815996418912,0.8583098556104962,0.05837536260125914,0.03259637223762468,0.6526799827561431,0.653749292417697
821,0.9470454222050391,0.8559062870896261,0.058530456234341915,0.032608679017042154,0.6549791636729415,0.6561327275435722
822,0.9536345835851687,0.8618368972459561,0.0591818245133418,0.03261585925205341,0.6522488863342434,0.6531741397288843
823,0.9484590725457468,0.8564361048371717,0.05940336318969521,0.032619603560657434,0.6552665612875413,0.6562352152539849
824,0.9473738478490514,0.8558964623358593,0.05884727339574379,0.032630109633029335,0.6413277769794511,0.6423231044242514
825,0.9448177848058898,0.8532290052863986,0.05894936058835696,0.03263941071183453,0.6510992958758443,0.6522022940563087
826,0.942066598630599,0.8512627386570594,0.05815136735799292,0.032652494999861,0.6516740911050438,0.6526515715775362
827,0.9469719811543803,0.8560852185287837,0.05822108289351887,0.032665673374084755,0.651386693490444,0.652597944287204
828,0.9498511720858251,0.8585053648837665,0.05867279339102617,0.03267301673869632,0.6515303922977439,0.6525331446447192
829,0.9500701523560322,0.858879467933612,0.058515761806685135,0.03267493105183937,0.5678976864492025,0.5694208252644123
830,0.9490298443029694,0.8572877119423107,0.05906010590539717,0.032682025136233646,0.6518177899123437,0.6529532250856548
831,0.9448067567217948,0.8539531506038052,0.05816322981771647,0.03269037394593683,0.6459261388130478,0.6468090272605392
832,0.9450590018140703,0.8541724510551921,0.058185031010422286,0.03270152192560142,0.6401781865210519,0.6411191717562937
833,0.9461650950656161,0.8549058703379926,0.058543063699663805,0.03271616097871026,0.6500934042247449,0.6516298227320124
834,0.9462827584373145,0.854916952767751,0.058641778037780694,0.032724021091245684,0.6383101020261532,0.6394269328169225
835,0.9444718153625062,0.8530451085122431,0.058691294399430174,0.03273541581638844,0.6469320304641472,0.6479372858632504
836,0.9512152327667589,0.8595750709685945,0.058894457315611486,0.03274570287391704,0.6327058485414571,0.6339349024281244
837,0.9456260474287653,0.8541774148912946,0.05869595559945838,0.032752678955632525,0.6407529817502515,0.6419410099806345
838,0.9496861479288888,0.8591398954614172,0.05779372810844221,0.032752520510080235,0.660008621928438,0.6611754804111426
839,0.9456705012820305,0.8546076625786836,0.05829400964534168,0.03276882575561747,0.6360109211093548,0.6370129599284969
840,0.9416040754606025,0.8507944805506643,0.058031450942070906,0.03277814113602571,0.6466446328495473,0.6477492924176971
841,0.9471285522181098,0.8558827959817962,0.05844976044126002,0.03279599570726111,0.6431958614743498,0.6444611946968567
842,0.9467122952543057,0.8556513727387918,0.058255697895906185,0.03280522403343259,0.6502371030320448,0.6514550871443469
843,0.9478120045991512,0.8566045862947632,0.058396869997626014,0.032810545216896254,0.6492312113809455,0.6502352152539849
844,0.9486011727682937,0.8578233238540345,0.05796344987571642,0.03281439926498305,0.6483690185371461,0.6499460747802771
845,0.9472595310653141,0.8556878874743528,0.058741180669719215,0.03283045909424112,0.6473631268860468,0.6487323104424252
846,0.9463334703671553,0.8552735382103512,0.058229145166889866,0.03283078356279709,0.655697657709441,0.6569569492030389
847,0.9444190662882591,0.8532849228284468,0.05829227345610576,0.0328418730207688,0.6417588734013507,0.6430692685833458
848,0.9478313732393893,0.8568972915663666,0.05808613948253127,0.03284794488796764,0.6509555970685443,0.6519678236258006
849,0.941579100472058,0.8504927493080461,0.05823183441214785,0.03285451620262593,0.637160511567754,0.6375267391628184
850,0.9519213311013381,0.8605280778825686,0.058521575054477935,0.03287168033447806,0.654404368443742,0.6555796216296738
851,0.9486680592094829,0.8562685088498752,0.05952159080395823,0.03287795915630104,0.6521051875269436,0.6533733055265902
852,0.9438035929489108,0.852273888561571,0.05864309622685463,0.03288661320747992,0.648656416151746,0.649639356472516
853,0.9472260354047946,0.8557237375226235,0.0586056923069502,0.03289660663890126,0.6355798246874551,0.6362484731118725
854,0.9465191959392615,0.8549789118345381,0.05864124717882763,0.032899033677040085,0.6559850553240408,0.6573159541188739
855,0.9464161230034657,0.8550609449988074,0.058449087363902925,0.0329060888768767,0.6506681994539445,0.6514561298972144
856,0.9470063115882709,0.8555853268781224,0.05850244679637195,0.032918536852772746,0.6522488863342434,0.6536871741397289
857,0.9506282836203089,0.858490273105908,0.05921455850804104,0.03292345109631625,0.6515303922977439,0.6527591240875913
858,0.9468736349979614,0.8548373481737058,0.05911074625013683,0.03292553838466087,0.6528236815634431,0.6538310740354536
859,0.9453388488846001,0.8531877157211578,0.05920986452824187,0.03294125806209958,0.6370168127604541,0.6377442276180545
860,0.9523889071161264,0.8610960755870335,0.0583475056967699,0.03294532293624312,0.6526799827561431,0.6539264114404887
861,0.9516412401819455,0.8591413440281571,0.05954823708545803,0.032951656000412714,0.6352924270728553,0.636597944287204
862,0.94693740416505,0.8548978046878245,0.059090089799686656,0.03294950529059334,0.6304066676246587,0.6310995084165052
863,0.9428406315110919,0.8507632006771829,0.05910684780423404,0.03297058002920753,0.654260669636442,0.6554245493817966
864,0.944053641234446,0.8523759760207735,0.05869233694699993,0.032985328708311355,0.6362983187239546,0.6378605690451363
865,0.9482886956792947,0.8570341901680505,0.058271560886477856,0.032982947824372694,0.6479379221152465,0.6488090272605394
866,0.9461464100587058,0.8535462999535731,0.059589876682915245,0.03301023208927125,0.6410403793648513,0.6427153284671533
867,0.9502940326265296,0.8592275483698351,0.05806104541852704,0.03300543895754377,0.6370168127604541,0.6379885297184568
868,0.9452279889047411,0.8537146237958932,0.0584970080433032,0.03301635772184679,0.6510992958758443,0.6522267242663489
869,0.9430648716620834,0.8514061736502101,0.05862568173504523,0.03303301172232744,0.6430521626670499,0.6436159690153435
870,0.94165333341055,0.8500582383511173,0.05854676244131346,0.03304833633377388,0.6532547779853427,0.6544917324594072
871,0.9443893161616905,0.8531151452117961,0.05821619212321208,0.03305797212715549,0.6426210662451501,0.6437492924176971
872,0.9491665135650975,0.8568371839180026,0.05925779264698102,0.03307154142560245,0.6578531398189394,0.659099806345896
873,0.9444391357777088,0.8528230133490378,0.05853566728593341,0.03308046021168046,0.6516740911050438,0.6526027111574556
874,0.9466389418162222,0.8548062957640197,0.058739663226596066,0.03309297999804742,0.638453800833453,0.6401194696856845
875,0.9428040782924629,0.8514247719610126,0.058284129453323785,0.0330951715784608,0.6495186089955454,0.6506369730373901
876,0.9452522681660137,0.8541319598101871,0.05801218219732036,0.03310812163719553,0.6467883316568472,0.6477211380902725
877,0.9446868173074647,0.8533440337884801,0.05822116193455395,0.033121622353149804,0.6523925851415433,0.6538117086250559
878,0.942805904983395,0.8513364249698251,0.05833474912026659,0.03313473497672248,0.6525362839488432,0.6533804558319679
879,0.9440080117076134,0.8528343179836101,0.058022039084727264,0.03315165566869604,0.6574220433970398,0.6586834500223447
880,0.9445140762547684,0.8532707603657138,0.05808566465175157,0.03315765131010648,0.635867222302055,0.6370350067034112
881,0.9446533702539804,0.8533616513763287,0.05812177833965719,0.03316993753056808,0.6495186089955454,0.6507285863250409
882,0.9500420519051358,0.8585657939723826,0.058299750869606294,0.0331765059925073,0.6479379221152465,0.6489189632057203
883,0.94997198997275,0.8589057706179745,0.05788996340906351,0.033176249528833975,0.648512717344446,0.6495148219871891
884,0.9475699873093234,0.8553511745577863,0.059032319183471405,0.03318649912307892,0.6427647650524501,0.6432508565469984
885,0.9494182376070841,0.8579345498213156,0.058296866702642024,0.03318682262163546,0.6367294151458542,0.6378249664829435
886,0.9458960395620581,0.8550154515459785,0.05769421132812728,0.03318637733033615,0.6577094410116396,0.658853120810368
887,0.9462011639354797,0.854014769592647,0.058978525359348964,0.033207870158510726,0.641471475786751,0.6427652316401014
888,0.9447852199336958,0.8530212564618445,0.0585489456819801,0.033215013596711446,0.6536858744072425,0.654535528079845
889,0.9438812091597574,0.8521182051522411,0.058534381503512554,0.03322862146494803,0.6575657422043397,0.6584903917771489
890,0.9428667901644574,0.8519350840435886,0.057691999145932434,0.03323970453441357,0.6498060066101451,0.6508127513779235
891,0.9469546187984342,0.8556822440390923,0.05802195770327413,0.033250421968697305,0.6510992958758443,0.6523610904215701
892,0.9424939333733033,0.851619155495344,0.0576180503257331,0.033256727332745255,0.6444891507400489,0.645398778489498
893,0.9457693822100547,0.8539276103861014,0.058574363649242615,0.03326740987274492,0.6413277769794511,0.6428605690451362
894,0.9430979350668754,0.851543557251608,0.05827233937900459,0.03328203591169477,0.6360109211093548,0.6369396692983764
895,0.9460458553185116,0.8542595130819274,0.058496788088438376,0.033289551005818784,0.6539732720218422,0.6550655444659617
896,0.946710014809204,0.8548730373605261,0.058536191339901525,0.033300785661249055,0.6590027302773387,0.6600716520184717
897,0.9451543538627619,0.8535724070620684,0.058275816022904374,0.033306130934102486,0.6587153326627389,0.6597615075227171
898,0.9441372710648822,0.8524539954687333,0.05837019971292292,0.033313078773952724,0.6498060066101451,0.6512280649486072
899,0.9457163425128442,0.8540141621374642,0.0583764333596456,0.03332574773359819,0.6439143555108493,0.6454197825115447
900,0.9445526767674662,0.8523714396524984,0.058847250464786005,0.03333398656934855,0.6564161517459405,0.6574391479219425
901,0.9401108646276337,0.8486831071116764,0.05808005480298898,0.033347698943781805,0.6565598505532404,0.6579912110829733
902,0.9522973242325419,0.8602751951002495,0.058666976518583186,0.033355149029743264,0.6523925851415433,0.65315209295397
903,0.9451321262980281,0.8536597613648345,0.058109477256577426,0.03336289056734306,0.655697657709441,0.6568775510204082
904,0.9432625089984701,0.8517410963975007,0.058145151870387574,0.033376262107424254,0.6492312113809455,0.650473409801877
905,0.9457564417410383,0.8535233533901462,0.05884649554934802,0.03338659681644243,0.6469320304641472,0.6481999106211828
906,0.9419401656075582,0.8509824841439442,0.05756617606784664,0.033391504297826564,0.6302629688173588,0.6314757932370029
907,0.944244616332111,0.8525015875035481,0.05833464416761322,0.03340838068031189,0.6398907889064521,0.6406441233427679
908,0.9474159892151146,0.8566003605661284,0.05741220843012108,0.033403422457572454,0.6523925851415433,0.6536529122597944
909,0.9404620000866916,0.8485664390493252,0.0584741210524019,0.03342144123440091,0.6541169708291421,0.6550068523759869
910,0.9446292590831165,0.854318804474702,0.05688190907357684,0.033428542232450044,0.6531110791780428,0.6541167883211679
911,0.9415716580197564,0.8497030206119933,0.05842089885450982,0.033447741566032904,0.648512717344446,0.649294950096827
912,0.9418679775820328,0.8508663384594748,0.05755128760604376,0.03345035400789245,0.6489438137663457,0.6502121257262029
913,0.9429231903165524,0.8510368423466025,0.05841824780699422,0.03346809501424999,0.6574220433970398,0.6584513630269626
914,0.9422181101516157,0.8510901760671276,0.057652255510856475,0.033475682783386355,0.6522488863342434,0.6534856249068971
915,0.941438764809089,0.8497750256609379,0.05817605165826519,0.033487684529032204,0.6380227044115534,0.6386465067778937
916,0.9407975710505537,0.8494370197544051,0.05785796264506891,0.03350258902152099,0.6539732720218422,0.6548395650230895
917,0.9418763636960297,0.8507711663210524,0.05759938697518417,0.03350581505975173,0.6508118982612444,0.6519104722180843
918,0.9503848048646759,0.8585183071942829,0.058348459806836596,0.033518038963103264,0.6515303922977439,0.6525942201698197
919,0.9411396046431008,0.8490020027704015,0.05861135230768102,0.0335262460030004,0.6562724529386406,0.6574245493817965
920,0.949137783852232,0.8570480748383645,0.05855139386846187,0.033538321417212094,0.6177611725822676,0.6195358260092358
921,0.9407969988922156,0.8490919844311773,0.058168204808812456,0.03353680728022387,0.6512429946831442,0.6524123342767764
922,0.9403021284125457,0.8490895061747132,0.057660821483196546,0.033551801859535935,0.644345451932749,0.6458727841501564
923,0.940487883585694,0.8489657673261549,0.05795874626926177,0.03356337159088347,0.6509555970685443,0.6522670936987934
924,0.9463717926163528,0.8542586978027611,0.058529959666902845,0.03358313190318641,0.655697657709441,0.6565416356323551
925,0.9475726612701312,0.8559576374289805,0.0580303887835966,0.03358463124447144,0.6521051875269436,0.6529579919559064
926,0.9409982837347964,0.8492634517225937,0.05814248753141733,0.033592345816408326,0.6569909469751402,0.6580288991509012
927,0.9453982490372222,0.8538101132376165,0.05798724427271085,0.03360088591031995,0.6268141974421613,0.6283587069864441
928,0.9443148282225541,0.8523021349106596,0.05840315220534656,0.03360953741016479,0.6477942233079466,0.648550126619991
929,0.9418109230379175,0.8504560482640738,0.057740232197267774,0.033614643918622546,0.6533984767926426,0.6544757932370029
930,0.9467102978177789,0.8548398749172936,0.058248020416276344,0.03362240048425433,0.6370168127604541,0.6377259049605243
931,0.9449120412477219,0.8528771776374617,0.05840427533941958,0.03363059352661005,0.6503808018393448,0.6512375986891107
932,0.9470680896056283,0.8553093303498702,0.058123399150351855,0.0336353593077797,0.6411840781721512,0.6420703113362133
933,0.9476807879928817,0.8563614166370496,0.05767702652276085,0.033642342333663276,0.6551228624802414,0.6562084016088188
934,0.9559821636105666,0.8635666083803052,0.058772306236740776,0.03364325493557012,0.6502371030320448,0.6512962907790854
935,0.9423348525249164,0.8496472220394115,0.05904378226038402,0.03364385590214191,0.6525362839488432,0.6533621331744376
936,0.951480376984234,0.8589364405181288,0.05890137500999936,0.033642557994192884,0.6319873545049576,0.6331595411887383
937,0.9476522511236112,0.8548752724276413,0.05912257788828913,0.03365440527010639,0.6536858744072425,0.6547370773126769
938,0.9431161356993252,0.8500092192737,0.05943621991287619,0.03367070558588384,0.654260669636442,0.6553329360941457
939,0.9412341134132608,0.8483957310383442,0.05916515348862173,0.03367322402719726,0.6334243425779567,0.6346491881424103
940,0.9385327899450885,0.8463632736779575,0.05848691852465925,0.03368260405496253,0.6351487282655554,0.635923730075972
941,0.940668476494689,0.8485623580368964,0.05840368121209322,0.03370244041639835,0.6352924270728553,0.6361643080589899
942,0.9480468969883667,0.8555719176916782,0.05876426170065513,0.03371071964416683,0.654404368443742,0.6555002234470431
943,0.9421700911714456,0.8500703147626296,0.0583822936181502,0.033717480142974085,0.6608708147722374,0.6619349024281246
944,0.9441274754496412,0.8511923240731375,0.05920368406982116,0.03373145537440471,0.6538295732145423,0.6547089229852524
945,0.9445954327919751,0.8527657631434044,0.058096544443169175,0.03373312875510701,0.6368731139531542,0.6384930731416655
946,0.9432028945723319,0.8510981948061533,0.05836361721543458,0.03374108290619627,0.641471475786751,0.6428690600327723
947,0.9438999035283399,0.8518051917756112,0.058345577004402426,0.03374913042187177,0.6548354648656416,0.6561242365559361
948,0.9403514563480591,0.8479011780247124,0.058688221691771306,0.033762059717158475,0.644345451932749,0.6454819007895128
949,0.9414380857495334,0.8493708509928811,0.05828465450245136,0.03378257570826539,0.6466446328495473,0.6473584090570534
950,0.950414938520025,0.8580133983725394,0.058618666426702756,0.033782876051565165,0.6421899698232505,0.6431863548339044
951,0.945650541254768,0.8527295094640249,0.0591370408035272,0.033783989469048994,0.6510992958758443,0.6521473260837182
952,0.947387923864065,0.8551679194821488,0.058429752261983985,0.03379025595228654,0.6444891507400489,0.6458140920601817
953,0.9442270444048977,0.8517570031290511,0.05867511265805302,0.03379493160594861,0.6526799827561431,0.653963056755549
954,0.9434301966068165,0.8511788065294063,0.058446295322259624,0.033805092117094857,0.6502371030320448,0.6510580962311933
955,0.9424357367308768,0.8501546344617983,0.05846490279666599,0.03381619852810845,0.6503808018393448,0.6516101593922242
956,0.939695212009875,0.8472462089638341,0.05862683033963304,0.03382217074767288,0.6462135364276477,0.6473573663041858
957,0.9404276912283291,0.847996475899043,0.05859494388782271,0.03383626939761243,0.6555539589021411,0.6565026068821689
958,0.9417903784072027,0.8500024308793794,0.05793553361711205,0.033852418076569774,0.6483690185371461,0.6495735140771639
959,0.9515259677367849,0.8596838186622814,0.05799276151704127,0.03384939046317792,0.6584279350481391,0.6593475346342917
960,0.9446424379278864,0.8518706188922744,0.0589080514935802,0.03386376296451232,0.654260669636442,0.6553817965142261
961,0.9408697032058251,0.8490677087501233,0.057938079421295655,0.03386391431654231,0.6519614887196437,0.6527418441829287
962,0.9508180237224105,0.8586624004080611,0.05828430335248728,0.0338713247893759,0.6440580543181491,0.6450373901385372
963,0.9453047247244069,0.8524877932466024,0.058939072972489834,0.033877862872988655,0.6434832590889495,0.6444109935945181
964,0.9441416786908932,0.8512601686853293,0.05899217783417625,0.0338893344652329,0.6479379221152465,0.6489128556532103
965,0.9463768212047352,0.8536724743443601,0.058814717721949364,0.03388963122884935,0.6489438137663457,0.6499922538358408
966,0.9504822234275577,0.8575826288040452,0.059008457838850885,0.03389113367713034,0.6444891507400489,0.6454659615671086
967,0.9404933266914478,0.8477692572031407,0.05881799901106916,0.03390607000508602,0.6380227044115534,0.6389763146134365
968,0.9408377587820953,0.8485529526654871,0.05836571172952549,0.033919098034216284,0.6283948843224602,0.6300400715030536
969,0.943380758463951,0.8513372248232167,0.0581125639451828,0.03393096946215198,0.6601523207357379,0.6613244451065097
970,0.9413097758782392,0.8492827578203519,0.05808706733462779,0.033939947569155283,0.6465009340422474,0.6476552956949203
971,0.9411529972389145,0.8489304126242588,0.05826362792762776,0.033958952757245524,0.6423336686305504,0.6432620288991509
972,0.9408870687565596,0.8492070444528871,0.05771899804631378,0.033961034508242414,0.630119270010059,0.6305084165052882
973,0.9471291017988013,0.8545737828840416,0.05857639706728787,0.03397892077147901,0.6536858744072425,0.6547859377327574
974,0.9467693458841627,0.8546604977751758,0.05813629277674678,0.033972552035205716,0.6493749101882454,0.6505674065246536
975,0.9400040659347405,0.8481316697427914,0.05788846293771844,0.03398393622472002,0.6510992958758443,0.6523671979740803
976,0.9389928202636627,0.8474553688656138,0.057537578761509084,0.03399987794316471,0.6289696795516597,0.6299946372709667
977,0.9403586483820534,0.8476061802483236,0.058734705390357515,0.034017762831164804,0.6473631268860468,0.648036049456279
978,0.9451723362389165,0.8526469240981386,0.058502155536378074,0.03402325699304195,0.6575657422043397,0.6588812751377924
979,0.9397715799834883,0.847571231087557,0.058172291879990366,0.034028058135829826,0.6519614887196437,0.6531082973335319
980,0.9439675254988968,0.851614074454189,0.05831488014019106,0.034038570130444375,0.6459261388130478,0.6472854163563235
981,0.942916988949612,0.8508073124225702,0.058066231602909135,0.03404344173951522,0.654260669636442,0.6553817965142262
982,0.9416815180394101,0.8490925330525757,0.058529714887654204,0.03405926688030236,0.6476505245006466,0.6487248622076567
983,0.9413131893426286,0.8497694541555246,0.05747934636507488,0.034064390878192415,0.6404655841356517,0.6414476389095783
984,0.9481021812514063,0.8553448791373032,0.058675312934563,0.03408198925769694,0.651386693490444,0.6523292119767615
985,0.9428477750065718,0.8501523052640543,0.05862098401710809,0.03407448861185359,0.6582842362408392,0.6595161626694473
986,0.942453307030718,0.8496474817251745,0.05872178160779382,0.0340840415302399,0.6436269578962495,0.6449141963354685
987,0.9494442838004719,0.8566367456001324,0.05872087642381307,0.03408665149678083,0.6552665612875413,0.6561680321763742
988,0.9438962356628641,0.8517856180693573,0.058022506745969246,0.034088107282843186,0.6512429946831442,0.6526627439296887
989,0.9403520982521398,0.8478146387955497,0.05844002158543916,0.03409743568329894,0.6526799827561431,0.6538286906003277
990,0.9380543050212342,0.8458554340275665,0.05809062931492319,0.034108247107422406,0.6526799827561431,0.6541096380157904
991,0.941874065649614,0.8491908331286686,0.058553290480186,0.03412994121583153,0.6506681994539445,0.651956949203039
992,0.9433663015582127,0.851450592883275,0.057789630904196324,0.03412608363998743,0.6559850553240408,0.6571938030686726
993,0.9475466975331187,0.8546664776225117,0.05874338088216393,0.03413684469319688,0.6469320304641472,0.6479800387308208
994,0.9448587824633999,0.8511084287240941,0.059597783758519006,0.03415257310758961,0.638597499640753,0.6395294205273351
995,0.9411388347162257,0.849093412518724,0.05789384375419883,0.03415157489092087,0.6564161517459405,0.6573108893192313
996,0.9425613889579099,0.8497857561158044,0.05861521100180813,0.034160414768723106,0.652967380370743,0.6543709220914644
997,0.9424146061434213,0.8499990257916736,0.05824553557591442,0.034170053350585414,0.6508118982612444,0.6522647102636675
998,0.9424657501662526,0.8496517593841098,0.05863369302134915,0.03418029838658249,0.6483690185371461,0.649481900789513
999,0.942250064913441,0.8491282075330913,0.058933978063340914,0.034187879876953244,0.6348613306509556,0.6356441233427678
1000,0.9470734740060746,0.8537963968461436,0.05908115570185719,0.03419591654544419,0.6416151745940508,0.6422057202443021
