epoch,train_total_loss,train_cross_entropy,train_l1_penalty,train_l2_penalty,validation_accuracy,validation_cwr
1,2.9225651837231217,1.930960172550965,0.9815787028300212,0.010026320831413619,0.20419600517315706,0.203
2,2.7359720281972884,1.8200270244831633,0.9058304653374658,0.010114537242316604,0.3639890788906452,0.3624556830031283
3,2.451192725953536,1.6050088800289692,0.8358207344837548,0.01036312276911553,0.49532978876275324,0.4971313868613138
4,2.2196275952184727,1.4408236325754997,0.7681322564919767,0.010671702215191337,0.524356947837333,0.5261045732161477
5,2.0223554971146505,1.3089330977519227,0.7023911005824715,0.011031293111353714,0.5242132490300331,0.5260655444659615
6,1.8855335967673328,1.2380935799751769,0.6360857749930879,0.011354238970839809,0.544187383244719,0.5457822136153732
7,1.7713021211093793,1.1907285291721361,0.5689508466820622,0.011622757957516208,0.5541026009484121,0.5554561298972144
8,1.661075614087625,1.1469312531798372,0.5022567822075314,0.011887566245774339,0.5648800114959046,0.5663658572918219
9,1.5634583031965033,1.1150488497488353,0.4362648704182504,0.012144575991033052,0.5690472769076017,0.570404886042008
10,1.4832289918501294,1.1006478934405195,0.37022068119713725,0.012360412804114098,0.5594194568185084,0.56089453299568
11,1.413114119696367,1.0946461744804563,0.3059023006634905,0.012565641239459984,0.5566891794798103,0.5582107850439446
12,1.3458408658438363,1.0895990150929662,0.24348664299812034,0.012755216786940091,0.5680413852565024,0.5694659615671086
13,1.283479493879556,1.0873047344334117,0.18323177280594244,0.012942978636100557,0.5562580830579106,0.5578005362729034
14,1.2390605798653616,1.0877102039072393,0.1382249241986825,0.01312545065962518,0.5630119270010059,0.5643743482794578
15,1.213053300216599,1.0836490708223823,0.11609419633652188,0.013310029113458858,0.5473487570053168,0.5489128556532102
16,1.1990569177964139,1.08125877962799,0.1043159529429723,0.013482189596605071,0.5576950711309097,0.5590642037837033
17,1.1894681976519537,1.0786030360603662,0.0972270687370486,0.013638103918260345,0.5740767351630981,0.5754476389095784
18,1.1792219325135642,1.07303045945086,0.0923999043847744,0.01379157680100576,0.5714901566317,0.5729983613883508
19,1.1718684087147022,1.0690153216918252,0.08891515816434874,0.01393793016858961,0.5750826268141974,0.576508714434679
20,1.1674153980192636,1.066291198646188,0.08703798050295607,0.01408620886418999,0.5710590602098002,0.5723621331744377
21,1.161010548239005,1.0628761109015537,0.08392684856722249,0.014207581756469212,0.5519471188389137,0.5533010576493371
22,1.158042658572739,1.061376162079974,0.08232526273233381,0.014341235468235016,0.5723523494754994,0.5739226873231045
23,1.1523103155201067,1.0576469568638198,0.08020043572568057,0.01446291777761799,0.5792498922258945,0.5805966036049457
24,1.1466399306349242,1.05305297070835,0.07900114729518708,0.014585812596323453,0.548642046271016,0.5500153433636229
25,1.1431888930841088,1.0511068270833075,0.07737902945242389,0.014703043697706746,0.5765196148871964,0.57788231789066
26,1.1419232344555434,1.0506251467714913,0.07647888817215363,0.014819195176744952,0.5691909757149015,0.5704439147921943
27,1.139211305411901,1.049230936855262,0.07506285643145894,0.014917516645955737,0.5747952291995977,0.5765100551169374
28,1.1363138045399914,1.047137783954054,0.07414891021568416,0.015027116653702823,0.5821238683718926,0.5833865633844779
29,1.13276977368788,1.0441334117570644,0.07350691264239104,0.015129450131820646,0.5855726397470901,0.5869067481007002
30,1.1273122952748071,1.0393822502689056,0.07269521458881445,0.015234837796336182,0.584279350481391,0.5856149262624759
31,1.1249627679530738,1.037958122503999,0.07167799102003537,0.015326656639776167,0.5803994826842938,0.581769998510353
32,1.1219368901193134,1.035141723408475,0.07136339339772797,0.015431781759251936,0.5747952291995977,0.5761558170713542
33,1.1239823647863754,1.037521458987721,0.07093540338722004,0.015525497248542687,0.5908894956171864,0.5921741397288843
34,1.1182157946551115,1.0324481884490007,0.07014644720042501,0.015621163368542006,0.5740767351630981,0.575832414717712
35,1.1140647832818682,1.0286068805402544,0.06974535926647579,0.015712554136566567,0.5838482540594913,0.5848809772084016
36,1.1120240063241782,1.0274414192210122,0.06877982351120081,0.015802749199893114,0.5716338554389998,0.5731656487412483
37,1.1117661555516751,1.0273899358482705,0.06848362086383343,0.01589260245993881,0.5855726397470901,0.5868701027856399
38,1.1121527989511262,1.0286676017250338,0.06751561262819475,0.015969579866473696,0.5848541457105906,0.5862230001489647
39,1.1068969289536004,1.0234806515872779,0.06735631308883304,0.016059968318618358,0.5907457968098865,0.5921167883211679
40,1.1053652593092187,1.0220828551399175,0.06713490506315868,0.01614750461779478,0.5923264836901854,0.5937248622076569
41,1.1032387369373506,1.0211051860954041,0.06591027202080646,0.016223273612746204,0.591464290846386,0.5926417399076419
42,1.0978132168748869,1.0161343357449617,0.06537394391118255,0.0163049395286475,0.5849978445178905,0.5865002234470431
43,1.1042302986348664,1.022506471234571,0.06533620211777973,0.016387625237816297,0.5939071705704843,0.5953390436466558
44,1.1004517123280868,1.0189982741655743,0.06499516184426087,0.01645828417166029,0.5594194568185084,0.561108297333532
45,1.1014416539509726,1.019902117217404,0.06501384295511389,0.016525697779434478,0.5946256646069837,0.5957479517354388
46,1.0987163820748427,1.0178627801842517,0.0642568962590964,0.016596715510820825,0.5949130622215836,0.5961680321763743
47,1.092138704854124,1.0120860167850896,0.06338280423959622,0.016669884335315507,0.5967811467164823,0.5978236258006852
48,1.0926566085419378,1.0124075185774661,0.0635054304463491,0.016743657154953587,0.579968386262394,0.5815185461045732
49,1.091468815077891,1.0117725540053693,0.06288743135910778,0.01680882858014223,0.5893088087368875,0.5908531208103679
50,1.0892285768080243,1.009719577718182,0.0626299801803317,0.016879020974774492,0.5489294438856157,0.5501727990466259
51,1.0947750380779584,1.0155585071516031,0.062278579839697035,0.016937946641362934,0.5888777123149878,0.590363473856696
52,1.088131734224756,1.0093120209426265,0.06181818789762744,0.01700152588101113,0.5954878574507831,0.5966417399076419
53,1.0951076324583213,1.0162620981939738,0.06178185951437377,0.017063674296290302,0.5801120850696939,0.581178906599136
54,1.081412530267422,1.0034400797691954,0.06085614501661243,0.017116299872533533,0.595775255065383,0.5968969164308059
55,1.084760737240974,1.0066425700111625,0.060930130827943386,0.017188038569913203,0.5858600373616899,0.587265753016535
56,1.0871814837622256,1.0096292204770536,0.06030865201710764,0.017243610996121834,0.5959189538726829,0.597143601966334
57,1.0899023939128032,1.0121296000114064,0.06047799673029396,0.01729479438797515,0.5848541457105906,0.5864001191717563
58,1.0840508162863964,1.006921716026918,0.059780196702279895,0.0173489091959895,0.584279350481391,0.5854927752122746
59,1.0833617926911558,1.0065063896972672,0.059454064117644194,0.017401331441991116,0.6000862192843799,0.6013475346342917
60,1.078519835504997,1.0016657447040656,0.059388818947606635,0.017465281824726262,0.5861474349762897,0.5872338745717265
61,1.080604585007803,1.0044540552199444,0.05863281000656615,0.017517703955634123,0.5839919528667912,0.5850849098763593
62,1.0782181959862098,1.0020327526256432,0.05860828588360564,0.01757715515581454,0.5858600373616899,0.5872901832265753
63,1.077526665946707,1.0013500969374654,0.05854145675000402,0.017635120363711437,0.5380083345308234,0.5393339788470132
64,1.0786271251931858,1.0026531083725327,0.0582957572732905,0.017678260432513714,0.5903147003879868,0.5915599582898853
65,1.0793276909936311,1.0038472369478117,0.057752525232350076,0.01772792874762494,0.5756574220433971,0.5769457768508863
66,1.0829991856120171,1.0070286643866544,0.05819095796388205,0.01777956782347564,0.6036786894668774,0.6049617160732906
67,1.0770273674560493,1.0016579581910396,0.0575480539486067,0.01782136090433851,0.5568328782871103,0.5586284820497542
68,1.077647814618426,1.0026697871979326,0.05712068708457469,0.017857335510278658,0.5824112659864923,0.5838127513779235
69,1.0762920307691695,1.0015362884347716,0.05685119480772562,0.017904546805061233,0.594338266992384,0.5958225830478178
70,1.076591974069442,1.001798512487169,0.05683691287071973,0.01795654515060633,0.5733582411265986,0.5748982571130642
71,1.0702644512132249,0.9953644190442376,0.056902612427139544,0.01799741847983147,0.5805431814915937,0.5818456725755995
72,1.0774665618014756,1.0025975437817995,0.05682426335014117,0.018044756791274822,0.5877281218565886,0.58934887531655
73,1.0717219607825594,0.9975589846362155,0.056079954638561136,0.018083024448561916,0.58571633855439,0.5870862505586176
74,1.0805805002346278,1.0063324830007547,0.056119678317451294,0.018128345645123695,0.5947693634142837,0.5961656487412483
75,1.0692735431625644,0.9954462158798161,0.05565867241445775,0.018168660727633214,0.5940508693777842,0.5951948458215401
76,1.0697360109676488,0.9957207274995397,0.0557978564049213,0.018217435951637356,0.5897399051587872,0.5908541635632355
77,1.0743209877512994,1.0009885331580206,0.055078039373782264,0.01825441739664182,0.5802557838769938,0.5816515715775361
78,1.0757636520125637,1.0013174019440236,0.05614447320782945,0.018301780948144795,0.5858600373616899,0.5871069566512735
79,1.0698706612434172,0.9956368741110012,0.05589434190383329,0.018339446930364385,0.5911768932317861,0.592191121704156
80,1.0624543639465487,0.9892755048784447,0.05480066893020312,0.01837818999282929,0.5875844230492887,0.5892243408312231
81,1.0734294768567914,1.000045542042734,0.05495807722977462,0.018425860764082178,0.5648800114959046,0.5661032325338895
82,1.072075683043801,0.9985557813756784,0.05505794097545898,0.018461968115675312,0.5860037361689898,0.5873536421868017
83,1.0709552719154858,0.9979686972943852,0.05449214226130371,0.01849443730748981,0.5798246874550941,0.5815405928794876
84,1.0715930655455175,0.9976347452231669,0.055422146720184064,0.01853617609060047,0.6006610145135796,0.6018456725755996
85,1.0653823159998015,0.9923842302905638,0.05442960186615074,0.018568482018984724,0.5897399051587872,0.5911839713987784
86,1.0746456371639836,1.0011880517879563,0.0548524100947464,0.01860517907830418,0.5997988216697802,0.6009518844033964
87,1.069458685792851,0.9964393799478662,0.05437959072074768,0.01863972032299491,0.6008047133208795,0.6020801430061076
88,1.069878497639681,0.9970632149820647,0.05413724577988782,0.01867804456170836,0.5768070125017962,0.5785039475644272
89,1.0648035741191535,0.9919291609130829,0.05416341621617696,0.018710997602834768,0.581405374335393,0.5829776552956949
90,1.0631211515918069,0.9907904212580002,0.05358727075687375,0.018743456115822784,0.5959189538726829,0.5970031282586027
91,1.0714359080282705,0.9985783400763758,0.05407118351487939,0.018786390268253617,0.6006610145135796,0.6019433934157605
92,1.0664553950959743,0.9938123784953963,0.053834635769713625,0.01880838102973566,0.5953441586434832,0.5967676150752271
93,1.063566997897815,0.9908028179791694,0.053914692716996615,0.01884948512835567,0.5953441586434832,0.5968164754953076
94,1.060927188401593,0.9886122558767519,0.053426623397953364,0.018888305645703173,0.5661733007616037,0.5672423655593625
95,1.0649523944035226,0.99259755163978,0.0534314128600638,0.01892342745405553,0.5903147003879868,0.5917615075227172
96,1.0704517142836742,0.9979247569626716,0.0535705093771352,0.01895644377640291,0.5894525075441874,0.5907150305377625
97,1.0658247920524322,0.9931423853895996,0.053690881052010704,0.01899152711292916,0.5894525075441874,0.5909898704007149
98,1.0610965510554862,0.9888933545163452,0.053181828372903146,0.019021366882808578,0.604253484696077,0.6054659615671085
99,1.068392459526369,0.995885828648307,0.05344565301000823,0.019060982294612994,0.5883029170857882,0.5897309697601668
100,1.063113777574785,0.990765021216991,0.05326819848009594,0.01908055407880135,0.5999425204770801,0.6009481602860121
101,1.0576616031271509,0.9855837070971046,0.052957231675924143,0.019120669612300467,0.5993677252478804,0.6005721733949054
102,1.0640985467924198,0.9923059819655645,0.05263821205212854,0.0191543541025873,0.5995114240551803,0.6009410099806346
103,1.0563592476172596,0.9845930884617261,0.05257917455509829,0.019186980360435042,0.6002299180916798,0.6016369730373902
104,1.0593602353427787,0.987513375386782,0.05261507605669964,0.019231788787301852,0.5990803276332807,0.6002986742142112
105,1.0643096437980464,0.9921606306218437,0.0528813534829659,0.019267655661743696,0.5983618335967812,0.5996760017875763
106,1.0603006011642486,0.9880264783525693,0.05297823968906994,0.0192958788917096,0.6023854002011784,0.6034378072396843
107,1.0613208062553872,0.9894653102638633,0.052532432680886136,0.019323070516844884,0.5956315562580831,0.5968029197080291
108,1.0582138624217323,0.9868167030055867,0.05204699580164318,0.019350166825082712,0.5867222302054893,0.5881167883211679
109,1.0628992488867661,0.9912871501966187,0.052226945533566924,0.019385151903397017,0.601523207357379,0.6027577834053329
110,1.0590762195444634,0.9875025441547564,0.05215939522037939,0.01941428214385474,0.5983618335967812,0.5993950543721137
111,1.0554083295210388,0.9843336032851535,0.05163109977987241,0.019443626220472278,0.5950567610288835,0.5967262028899151
112,1.0553262448204646,0.9839091991826642,0.051933844183681514,0.019483203011631693,0.5964937491018825,0.597660062565172
113,1.0596354225103601,0.9886496574787217,0.051470867709719356,0.019514897995083595,0.5944819657996838,0.5959471175331447
114,1.0561143108989541,0.9850566457324816,0.05151968197111495,0.019537976334967014,0.5976433395602816,0.5989372858632505
115,1.060564659693269,0.9891103383949698,0.051879773878673485,0.01957454872714418,0.5969248455237821,0.5984795173543871
116,1.0516375780516716,0.97990891965646,0.05211981948085567,0.01960883960224188,0.5980744359821814,0.5993292119767615
117,1.0553812839413086,0.9839523099742927,0.05178630019586685,0.019642668019941113,0.5941945681850841,0.5958507373752421
118,1.0561443055253346,0.9844097491053436,0.05206138980891414,0.01967315922232559,0.601379508550079,0.6026027111574557
119,1.0582157875172862,0.9868819986134532,0.05163321656165991,0.019700578158690012,0.6018106049719787,0.6030007448234768
120,1.0554683555010185,0.9841997386532485,0.05153627645581391,0.01973232151229828,0.5806868802988935,0.5823305526590198
121,1.062803341869925,0.9913444910383136,0.05170005935555149,0.01975879286441169,0.5881592182784883,0.5898140920601816
122,1.0527475571766,0.981141207101342,0.05182499633166516,0.01978135998675982,0.6041097858887772,0.60516430805899
123,1.0514559669730341,0.9806096444511605,0.05103873681608399,0.019807585489520364,0.5982181347894813,0.5996797259049605
124,1.0550195541442133,0.9836554550408529,0.0515216197055687,0.0198424774069376,0.602816496623078,0.6040862505586176
125,1.0561808944348032,0.9850528301872695,0.051263386813246804,0.01986468226340657,0.5996551228624802,0.6010899746760019
126,1.0547172133736542,0.9832569551306871,0.0515647709780785,0.019895494079241672,0.5867222302054893,0.5882877997914494
127,1.053978455736473,0.9832250815319046,0.050831799269180765,0.019921578321820583,0.6031038942376779,0.6044941158945331
128,1.0552288799180367,0.9842715455225306,0.05101666903734327,0.01994066240453595,0.5960626526799827,0.597384179949352
129,1.0485282409446373,0.9776523724200482,0.050904356851640624,0.019971516826471768,0.5808305791061934,0.582473409801877
130,1.0532897369394634,0.9828608170170982,0.05042777357686952,0.020001149597830822,0.5962063514872826,0.5978507373752421
131,1.0545798900021546,0.9834675779115162,0.05108340768637903,0.020028905152368773,0.597068544331082,0.5985429763146134
132,1.0556227578944148,0.9844026877150691,0.05116831500231492,0.020051755369745943,0.5977870383675815,0.5992755846864293
133,1.05540379654455,0.9837747378704927,0.051548619830226364,0.02008043833527693,0.5987929300186808,0.6000434976910471
134,1.0541369541740775,0.9835365672172495,0.05049800579019243,0.020102378988151648,0.5924701824974853,0.5939654401906748
135,1.0525172662419788,0.9815260521347007,0.050860402376243376,0.020130808297226202,0.5974996407529818,0.5987761060628631
136,1.0548416098946727,0.9834061533850763,0.051277066909503725,0.020158393216712978,0.6003736168989797,0.601645464025026
137,1.0490528758117943,0.9780491313332712,0.05081680727011,0.02018694063044473,0.6009484121281793,0.6022352152539848
138,1.0531846455483451,0.9823149071974493,0.05065909882477173,0.02021064023649338,0.5989366288259808,0.6000703113362134
139,1.0504981697779103,0.979526018176481,0.05073082994737661,0.020241314235858954,0.5811179767207932,0.582728586325041
140,1.0541396843049182,0.9830386964715337,0.05083843510432531,0.0202625538272678,0.5990803276332807,0.6005368687621033
141,1.0574911061948975,0.9857959961185409,0.051416216473552684,0.02027889007638499,0.6022417013938784,0.6037469089825712
142,1.047116026999639,0.97563103135589,0.05117399776055991,0.020311002020943197,0.5987929300186808,0.6002145091613288
143,1.0506352827216312,0.9794354402636947,0.050865068325628614,0.020334780327563553,0.5936197729558844,0.5950166840458812
144,1.0529595751206686,0.9816844230719828,0.050916373160660895,0.020358779813860372,0.5507975283805144,0.5524574705794727
145,1.046487948301452,0.9755528645022776,0.05055303749846374,0.02038204800490119,0.601523207357379,0.6027577834053329
146,1.0458290421049696,0.9750753813972588,0.0503402258148908,0.020413431686522255,0.5996551228624802,0.6005708327126472
147,1.04841384467662,0.9779972507104326,0.049979883053274846,0.0204367140959239,0.5821238683718926,0.5837957694026515
148,1.0525693113835726,0.981663705391657,0.0504424596524672,0.020463148290421243,0.5895962063514872,0.5908029197080292
149,1.0504871979323693,0.9795860185125022,0.050419052679239976,0.020482124053054215,0.5883029170857882,0.5899325189929987
150,1.0449925589482663,0.97447925361516,0.05000279515495604,0.02051049975199481,0.604253484696077,0.6055392521972293
151,1.0507613063149797,0.9796303932240921,0.050594575967592044,0.0205363358749297,0.5867222302054893,0.5881778638462685
152,1.0441889934780304,0.9735298329496679,0.050096585679082525,0.020562576085333337,0.5979307371748814,0.5992474303590049
153,1.047164114646347,0.976033361534703,0.05053624793199788,0.020594507522205457,0.6016669061646789,0.6028823178906599
154,1.0468346145256169,0.9758476224040177,0.05036489659619753,0.020622091818044697,0.597068544331082,0.5983475346342917
155,1.0458499450658927,0.9754132811819999,0.0497933059774488,0.020643360815906956,0.5967811467164823,0.5982084016088187
156,1.0504836496616132,0.9799450173565053,0.049871036262262275,0.020667595286706534,0.5995114240551803,0.6009043646655743
157,1.0478839758295904,0.976679110479074,0.05051219080969475,0.020692678089456358,0.5996551228624802,0.6012670936987934
158,1.046870406665136,0.9763727155134654,0.049785510093650356,0.020712177513935715,0.5974996407529818,0.5988860420080441
159,1.0543603116213067,0.9832951815362325,0.05032679070183936,0.02073834932572901,0.5982181347894813,0.5996064352748399
160,1.0478052383593606,0.9768672858457624,0.050174008084364466,0.020763938128787615,0.5969248455237821,0.598137494413824
161,1.0506979832448464,0.9797771283308825,0.05014057495401224,0.020780280815928056,0.5995114240551803,0.6006844927752122
162,1.0418880223234352,0.9712915683481299,0.0497915432700773,0.020804909795184366,0.5974996407529818,0.5987089229852526
163,1.0405856413066277,0.9703206469879392,0.049432908410865145,0.020832093432010344,0.5996551228624802,0.6010960822285119
164,1.045320545912714,0.9743256723166437,0.050130906312338734,0.020863972544854253,0.6039660870814773,0.6051863548339044
165,1.0464804389127662,0.9757675969801102,0.049822931456949576,0.020889918001767187,0.5986492312113809,0.5999556085207806
166,1.0482452044560318,0.9774798703255333,0.049856920757779685,0.02090841635418214,0.5960626526799827,0.5976284820497543
167,1.0392840891618258,0.9687655934966798,0.04958715891155862,0.0209313431870605,0.591464290846386,0.5923424698346492
168,1.0472855070298868,0.9760156442317697,0.05030873844450636,0.020961131916073208,0.602816496623078,0.6042572620288993
169,1.0430340279894221,0.9718843049437069,0.050165072267087885,0.02098465240519654,0.5960626526799827,0.5972498137941308
170,1.0419071296248428,0.971303090254009,0.04959654129633686,0.021007501681213885,0.5816927719499928,0.583232831818859
171,1.0471977536954795,0.9763041711740923,0.049857427129065074,0.02103616347832744,0.5837045552521914,0.5853122300014897
172,1.0439766401497004,0.9731771744073576,0.04974836152127752,0.02105109860850513,0.6026727978157781,0.6036929837628481
173,1.0452246129949607,0.9744275638745047,0.04972242361183807,0.021074621517006172,0.6022417013938784,0.603398778489498
174,1.0458969523602133,0.97509057457753,0.04970831647440352,0.021098065087369656,0.6000862192843799,0.6013047817667213
175,1.0456688719879093,0.9743215867390079,0.05022621857231762,0.021121062760451843,0.6006610145135796,0.6019739311783108
176,1.0479008243042498,0.9770386294997241,0.049721886770686535,0.021140308774989524,0.5995114240551803,0.6008921495605541
177,1.0426018406714768,0.9717388358382011,0.04970176721599051,0.021161238836208317,0.5997988216697802,0.6014038432891404
178,1.0453467953049222,0.9742957792639784,0.04986627667420708,0.021184740308096722,0.5844230492886909,0.586215849843587
179,1.0427142783714654,0.971664089275376,0.04984282124436935,0.021207366034844636,0.5946256646069837,0.5961388350960821
180,1.0422704111383743,0.9709694929841709,0.050063478438024944,0.021237445228366028,0.6054030751544762,0.6067309697601669
181,1.0427049091791076,0.9722275784139336,0.04922286382999326,0.021254468545422574,0.5921827848828854,0.5936491881424102
182,1.0424530437613102,0.9712383976217693,0.04992936340976094,0.02128529342707503,0.6023854002011784,0.6038225830478178
183,1.0438554904672979,0.9729117057090142,0.04964058194644048,0.02130321007077936,0.6019543037792786,0.6032962907790853
184,1.0404757175625081,0.9695233667885235,0.04962360975135159,0.021328738812833085,0.5986492312113809,0.6000838671234917
185,1.044790127133823,0.9733396405922919,0.05009263153262206,0.021357853983503886,0.6025290990084782,0.6037272456427827
186,1.042547138622222,0.9716626236469244,0.04951445968188094,0.021370054223847846,0.5788187958039949,0.5806627439296888
187,1.0463405834530461,0.9751933448906345,0.049758184322197904,0.02138905697462716,0.6054030751544762,0.6066271413674958
188,1.037260783131497,0.966207862893883,0.04963839118720763,0.021414538300464355,0.5959189538726829,0.5970947415462534
189,1.041303943741474,0.970367087459989,0.04950162190432726,0.021435241049383373,0.5997988216697802,0.6010862505586176
190,1.0401350178069673,0.9691195525319981,0.04955689317783262,0.021458581757249545,0.5952004598361833,0.5967224787725309
191,1.0392433482179835,0.968518684334857,0.04924340322956321,0.021481261300764852,0.5962063514872826,0.5976552956949204
192,1.0427139583958482,0.9715914559922765,0.049617229057105215,0.021505276194903028,0.5976433395602816,0.5989800387308207
193,1.0404392051395286,0.9693790089383449,0.04953084392669831,0.02152935375410912,0.6056904727690761,0.6069372858632505
194,1.0422452333621346,0.9713888128592821,0.049308255854964615,0.021548158862151744,0.6019543037792786,0.603479517354387
195,1.037721118385344,0.9669947394832726,0.04915734256931824,0.02156903791890557,0.6022417013938784,0.6036980485624907
196,1.04138805126558,0.9705805749382023,0.04921417659648295,0.02159330101459169,0.6036786894668774,0.6049617160732906
197,1.0373693184959494,0.9665443536142009,0.04920512196016493,0.021619846923366447,0.5926138813047852,0.5942854163563236
198,1.0427371517374078,0.9715191024630075,0.04956671594663382,0.021651342062846753,0.5880155194711884,0.5895551914196335
199,1.041526864599027,0.9700488850960428,0.049809209686583665,0.02166877097001465,0.5939071705704843,0.595271860569045
200,1.0366270734345986,0.9657250548217604,0.049212009879531726,0.021690007274827748,0.594338266992384,0.595639356472516
201,1.0437133517102926,0.972802582606277,0.04919540844531148,0.0217153643395627,0.6016669061646789,0.6030166840458813
202,1.0401527666894848,0.9692213697532142,0.04920094529465794,0.0217304586144203,0.6002299180916798,0.6017957694026517
203,1.0439896333541383,0.9726634060519406,0.04957215062591909,0.021754076216438923,0.595775255065383,0.5968358409057054
204,1.0362417208667047,0.9647832135733456,0.0496829666458536,0.021775534504711123,0.597068544331082,0.5982498137941309
205,1.0445932387654715,0.9732170531523263,0.04957969814810898,0.021796484051569642,0.6031038942376779,0.6044208252644123
206,1.0361979191699646,0.9647591599686287,0.0496218103595867,0.021816948508780343,0.6020980025865785,0.6032437062416207
207,1.0409249838509596,0.9700164518953825,0.04907713047351743,0.021831394485162497,0.5947693634142837,0.5960496052435573
208,1.0394754727213251,0.9677816625983744,0.04983728574670531,0.02185652376143073,0.5966374479091824,0.5975402949500969
209,1.0438054034483468,0.9722956011891108,0.049639531809642305,0.021870264587842247,0.6023854002011784,0.6038347981528378
210,1.0337302900624867,0.9627901863856534,0.04904435541283247,0.02189575051796481,0.5496479379221152,0.5517054967972591
211,1.03841089499992,0.9672588690256726,0.04923324250054181,0.02191878737591904,0.6003736168989797,0.6015721733949053
212,1.033971437042276,0.9627014485425109,0.0493223600615234,0.02194763435325732,0.6003736168989797,0.6017798301802472
213,1.0397675922503158,0.9688795200280201,0.04891937710414383,0.021968690402787604,0.5921827848828854,0.5931483688365857
214,1.0399108031200668,0.9684904467821429,0.04942975701601757,0.021990604519325864,0.5950567610288835,0.5964330403694325
215,1.0463205880689834,0.9744262910468223,0.04988644807783501,0.02200785282833863,0.6038223882741773,0.6051961865037986
216,1.03291672105881,0.9615334411824737,0.04936365736159961,0.022019626927912827,0.6056904727690761,0.6068884254431699
217,1.0395543319189886,0.9682088835877682,0.049301610494340044,0.022043831456939215,0.5995114240551803,0.6011486667659766
218,1.0307961586032521,0.9595205469675526,0.04920339461334102,0.02207221737245767,0.6023854002011784,0.6035233129748249
219,1.0369348003357577,0.9659489786458745,0.04889473456952023,0.022091083270343048,0.6058341715763759,0.6071473260837182
220,1.0432834651282095,0.9722774252755869,0.04889819098957432,0.022107849107957003,0.598505532404081,0.5998066438254133
221,1.0393045268228023,0.9678078875371755,0.049368639718160356,0.022127992100558637,0.6005173157062796,0.6018188589304334
222,1.0367243857643422,0.9653435163344438,0.04922896698984474,0.022151909200874773,0.6019543037792786,0.603271860569045
223,1.035441080829093,0.9638062536862069,0.049459761951586044,0.022175068720395767,0.6059778703836758,0.6073634738566961
224,1.036649932231278,0.9654973612843719,0.04896099279154339,0.02219157916631425,0.5992240264405806,0.600185014151646
225,1.036614092247019,0.9657643203472231,0.04863821033065578,0.022211558455720443,0.5861474349762897,0.5877102636675108
226,1.0342736777637107,0.9629355813258166,0.04909771566541138,0.022240386970147418,0.6048282799252767,0.6061961865037986
227,1.034345140169708,0.9631234498472113,0.048958559685554945,0.02226312904195644,0.6036786894668774,0.6049983613883508
228,1.033511487055928,0.9619558492616807,0.049267994349399234,0.022287642190326286,0.6041097858887772,0.605396395054372
229,1.0345525878105104,0.9629183805165302,0.049316944153761276,0.022317261152576484,0.5865785313981894,0.587992253835841
230,1.037978413358881,0.9663617702749444,0.04928489755194049,0.02233174344692564,0.5891651099295876,0.5908690600327722
231,1.0339525316720517,0.9625342649313067,0.049066818221699046,0.02235145092236403,0.5847104469032907,0.5863671979740802
232,1.033765677234739,0.9628225226291964,0.04857460052183963,0.022368555664502267,0.5792498922258945,0.5810913153582601
233,1.0368003399057932,0.9651926408846636,0.049216619908878184,0.022391072138105424,0.5982181347894813,0.5995758975122897
234,1.036335625564903,0.9652319427776104,0.04869551082637002,0.022408169542615534,0.6062652679982756,0.6073315954118874
235,1.0357749588805756,0.9649068348399865,0.04844695189465889,0.022421176813383317,0.6055467739617761,0.6068555042454938
236,1.0345416697196397,0.9632306833482368,0.048865266848756486,0.022445723804401536,0.5989366288259808,0.6002291077014749
237,1.035396451442333,0.9641960058974233,0.048742948303659994,0.022457499227286206,0.5954878574507831,0.5965379115149709
238,1.036483928464853,0.9647448265889986,0.049252189473677405,0.022486908168332948,0.6008047133208795,0.6018847013257859
239,1.0337135645143771,0.9624726633553464,0.04873694057098184,0.022503947881698814,0.5855726397470901,0.5866929837628483
240,1.0313939747239584,0.9598551745694984,0.04901449686420308,0.022524300575918,0.6035349906595775,0.6048493966929838
241,1.0327885409062032,0.9615768998805639,0.048666991681001845,0.022544647539003704,0.5851415433251904,0.5867041561150008
242,1.0309265077687968,0.9597708088242642,0.048590600849769634,0.022565097936040574,0.5704842649806007,0.5713570683747952
243,1.0415690656725163,0.969449808575638,0.049531039861764936,0.022588218543970272,0.607127460842075,0.6081948458215404
244,1.0345661622437445,0.9627398295398416,0.049219097751540035,0.022607236874160934,0.6046845811179767,0.6059617160732907
245,1.0391959047536772,0.9668598838674044,0.04970705906125403,0.022628967707915403,0.5989366288259808,0.6002779681215552
246,1.02947135599613,0.9579879822685109,0.04883837263604522,0.02264500960931428,0.6048282799252767,0.6060923581111277
247,1.0326410146567444,0.9606359780460001,0.049336181567316166,0.022668862196638644,0.597068544331082,0.5985796216296738
248,1.0360518239801482,0.9641988971552333,0.049169729677750164,0.022683196874419186,0.5987929300186808,0.600129003426188
249,1.0326052606919491,0.9613845805050159,0.04852043852779625,0.0227002400558542,0.5898836039660871,0.5911619246238641
250,1.0353951985371115,0.9631166033814018,0.049551282996636456,0.0227273099963813,0.604253484696077,0.60563086548488
251,1.0345677124869808,0.9626677728261152,0.04916026159898271,0.022739673154071275,0.601379508550079,0.6023523015045434
252,1.0361203637371839,0.9637070449711794,0.04965341781664981,0.022759896314823776,0.5910331944244863,0.5926529122597944
253,1.0320019053820135,0.9599264772789011,0.049296230655353566,0.022779200317072857,0.6049719787325765,0.6063390436466557
254,1.031392301391435,0.9597769809498974,0.048812643024347215,0.02280268019496461,0.6005173157062796,0.6017822136153732
255,1.035803414244199,0.9638011700155612,0.049184174425841096,0.022818072108151174,0.582842362408392,0.5843023983315955
256,1.0369135381709846,0.964538808731636,0.049542238006780745,0.022832498353984803,0.6052593763471763,0.606728586325041
257,1.0272346476762353,0.9553111222030479,0.049071454362338056,0.022852068941465808,0.6055467739617761,0.6069654401906748
258,1.0303271308954565,0.9593450178581333,0.04811307379339152,0.02286903804642131,0.5963500502945825,0.5977248622076567
259,1.0305631111657967,0.9592844378692971,0.04838494633963215,0.022893723236930355,0.6036786894668774,0.6050838671234917
260,1.0350348065598016,0.9636427527238692,0.04847869574798817,0.022913355610484208,0.5969248455237821,0.5980703113362134
261,1.0326011924501088,0.9607190002413861,0.04895459819718379,0.02292759532574899,0.6043971835033769,0.6056393564725159
262,1.033618039518856,0.9615180453772448,0.04915141275350365,0.022948572730380822,0.6061215691909757,0.6074696856844929
263,1.0254703429533603,0.9537981382679162,0.048701607168924195,0.02297059040506444,0.5792498922258945,0.5808958736779383
264,1.0295872363332943,0.9578626855366325,0.04872745283687829,0.022997101276089428,0.6038223882741773,0.6049640995084166
265,1.0342847583262738,0.9628747881597992,0.048394956981048856,0.0230150159444638,0.6029601954303779,0.6044673022493668
266,1.0319695023048676,0.9599997978611982,0.04893468487978341,0.023035014196234643,0.5911768932317861,0.5926675107999404
267,1.029959259884233,0.9584163525252185,0.04849157042941634,0.0230513374828512,0.6023854002011784,0.6039569492030389
268,1.0371251575801885,0.9650333069542184,0.04902444831263592,0.023067400547314314,0.5983618335967812,0.5994866676597647
269,1.0274104320689477,0.9551135066820127,0.04920624214194941,0.023090679320021082,0.6075585572639747,0.6088616117980038
270,1.0311259624687037,0.9595286647621492,0.048490052556966735,0.023107245987631034,0.6025290990084782,0.6039287948756146
271,1.0323885348460202,0.9605085725396473,0.04875986117354102,0.023120103993312966,0.5996551228624802,0.6008334574705795
272,1.0315313342145538,0.9595992272399352,0.048791433394250724,0.023140670513253237,0.5880155194711884,0.5894086101593923
273,1.0320369861286627,0.9605800927173545,0.04830952251217869,0.023147368485372733,0.5992240264405806,0.6008018769551616
274,1.0289102110100095,0.9571587878202703,0.04858179923448348,0.023169630331181728,0.6059778703836758,0.6072779681215552
275,1.0310420210735947,0.9587745331265252,0.04907599577921392,0.023191489465829114,0.6003736168989797,0.6016149262624759
276,1.0286539798838805,0.9566508014323057,0.048790417905489526,0.023212761620739732,0.6006610145135796,0.6020716520184717
277,1.0267773741602744,0.9550532050251977,0.048499477405985945,0.02322469265974404,0.5826986636010921,0.5843000148964695
278,1.031696387141716,0.9597018543785546,0.04874587525391582,0.02324865631012931,0.6002299180916798,0.6016980485624907
279,1.023442245023075,0.9516730693020788,0.04849798945844696,0.0232711891872686,0.6046845811179767,0.6058517801281095
280,1.0331274230070095,0.9612177522005338,0.04861826785599334,0.02329140602268267,0.6039660870814773,0.6051863548339044
281,1.0281249977576525,0.9556976465987721,0.04911170923582677,0.023315640161316327,0.6075585572639747,0.6089715477431848
282,1.0311280739326247,0.9592026654100397,0.04859085800400546,0.023334556212240568,0.6023854002011784,0.6037126471026365
283,1.0305507431292023,0.9582978953813612,0.04889733759938754,0.02335550342269594,0.6056904727690761,0.607108297333532
284,1.028570169252403,0.9562507453946688,0.048945414342702435,0.023374013288233245,0.5831297600229918,0.5847102636675109
285,1.0281687467361014,0.9554929699701111,0.049279158236090866,0.02339661423529654,0.6023854002011784,0.6038164754953076
286,1.0293882425565593,0.9569880234936493,0.04898822356836089,0.02341200083008116,0.6012358097427791,0.602740801430061
287,1.030935033605537,0.9586144564977098,0.048890264316449,0.023430321140225238,0.5907457968098865,0.5921534336362283
288,1.0282412273802621,0.9560722765917065,0.04871945394055051,0.023449492470695464,0.6002299180916798,0.6018568449277522
289,1.0295216780590042,0.9572727390705366,0.048776959366309505,0.02347197731064729,0.6026727978157781,0.6038639952331298
290,1.0310431591548666,0.958321578596186,0.049228259080836,0.023493317343034455,0.5997988216697802,0.6011167883211679
291,1.0256371331259444,0.9532737067280564,0.048850662298077635,0.023512763155506232,0.607127460842075,0.6082437062416207
292,1.0258313256924412,0.9537675682198883,0.048530448878534325,0.02353331088197524,0.5916079896536859,0.5932732012513035
293,1.0263884092031632,0.9541266121763593,0.04870587188168613,0.023555928829723877,0.6029601954303779,0.604247430359005
294,1.0263523370185996,0.9543519475402152,0.048429722929693775,0.02357066393927444,0.6062652679982756,0.6077102636675109
295,1.0298273061811796,0.9571319232985349,0.04909350883517051,0.023601875012387984,0.6038223882741773,0.6051839713987784
296,1.0294954489832517,0.9570397404799398,0.04884215926328324,0.023613545692464644,0.6002299180916798,0.6011544763890957
297,1.028671653025074,0.9561974933425282,0.04884254536159869,0.023631609155646445,0.5956315562580831,0.5970533293609416
298,1.0260920851270705,0.9538961886794322,0.048547917205311986,0.023647970565328278,0.6064089668055755,0.6075355280798451
299,1.0252312919089361,0.9528605536425109,0.048701621425025064,0.023669116238897895,0.5999425204770801,0.6013146134366155
300,1.0270734612053367,0.9546345581455398,0.0487473779104362,0.023691523644576933,0.5835608564448915,0.5853953523015045
301,1.029302986176265,0.9573570418621655,0.04823792733563605,0.023708014906508378,0.6006610145135796,0.6020044689408611
302,1.0323106473008523,0.9595241317085741,0.04905821803011314,0.02372830720140059,0.5683287828711022,0.5702647102636675
303,1.025993267478126,0.9532811884171559,0.04897110548310966,0.023740970921871444,0.5997988216697802,0.6013244451065098
304,1.028123082263594,0.9550640835024053,0.04929094945492373,0.023768052051384776,0.6054030751544762,0.6066332489200059
305,1.0265577815784637,0.9540622633393254,0.04872176203010051,0.023773756878990384,0.6055467739617761,0.6070326232682853
306,1.0248281367124197,0.9524208148297676,0.0486065788109689,0.023800742211156765,0.5781003017674954,0.5797774467451214
307,1.0226564918429126,0.9505661569170644,0.04827146275060789,0.023818868523288825,0.6020980025865785,0.6034452554744526
308,1.0318043938243606,0.9588040663329567,0.04915653111982969,0.023843795456712762,0.5887340135076878,0.5902877997914494
309,1.028222287484054,0.9553857994398213,0.04898301023791312,0.023853484645297445,0.5944819657996838,0.5961425592134664
310,1.0295820102076332,0.9569411761186164,0.04877358931207095,0.023867239900182798,0.6062652679982756,0.6076430805899002
311,1.0286097900503273,0.9560788454278342,0.04864380528361038,0.023887144550756058,0.5979307371748814,0.5993451511991658
312,1.0314348147062413,0.9581182637353758,0.04940992346233396,0.023906630405414495,0.6019543037792786,0.6032046774914345
313,1.034865090055256,0.9617189184004659,0.049229666958990614,0.023916502156242556,0.6056904727690761,0.6071266199910621
314,1.0246663948022903,0.9516398187666245,0.049098371194451,0.023928210409878744,0.6016669061646789,0.6030716520184717
315,1.0254856357973254,0.9522257031149384,0.049305178102987526,0.023954759064576274,0.6005173157062796,0.6020387308207955
316,1.0242670272972276,0.951521287560206,0.0487712054474718,0.023974538713432383,0.604253484696077,0.6056797259049604
317,1.0268547155165368,0.9539642986988847,0.048896784549823935,0.02399363122796949,0.6084207501077741,0.6097126471026366
318,1.0224782913336552,0.9500559215779311,0.048410707675450526,0.024011663994309564,0.5750826268141974,0.5767591240875912
319,1.0290284386515738,0.9560029179667207,0.04899406128187326,0.024031470779863253,0.604253484696077,0.60562475793237
320,1.0265093694765826,0.9535015948391934,0.04895973823378956,0.024048034544969395,0.6022417013938784,0.6039240280053627
321,1.0246272811020802,0.9516229933920837,0.04893567471173855,0.02406861210454168,0.6016669061646789,0.6028334574705795
322,1.0254819543218798,0.9525288724148988,0.04886775694488794,0.024085318794941607,0.6035349906595775,0.6048432891404738
323,1.029314872570671,0.956259223026934,0.04895293357538361,0.02410271409607247,0.6045408823106768,0.6061669894235067
324,1.024172882844292,0.9509549209194154,0.04909532727682483,0.024122633670825677,0.5993677252478804,0.6004072694771339
325,1.0249362876744497,0.9517872706451778,0.04901259987829043,0.024136417579237183,0.6048282799252767,0.6060251750335172
326,1.0271026300517183,0.9538280442796025,0.04911342320500956,0.02416115894834446,0.5959189538726829,0.5969909131535827
327,1.0254492471745378,0.9526952720353069,0.0485828174228623,0.024171150419692453,0.5980744359821814,0.599488008342023
328,1.0218731919775956,0.9485957352298655,0.049080313135857624,0.024197135144987315,0.601523207357379,0.6030570534783256
329,1.0250282584978496,0.951923442779387,0.048888517774664,0.024216307874515765,0.5795372898404944,0.580778489497989
330,1.024428691478926,0.9511743422417244,0.04902815467242126,0.02422618983121529,0.577238108923696,0.5780041710114704
331,1.0228991688008726,0.9498567134248986,0.04879436548785893,0.02424808571957997,0.5700531685587009,0.5718568449277521
332,1.025239978255957,0.9521395167086141,0.048837391649714006,0.024263064674246174,0.5894525075441874,0.5909776552956948
333,1.0265331134095173,0.9535645536606229,0.04868664437154703,0.02428192041711546,0.6033912918522776,0.6046943244451065
334,1.0306682097087871,0.957400626527422,0.04897188260628842,0.0242957032516755,0.6033912918522776,0.6044988827647847
335,1.0200573943575697,0.9464818617361923,0.049262877430577855,0.024312657890684784,0.6054030751544762,0.6067126471026366
336,1.018652251969639,0.9459815554653781,0.048337680931247365,0.02433301073024329,0.5996551228624802,0.6009189632057202
337,1.0257094637007014,0.9530226617798858,0.04833801685029327,0.024348783498555786,0.6006610145135796,0.6021938030686727
338,1.0249494958461778,0.9515120063572886,0.04906610067854035,0.024371391426724235,0.5861474349762897,0.5869773573663041
339,1.0246343100905195,0.9511441227296489,0.04909794656542427,0.024392239280759148,0.601379508550079,0.6029508416505288
340,1.0255432827819746,0.9521457898683598,0.048990664912385316,0.02440683454952846,0.597068544331082,0.5983414270817816
341,1.0282216540080478,0.9548213236598143,0.04898052347147066,0.0244198000458148,0.6078459548785745,0.6091656487412483
342,1.0245643074715647,0.9506334364885296,0.04949119436657794,0.02443967915708468,0.6087081477223739,0.6097662743929689
343,1.0236492641511055,0.9498880692966575,0.04929950052984985,0.024461702845015306,0.5974996407529818,0.5989654401906749
344,1.0239467479782143,0.9506947190909913,0.04877690680165506,0.024475122409436292,0.5944819657996838,0.5955684492775213
345,1.0260538376941646,0.9522486826369331,0.04930866915555431,0.024496494572519192,0.6046845811179767,0.6061571577536125
346,1.0292385203483068,0.9555521988803618,0.049179808987846046,0.02450651168461366,0.5906020980025866,0.5913814985848355
347,1.0195043630376597,0.945982172350754,0.04899622037587092,0.024525973378952456,0.6023854002011784,0.6036515715775362
348,1.024124185652513,0.9509399431089951,0.04864199401524102,0.024542264079316145,0.6023854002011784,0.6037187546551467
349,1.028996359378652,0.9555180860946432,0.04891640437655295,0.024561871187918007,0.6032475930449778,0.6046675107999404
350,1.0238473152596985,0.9504523406102064,0.04881647032089901,0.024578502526439065,0.6012358097427791,0.6025881126173097
351,1.0191189766803819,0.9456523635603604,0.04886708534822534,0.024599528595920798,0.6049719787325765,0.6060642037837033
352,1.0265914887117062,0.9533019130951818,0.04867643198470289,0.02461314732526025,0.6016669061646789,0.6030350067034113
353,1.0230984619798151,0.9493119823365637,0.04915195380601583,0.024634526003184786,0.5696220721368013,0.5713794130791002
354,1.025637291503511,0.9517490593142371,0.04923367332268299,0.024654553933351493,0.6087081477223739,0.6101632653061225
355,1.022055945257326,0.948109985117358,0.049271976621560555,0.024673979474066455,0.602816496623078,0.6041534336362282
356,1.0172946908073464,0.9436525556269965,0.04894819019466985,0.02469393558439415,0.6081333524931744,0.6092070609265604
357,1.018534720209519,0.9453750573144697,0.04844694068452753,0.02471272368773653,0.5963500502945825,0.5978409057053479
358,1.0236296535120697,0.9493627469418703,0.049529303670387735,0.02473759448859974,0.6061215691909757,0.6073108893192314
359,1.022331619831419,0.94830281855406,0.04927278929104286,0.024756023156030937,0.6066963644201753,0.6081632653061224
360,1.021927050756884,0.9485430628733656,0.04861906065065845,0.02476492790120663,0.6008047133208795,0.6024038432891405
361,1.0212205274297959,0.9471395617330326,0.04929205268152505,0.0247889053537416,0.6023854002011784,0.6039325189929986
362,1.0206511819785757,0.9470890284800841,0.04875957754292456,0.024802577925276133,0.5967811467164823,0.5984099508416506
363,1.0202396399914182,0.9464999232797174,0.048912460541421954,0.024827254576899487,0.6049719787325765,0.6063451511991657
364,1.0248550425008858,0.9511989622832818,0.04881002412706652,0.0248460577706386,0.6026727978157781,0.6038334574705795
365,1.0217631139842955,0.9482026474111672,0.04870098810265557,0.024859475357588347,0.607271159649375,0.6087957694026516
366,1.0220169963328245,0.9481507713449705,0.04898761903495346,0.0248786116623535,0.6091392441442736,0.6105368687621034
367,1.01805986632114,0.9443089595675588,0.04884557907870659,0.024905326974943957,0.6036786894668774,0.6047662743929688
368,1.021096607540373,0.9469048721058168,0.04926381398483261,0.02492792576118899,0.6032475930449778,0.6043743482794578
369,1.0240104258925533,0.950175654067615,0.04889473300478054,0.02494003462967456,0.5929012789193849,0.5936977506330999
370,1.0216083028806766,0.9471474081847427,0.04949623147403908,0.02496466052682728,0.6051156775398764,0.6065368687621033
371,1.020579095492505,0.9466323493318082,0.048968211915930177,0.024978537627719722,0.6102888346026728,0.6116614032474302
372,1.0184516857574513,0.9447618101944713,0.048686947216396104,0.025002931121146307,0.6023854002011784,0.6038531208103679
373,1.0203338613334032,0.9462916603768792,0.049022592569899846,0.025019616014931047,0.5956315562580831,0.5972732012513033
374,1.0196850943931957,0.9458604475893085,0.048786712035521776,0.02503793386180119,0.5835608564448915,0.585120512438552
375,1.0228871448421328,0.9489984772537337,0.048835328881156256,0.025053335974970704,0.5946256646069837,0.596120512438552
376,1.018947369580571,0.9449250728153158,0.04895159873197623,0.025070704037693233,0.5954878574507831,0.5969104722180842
377,1.0180010688358005,0.9439601572718938,0.048950121403575575,0.02509079631731152,0.6094266417588734,0.6105233129748251
378,1.0226973063525395,0.9486887480253665,0.04890431479670943,0.025104250317247525,0.611438425061072,0.6130058096231193
379,1.0211266493519793,0.9466842551617842,0.04931583037868384,0.025126568289728732,0.6033912918522776,0.6049080887829585
380,1.0223027155957425,0.9477705206400294,0.04939311378283359,0.025139082462464893,0.5983618335967812,0.5995843884999256
381,1.0250147192072878,0.9504167639433199,0.049443891874451217,0.02515405639476099,0.6058341715763759,0.6068419484582154
382,1.0207641269818413,0.946578785937688,0.049021722340158974,0.025163616547458714,0.5880155194711884,0.5891093400863995
383,1.0220452050296616,0.94797568194293,0.048892107937939466,0.025177412648581022,0.6048282799252767,0.6063305526590198
384,1.0205716954203992,0.9459963053580519,0.04937365344927766,0.025201741354129132,0.604253484696077,0.6053621331744378
385,1.0187182222431566,0.944449511354109,0.04905370527318727,0.02521499826538441,0.6058341715763759,0.607025175033517
386,1.0183486266114927,0.9441598990830664,0.04895258519355808,0.02523614017164113,0.6074148584566748,0.6087798301802473
387,1.0232813491237491,0.9487225593446846,0.049307591636079125,0.025251196563792034,0.6061215691909757,0.607488008342023
388,1.021224399204997,0.9469218739388848,0.04903584343337999,0.02526668139002261,0.6059778703836758,0.6072168925964547
389,1.016932690703744,0.9428484146408966,0.04879816446064156,0.025286111384062764,0.6043971835033769,0.6057676150752273
390,1.0163139824312915,0.9419800809683994,0.04902268414170017,0.025311222358550947,0.6059778703836758,0.6069848056010725
391,1.0235391509723073,0.9491435817936266,0.049070145446608544,0.025325416614995946,0.601379508550079,0.6023523015045434
392,1.0183184362550735,0.9436299310177286,0.04934695205660725,0.025341547035534144,0.6016669061646789,0.60289453299568
393,1.0156553738383423,0.9417973093336247,0.04849922380092021,0.02535884047334205,0.5921827848828854,0.5937224787725309
394,1.0189594078858808,0.9453679260756713,0.048208017932163574,0.025383462712654764,0.5954878574507831,0.5969165797705944
395,1.0175869498620826,0.9435090064865399,0.04867017425126703,0.025407765788162794,0.6039660870814773,0.6055100551169373
396,1.0162426174877532,0.9417089751301561,0.049104963869438856,0.025428683677012936,0.5950567610288835,0.5965796216296739
397,1.0196692836594694,0.9454545673410651,0.04876802454901026,0.025446698169141926,0.6039660870814773,0.6055528079845077
398,1.0201540981529258,0.9457082058749916,0.0489884119848613,0.025457480721328772,0.6000862192843799,0.6010726947713392
399,1.0236283797507897,0.9490374156602721,0.04912063884821187,0.02547033129222204,0.601379508550079,0.6028103679427976
400,1.0179024769890186,0.9432741079218755,0.04914170904249651,0.025486660047933055,0.6059778703836758,0.607253537911515
401,1.0150017673161749,0.9406734191578239,0.048823859174843574,0.025504498250695767,0.6091392441442736,0.6104269328169225
402,1.0154445089045432,0.9409579077077368,0.048960931414990166,0.02552567536091904,0.6069837620347751,0.6082962907790853
403,1.0180702698883406,0.9430440871824152,0.04947896587232403,0.025547217758901588,0.6088518465296738,0.6101106807686578
404,1.0160214061503403,0.9412609373877353,0.04919747892354459,0.02556298943061153,0.6056904727690761,0.6069861462833309
405,1.0143784631050632,0.9398430735836394,0.04894868810469091,0.025586692762485798,0.6038223882741773,0.6050923581111276
406,1.019434937219336,0.9450973098965654,0.04873645334487281,0.025601168858634962,0.5993677252478804,0.6004683450022344
407,1.0213485050259659,0.9464959225138639,0.04923887319947423,0.025613712137510146,0.6061215691909757,0.6073902875018621
408,1.0218454736679308,0.9467121671201648,0.04950102140883687,0.025632290843564266,0.6008047133208795,0.602031282586027
409,1.0144270679563228,0.9392728834663387,0.049503313560846605,0.025650865975555923,0.6003736168989797,0.6020302398331595
410,1.0145233961370659,0.9397214297882389,0.04913285910121787,0.025669104802000794,0.5934760741485846,0.5949410099806346
411,1.0206491272585507,0.9454164489245068,0.04953928409567988,0.02569339474424118,0.6045408823106768,0.605861611798004
412,1.015134099391809,0.9400015581457553,0.049426249972913845,0.025706287108619746,0.6032475930449778,0.6043560256219276
413,1.0189391389320013,0.9443538818984286,0.048867001010736426,0.025718250196415864,0.6018106049719787,0.6033122300014897
414,1.0120592305399525,0.9374465314559783,0.04887227418993478,0.025740426534526923,0.6016669061646789,0.6029861462833308
415,1.0142335126516138,0.9402735827725961,0.04820293996642078,0.025756993552771328,0.5954878574507831,0.5971181290034263
416,1.019020913481147,0.9442610245169639,0.048981702352138855,0.025778187064389453,0.607271159649375,0.60863086548488
417,1.021546358280371,0.9460743714858958,0.049680280708336494,0.025791707602164274,0.6016669061646789,0.6030411142559213
418,1.0183648033069457,0.9428531988493789,0.04970786517895764,0.02580373097285532,0.6005173157062796,0.6016478474601519
419,1.0181901932687727,0.9431585639453959,0.04921908281076518,0.025812543735105102,0.5950567610288835,0.5961887382690303
420,1.0179897563555818,0.9428936615125906,0.04926173573268575,0.025834357788868462,0.607271159649375,0.608520929539699
421,1.013053869187001,0.9380840683038215,0.04911432863523741,0.025855476665936218,0.6079896536858744,0.6091863548339045
422,1.0135210229843783,0.9387353507758797,0.04891153119257134,0.02587413714717116,0.608564448915074,0.6099715477431848
423,1.0167674339268122,0.9420930189140091,0.04878147035668012,0.025892942359868797,0.6079896536858744,0.6093207209891255
424,1.021069035325898,0.9454621866630196,0.04968958370251583,0.02591726371199685,0.597068544331082,0.5987139877848949
425,1.0160025558795098,0.9404070700854299,0.049663636721547506,0.02593184960169608,0.6091392441442736,0.6105551914196335
426,1.0168859256823046,0.9413619725024808,0.04957625428612144,0.02594770465936404,0.602816496623078,0.6042816922389395
427,1.0155432441228078,0.94041519808108,0.049168499962581026,0.025959545049726973,0.6051156775398764,0.6061337702964399
428,1.0175722069157183,0.9423479032783711,0.049245066742716136,0.02597923357190115,0.5931886765339848,0.5939407120512439
429,1.0141559900403587,0.9383730217632437,0.04978263468933544,0.026000329130171942,0.6020980025865785,0.6034635781319827
430,1.0140136624910585,0.9384831087670461,0.04951072873753504,0.02601982518829291,0.6077022560712746,0.6088823178906599
431,1.0188736218387906,0.943311178936049,0.04952789844956047,0.026034553862496822,0.6003736168989797,0.6016515715775361
432,1.0141423693983218,0.9384554677318612,0.04963473752804795,0.026052159649488708,0.6064089668055755,0.6078592283628781
433,1.0103561969936743,0.935215699893679,0.04906937983494618,0.02607111814083219,0.5949130622215836,0.5963390436466557
434,1.017260526151283,0.9421257826082493,0.04904469229170673,0.026090050074158773,0.5989366288259808,0.6002168925964547
435,1.0188087657926959,0.9431149269901039,0.049588245343037386,0.02610559833230284,0.6124443167121713,0.6138103679427976
436,1.0159370429660761,0.9404052142816673,0.04940984177788984,0.026121994290452165,0.6009484121281793,0.6022230001489647
437,1.0167181377164898,0.9416211910041554,0.04896167365137934,0.026135273854834266,0.6000862192843799,0.6012253835840905
438,1.0131835258286273,0.9375979270738404,0.049434265240926235,0.02615132990259346,0.5992240264405806,0.6006430805899001
439,1.012790618725319,0.9372125086487667,0.04940371746862478,0.026174398995363123,0.6012358097427791,0.6024293162520482
440,1.0130911113493297,0.9373548537822509,0.049537062310383635,0.02619919623740104,0.6075585572639747,0.6088432891404737
441,1.0125551763871121,0.9369346510577705,0.04940234725878129,0.026218174582148937,0.5858600373616899,0.5869848056010725
442,1.0175266699863588,0.9416414102118391,0.04964661209349284,0.02623864965956861,0.5946256646069837,0.5958823178906599
443,1.0142694240775083,0.9384234318840793,0.04959370935142237,0.02625228309039498,0.5979307371748814,0.5990153433636228
444,1.0134220545893857,0.9381028724086748,0.04905137729168983,0.02626780369338427,0.6091392441442736,0.6103658572918219
445,1.0144126270245266,0.9384971769792387,0.04962834039199008,0.026287114079321643,0.6046845811179767,0.606114404886042
446,1.012927233804521,0.9370279454657325,0.04959020392819629,0.02630909134860413,0.595775255065383,0.5969518844033964
447,1.0145005461367609,0.938833323990002,0.04934658105270344,0.026320639501211628,0.6033912918522776,0.604755399970207
448,1.0168760832672679,0.9412230491244188,0.04931445320593607,0.02633858065131984,0.6084207501077741,0.609865335915388
449,1.0139065635908369,0.9380718146543562,0.04947396516232488,0.026360786710919997,0.6033912918522776,0.6048103679427975
450,1.018926028145646,0.943562602984835,0.04899854626373273,0.026364881522286502,0.6066963644201753,0.6081815879636526
451,1.0129073589316455,0.9369254709317915,0.049593225943213956,0.026388664818890118,0.6056904727690761,0.607108297333532
452,1.0145621879773332,0.9385446857011666,0.049609750317082285,0.02640775355621091,0.6066963644201753,0.6080960822285119
453,1.0140187392496551,0.9380011829447346,0.04959230287259364,0.02642524581365603,0.6069837620347751,0.608363473856696
454,1.0124071343463459,0.9362567368210142,0.04970496017734781,0.026445435338928912,0.6045408823106768,0.6056417399076419
455,1.0159496057905468,0.9405973308695204,0.04889542216367892,0.026456848290103967,0.6081333524931744,0.6092925666617013
456,1.0110932466267408,0.9354727786751139,0.04914568957486857,0.026474781848842478,0.597212243138382,0.5988568449277522
457,1.0161982094664257,0.9403480868141513,0.04935185628538845,0.02649826834382194,0.6005173157062796,0.6019593326381648
458,1.01178973895206,0.9358907376817116,0.04938218204184397,0.026516821778232568,0.5926138813047852,0.5940472218084313
459,1.0142678066751947,0.93869148727326,0.04904234373626447,0.026533974970825137,0.5939071705704843,0.5953573663041859
460,1.0163934727238588,0.9404128777225361,0.04942864064945711,0.026551953699846073,0.5992240264405806,0.6005881126173096
461,1.010610824687194,0.9343883497633799,0.04964931020899945,0.02657315983644572,0.607271159649375,0.608514821987189
462,1.0136228265527987,0.9376661883446827,0.04936953537505511,0.026587112452489563,0.5516597212243138,0.5537421421123194
463,1.0116364596595468,0.9348747985409943,0.050150445443359254,0.0266112155338688,0.6091392441442736,0.6104452554744525
464,1.017105968994799,0.940243750395215,0.05023317396552985,0.026629055077072222,0.6016669061646789,0.6026868762103381
465,1.0162705548074433,0.9398174514577279,0.049810683755422226,0.02664240929206429,0.6058341715763759,0.6069702070609265
466,1.013318358575635,0.9371294401161012,0.04953820841128087,0.026650712860019868,0.6009484121281793,0.6023940116192462
467,1.0109810078173196,0.9348891170258871,0.049418761757195624,0.02667312933321288,0.604253484696077,0.6057652316401013
468,1.0156502294153262,0.9394674949869374,0.04949264502695347,0.026690090539257475,0.6049719787325765,0.6065528079845077
469,1.0158580550861043,0.9393718860104502,0.04978192774497293,0.02670425144715425,0.6023854002011784,0.6034805601072545
470,1.0148051970476801,0.9383343607379986,0.049751077317860916,0.026719761880673817,0.6041097858887772,0.6057017726798748
471,1.0136375820213632,0.9373095620379124,0.049590114516946567,0.02673789755742232,0.6105762322172726,0.6119715477431849
472,1.0079884893131215,0.9318914650106314,0.049344247471225865,0.02675277614632263,0.6031038942376779,0.6045063309995531
473,1.0157428470591838,0.9392333950936785,0.04973424077654968,0.026775212762528047,0.5916079896536859,0.5926929837628483
474,1.008517388212114,0.9324599688963432,0.04926820032652947,0.026789218505312098,0.6012358097427791,0.6027835542976314
475,1.0103273620069635,0.9341034841513494,0.04941165618376839,0.026812214950906046,0.6064089668055755,0.6075843884999256
476,1.0106576301188523,0.9344097548114241,0.04940978486911544,0.02683808757649326,0.6002299180916798,0.6013987784894981
477,1.0151412884794033,0.939035458337954,0.04925692862375901,0.026848893556949957,0.6077022560712746,0.608998361388351
478,1.0101790619335018,0.9337823096491993,0.049530424706007256,0.02686633455297662,0.6025290990084782,0.6038066438254134
479,1.0141037211607955,0.9376371406176118,0.04957499509089242,0.026891590255715584,0.6084207501077741,0.6097737226277371
480,1.0161775293013098,0.9393797091136532,0.04989534641683898,0.026902470855198386,0.6069837620347751,0.608479517354387
481,1.0129254034905448,0.936235266780867,0.04977487956424917,0.026915263493250526,0.6061215691909757,0.6072986742142114
482,1.0118843468291816,0.9353234554299816,0.049626556423858485,0.026934333717875274,0.6092829429515735,0.6103865633844779
483,1.0106216851177015,0.9344796768326341,0.04919253629948802,0.026949476808810616,0.5766633136944963,0.5783549828690601
484,1.012486728619426,0.9360756243863211,0.04944007066287928,0.02697103935944133,0.5635867222302055,0.56536109042157
485,1.0114789806163966,0.9348323710058283,0.049658785366300265,0.026987825840324022,0.5937634717631843,0.595464918814241
486,1.01184097782499,0.935285120949798,0.04954893682872038,0.0270069269933163,0.6056904727690761,0.6072243408312231
487,1.01580105029675,0.9387071387386473,0.05007126558594002,0.027022645451296574,0.6010921109354792,0.6026284820497542
488,1.010352972578533,0.9334984355864296,0.049818843126699555,0.027035693231317517,0.6002299180916798,0.6014659615671086
489,1.0139654023771674,0.9371058488820609,0.0498094821862961,0.027050076278719106,0.6105762322172726,0.6119471175331447
490,1.0096390823777301,0.9331225940235252,0.04945601630628854,0.027060473466513912,0.6087081477223739,0.6101571577536126
491,1.010834438908047,0.9338959281189995,0.04985160099987258,0.02708691128004058,0.6048282799252767,0.6060984656636377
492,1.0117359668603145,0.9348237272017406,0.0498040985374388,0.027108147448882458,0.6022417013938784,0.6035514673022494
493,1.0112511077768622,0.9342265337307334,0.049903734097716826,0.027120838735645008,0.604253484696077,0.6056797259049604
494,1.013362885001131,0.9361591819785658,0.05006569863395678,0.027138007027199425,0.5993677252478804,0.6007065395501267
495,1.008388127895552,0.9312876624560147,0.04994683278148279,0.027153632245055303,0.6036786894668774,0.6052670936987934
496,1.0091103415736558,0.9320843549342758,0.049851522031640984,0.027174465213720956,0.6036786894668774,0.6050960822285117
497,1.0097482991228846,0.9330410777554633,0.04951740293262385,0.02718982417636955,0.6097140393734732,0.6109372858632504
498,1.0107380281167566,0.933871001797446,0.04965629230931515,0.027210737920506347,0.6081333524931744,0.6096468047072844
499,1.0149642916773394,0.9380858023201945,0.049649825522801644,0.02722866655831785,0.607127460842075,0.6083719648443319
500,1.0089022481230796,0.9320403612932779,0.04961995600975267,0.027241937271990486,0.6075585572639747,0.6090509459258155
501,1.0097204678650302,0.9329127553191434,0.049551222984613334,0.027256489894777764,0.6018106049719787,0.6033244451065097
502,1.0153868348284312,0.9383550095547888,0.04975506113977298,0.02727676615229256,0.6036786894668774,0.6048578876806197
503,1.011702976070579,0.9352675906747455,0.049152723989844375,0.02728265949596806,0.6064089668055755,0.6075660658423953
504,1.009417052583493,0.9321053676143394,0.0500050031306081,0.027306678080600746,0.6095703405661733,0.6109532250856546
505,1.0101200310744367,0.9332037542225695,0.04959527542459963,0.027321003517691372,0.6041097858887772,0.6054025026068821
506,1.0091284896848118,0.9323302099700974,0.04946064016133877,0.02733763767788295,0.5870096278200891,0.5888605690451362
507,1.0136703279001615,0.9367679317443942,0.04954679735579835,0.027355590812462572,0.5995114240551803,0.6006417399076419
508,1.0100638088112437,0.9329032915593358,0.049791152757515014,0.02736936275808312,0.6048282799252767,0.6062022940563087
509,1.0072995606707609,0.9305347818669822,0.049375186564422475,0.027389589878595976,0.610001436988073,0.6114428720393267
510,1.0089383793041649,0.9315480305590426,0.04997941586097299,0.027410930207550293,0.595775255065383,0.5973000148964696
511,1.0093949555596977,0.9318140681095893,0.050147679172545125,0.027433208013650654,0.5936197729558844,0.5952548785937734
512,1.0110206622333255,0.9340231373128851,0.04955508092286892,0.027442445709256455,0.6062652679982756,0.6071605839416058
513,1.0106010700132093,0.9333397162202138,0.04979874727435711,0.02746261082448302,0.5986492312113809,0.6001082973335319
514,1.0106635649479365,0.9334026884546155,0.049788899488456974,0.027471969740842418,0.6101451357953729,0.6116040518397139
515,1.0083354564726499,0.9306164779168364,0.05022124710683765,0.027497734330602035,0.6094266417588734,0.6108897661254283
516,1.0113521383092705,0.9343281265887263,0.04951803082417424,0.027505982018667812,0.6108636298318724,0.6120679279010873
517,1.0155501669894553,0.9377489911531782,0.05027759563590556,0.027523578084520283,0.6051156775398764,0.6065857291821839
518,1.0092203033126315,0.9313578582697344,0.050322657235567385,0.027539783496399482,0.6095703405661733,0.6108860420080441
519,1.0108847168263115,0.9333445948591039,0.04998465425455719,0.02755547396438246,0.6065526656128755,0.6076844927752123
520,1.0094798247453416,0.9316213976670518,0.05028242648198166,0.027575996800355655,0.6101451357953729,0.6115551914196337
521,1.00904059762978,0.9313056195222504,0.050138891123867976,0.02759608621146294,0.6088518465296738,0.6100679279010874
522,1.0082543456429363,0.931072514895513,0.049569843121473604,0.027611988788664145,0.6058341715763759,0.6072694771339192
523,1.0131165034162157,0.9357699106643728,0.049718765004182416,0.027627821279927085,0.6069837620347751,0.608265753016535
524,1.0084012975842125,0.9308887769100498,0.04986443607887928,0.02764807672474444,0.5940508693777842,0.5951826307165202
525,1.0127108991445866,0.9351520966671547,0.049903588495556525,0.027655215076069016,0.5983618335967812,0.5998103679427975
526,1.0068951390875296,0.9292081484833674,0.05000892248128334,0.027678068191667436,0.6130191119413709,0.6141924623864145
527,1.0097204318230206,0.9322166801920772,0.04980822035140528,0.027695536327871258,0.5986492312113809,0.5998029197080292
528,1.0103632908885654,0.9323507597741424,0.050298821371632725,0.027713702972333294,0.6061215691909757,0.6073414270817815
529,1.007632676358366,0.9300163732056029,0.049885857150114926,0.027730452379109805,0.6051156775398764,0.6060726947713392
530,1.0084505395430876,0.9308633642012334,0.04983923721157591,0.027747947958214118,0.6036786894668774,0.6050411142559213
531,1.0098575636014322,0.9323989780303099,0.04969627932591982,0.027762315183704502,0.6078459548785745,0.6091961865037987
532,1.0104818210843,0.9326085609974473,0.050091314409905115,0.027781945670523816,0.6094266417588734,0.6105782809474155
533,1.012056111869738,0.934232205148229,0.05003088998285359,0.027793021259966175,0.6059778703836758,0.607033666021153
534,1.0108686056026082,0.9325602850380909,0.05049907952281555,0.027809243508990528,0.6046845811179767,0.6058273499180694
535,1.0112095657719469,0.9325452930352729,0.0508352587983721,0.027829011193717376,0.6095703405661733,0.6108249664829436
536,1.0033036217399671,0.9257276871883076,0.04973712235096029,0.027838806756764742,0.6091392441442736,0.6103353195292716
537,1.0054163294013914,0.9276961570482244,0.04985373100619975,0.027866445842850376,0.5735019399338985,0.5751205124385521
538,1.0099996592673373,0.9320037020470736,0.05011392058490131,0.02788203439719034,0.6018106049719787,0.6030557127960675
539,1.0113756324234562,0.9331788173916182,0.05029936929711547,0.027897446557509007,0.6038223882741773,0.6053855206316102
540,1.0048554867381834,0.9266589949538369,0.05027866173112147,0.027917831400357147,0.5997988216697802,0.6008419484582154
541,1.0095166064384495,0.9318756427139981,0.04971030550962174,0.027930660837896425,0.6022417013938784,0.6036430805899002
542,1.0091473209153887,0.9314975276865619,0.049700291769774176,0.027949497073980853,0.611438425061072,0.6129325189929986
543,1.0056563927740487,0.9276364458277061,0.05004585803546496,0.02797407947479608,0.5949130622215836,0.5961130642037836
544,1.0108823148764692,0.9330573632021988,0.04983281635335763,0.027992138119832265,0.5923264836901854,0.5932912259794428
545,1.0072486098683897,0.9290251872254816,0.050218057823127195,0.028005363740308528,0.6120132202902716,0.6134428720393267
546,1.0060682356537443,0.9280542870725189,0.04999393879894056,0.028020015722192863,0.5999425204770801,0.6013879040667361
547,1.0090357107855086,0.9309612967653134,0.050037271072701284,0.028037136398927118,0.6043971835033769,0.6058653359153879
548,1.0071925420942003,0.9287872417320172,0.05035078013402786,0.028054523936850637,0.6052593763471763,0.6066980485624907
549,1.0062825352848561,0.9279670878583149,0.05023772988957156,0.02807771502364331,0.6082770513004742,0.6094781766721287
550,1.0069952604842265,0.9291507235236647,0.049754919119437274,0.028089627955188642,0.5989366288259808,0.6004184418292864
551,1.0055556834848949,0.9276452363008465,0.049800451818164664,0.028109992211779605,0.609857738180773,0.6110007448234768
552,1.0126520099696765,0.9343266182203439,0.050195693992745316,0.028129699150292262,0.612875413134071,0.6141778638462684
553,1.0073295679221226,0.9286120640407572,0.05057099199409388,0.028146518280595553,0.6097140393734732,0.6109617160732908
554,1.0075706414474737,0.929388331311721,0.05002277725131146,0.02815952751973414,0.6092829429515735,0.6105758975122896
555,1.0018607536631936,0.923946496809603,0.049734543556089736,0.028179714325314915,0.5993677252478804,0.6003523015045433
556,1.0081502147953578,0.9296427339996342,0.050304615384315444,0.028202870867654994,0.5926138813047852,0.5938029197080291
557,1.0081732305135342,0.9302344896752596,0.04972154902512956,0.028217198236982342,0.6115821238683719,0.6129165797705943
558,1.0082742681035983,0.9301944008965074,0.049849617743431315,0.028230244161049634,0.6112947262537721,0.6125331446447192
559,1.0092370287579595,0.930736147230222,0.05025377507997512,0.028247102819900262,0.6065526656128755,0.6078127513779235
560,1.0091584017691657,0.9310517782006289,0.04984502525276657,0.02826160124289885,0.6088518465296738,0.6100862505586176
561,1.0093157200450817,0.9304105673975122,0.050621964553466625,0.028283186690226884,0.6089955453369738,0.6102962907790854
562,1.0069115777727617,0.9283145661925529,0.0503030615892325,0.028293951847465373,0.6032475930449778,0.6043071652018472
563,1.0109507589611553,0.9323207424758991,0.05032119352463111,0.02830882656546841,0.609857738180773,0.6111228958736781
564,1.007344623683667,0.928720483956006,0.050304563496305195,0.028319579914623354,0.6036786894668774,0.6049495009682706
565,1.0066724256428343,0.9280009643752987,0.05033410984644312,0.028337353247336005,0.6087081477223739,0.6097601668404588
566,1.011129949580734,0.9328533107392626,0.049925157090750454,0.028351476383872597,0.6062652679982756,0.60761254282735
567,1.0072378510629878,0.9288946562139514,0.04998091572687139,0.028362290754396093,0.6084207501077741,0.6097248622076569
568,1.0070172535788997,0.9281500397459634,0.05048140512308541,0.02838580925186221,0.6041097858887772,0.6052925666617012
569,1.0062468823798687,0.9276486031453077,0.050197319271754116,0.028400965285759014,0.5993677252478804,0.6010302398331595
570,1.009148795708515,0.9305356829514841,0.05019472812491512,0.028418389959082826,0.6105762322172726,0.6118432891404737
571,1.0081663040238424,0.929444405689615,0.05028908334555751,0.028432824242475185,0.6056904727690761,0.6071388350960822
572,1.007798197994391,0.9284553519181263,0.0508887597902665,0.028454091409276162,0.6094266417588734,0.6104255921346642
573,1.0054364227532553,0.92602640823791,0.050936244425481204,0.028473771603212975,0.6043971835033769,0.6055843884999256
574,1.0044825605353263,0.925493201547903,0.050499644327466044,0.02848970835335485,0.61431240120707,0.6155881126173097
575,1.0047516818446731,0.9259831224866495,0.05026430966347811,0.028504251756329684,0.6061215691909757,0.6072620288991509
576,1.0056199059093764,0.9263170373510022,0.050778907628036433,0.028523961400616134,0.5993677252478804,0.6007309697601667
577,1.0061845482552012,0.9273535618238673,0.050290729768626696,0.028540261997971782,0.5781003017674954,0.5796797259049605
578,1.007147668593059,0.9277424772660405,0.05084667269278059,0.028558511586485365,0.6065526656128755,0.6079226873231045
579,1.0094818725961432,0.9303223708268983,0.05058655645235258,0.028572940732413864,0.6140250035924701,0.6153329360941456
580,1.0036133598931853,0.9246200000456924,0.05040655534579024,0.02858680633490525,0.6062652679982756,0.6074171011470282
581,1.0041051307343292,0.9252059405983,0.05029443537254052,0.028604759508563213,0.6095703405661733,0.6109287948756145
582,1.001390578949275,0.9227185653944711,0.0500448494378752,0.028627165822457574,0.6097140393734732,0.6112121257262029
583,1.0072703425749603,0.9287143634009385,0.04991539182974648,0.0286405907593478,0.604253484696077,0.6058079845076717
584,1.0058390838282087,0.927300624676795,0.049879998014175884,0.028658458641844672,0.6082770513004742,0.6096858334574706
585,1.0064967287941764,0.9274566994177266,0.050364881795141134,0.0286751505405563,0.6074148584566748,0.6086760017875763
586,1.008368871869464,0.9290196866049714,0.05065196045551394,0.028697228547116604,0.6000862192843799,0.6015307612095934
587,1.0042452500938495,0.9250949229946046,0.050439250734833435,0.028711072774289463,0.6058341715763759,0.6073183375539998
588,1.0014689671169292,0.9225655184050439,0.050173465421610414,0.028729984020986404,0.6110073286391723,0.6124734098018768
589,1.002697276347909,0.92384825597842,0.05010247806373265,0.028746545427741292,0.6147434976289696,0.6159372858632504
590,1.0070841790684546,0.9278344748896897,0.05047879697823768,0.028770897399357363,0.6006610145135796,0.6020350067034113
591,1.0030305641343975,0.9238623965744109,0.05038555058738867,0.028782615816039435,0.6130191119413709,0.6140703113362134
592,1.0024074749077063,0.9236481523082112,0.049955821407519634,0.028803491895612345,0.6087081477223739,0.6102670936987934
593,1.0052656334935806,0.9267295257920831,0.04972204796296458,0.028814066072971694,0.6094266417588734,0.6106210338149859
594,1.0091655518169598,0.9303880377154289,0.04994846120014206,0.028829056612493097,0.6038223882741773,0.6049885297184568
595,1.0059481891069386,0.9262843042513577,0.05081092059464526,0.02885295960552726,0.6049719787325765,0.6063573663041859
596,1.006010620017421,0.926829776367865,0.05031522516525756,0.028865617225493984,0.6026727978157781,0.6040472218084315
597,1.0087553489086596,0.929395550111704,0.05048193240931432,0.028877866609263718,0.6058341715763759,0.607245046923879
598,1.0041284967486346,0.9242521612393066,0.05097794253874277,0.028898402217699033,0.6061215691909757,0.6076284820497542
599,1.0006340391112738,0.9215475683805672,0.05017306367589801,0.028913412855533643,0.6062652679982756,0.60762475793237
600,1.0020768012375578,0.9230801727360977,0.05005779112688528,0.02893883053131454,0.590027302773387,0.5914880083420231
601,1.005181645332936,0.9264163796904101,0.04982085846806672,0.028944406051090745,0.5904583991952866,0.5920081930582454
602,1.0018429662205224,0.9229481879588018,0.04992910563187757,0.028965674733381998,0.610001436988073,0.6112413228064949
603,1.0090055856010596,0.9295819496728168,0.050440573410422386,0.028983067860579265,0.6127317143267711,0.6140288991509013
604,1.0071139289038091,0.9271730291105101,0.05093638856728917,0.02900451060798314,0.6087081477223739,0.6099067481007001
605,1.0061002015416556,0.9261579638600503,0.05092939253848831,0.029012851802494903,0.6075585572639747,0.6088555042454937
606,1.002780601217377,0.9232240762925041,0.05052765677179186,0.029028865823101716,0.6061215691909757,0.6073231044242515
607,1.002614210727383,0.9233896092259176,0.05018118060167056,0.02904341771892474,0.6081333524931744,0.6093231044242514
608,1.0057258084684049,0.9264120135538227,0.050252935677158675,0.029060860624704695,0.6112947262537721,0.6125514673022494
609,1.008248387927861,0.9291477175875117,0.05003016677601171,0.02907049711641095,0.582986061215692,0.5848056010725458
610,1.0037983120095886,0.9241967592658727,0.05051808171097378,0.029083469854235513,0.6107199310245724,0.6121571577536125
611,1.0010611439148642,0.9212856855195801,0.05067322551476097,0.0291022287291183,0.6045408823106768,0.6059043646655743
612,1.0050687376650127,0.9256988273370641,0.050255716357710443,0.029114201120772072,0.6033912918522776,0.6048409057053478
613,1.0046381341484296,0.9244335920222447,0.05106671876966619,0.029137819667094774,0.6052593763471763,0.6065270370922092
614,1.0040587662862521,0.9242517075536579,0.05065177571558973,0.029155279227475836,0.6052593763471763,0.6063499180694176
615,1.0049705314711603,0.9254626031150796,0.050343788743237514,0.029164137902496567,0.6118695214829717,0.6131473260837181
616,1.0007805157228522,0.9212420857111978,0.05035848846360088,0.029179946159298076,0.5967811467164823,0.5984221659466706
617,1.0020119224853394,0.9226252901381092,0.050187127676194626,0.029199503040986938,0.6064089668055755,0.607853120810368
618,1.0028953127416322,0.9236276062042964,0.0500483627779454,0.02921934422940114,0.6005173157062796,0.6020875912408759
619,1.0019214334870261,0.9222774289603,0.05040484295687142,0.029239156845925457,0.6082770513004742,0.6097102636675108
620,1.0000845498781057,0.9211689894064727,0.049667002940755205,0.02924856245742565,0.6055467739617761,0.6066783852227022
621,1.0052313160272761,0.9258013375961056,0.05015458713696081,0.02927539073078561,0.6019543037792786,0.6030031282586028
622,1.0006461574490308,0.9213881662032748,0.04997164208909307,0.029286349481869693,0.5993677252478804,0.6004927752122748
623,1.0059817153534887,0.9265142588681198,0.05016699885350737,0.029300461569673836,0.5726397470900991,0.5741167883211677
624,1.0080387854408235,0.9276374505843765,0.05107918144116064,0.029322156036479547,0.6095703405661733,0.6110265157157754
625,1.0054186679351123,0.9252301089927064,0.05085849166419643,0.029330072510157238,0.6088518465296738,0.6100679279010875
626,1.0055396778348158,0.92513689781198,0.05105455112895809,0.029348224723201182,0.6112947262537721,0.6124842842246387
627,0.9991897335167605,0.9193209538961351,0.05050961444517596,0.029359166888472746,0.6035349906595775,0.6050692685833459
628,1.0024310361895348,0.922398175688238,0.05065274294848534,0.02938011703729835,0.6079896536858744,0.609369581409206
629,1.0031068233824236,0.9232883904493819,0.050424743716205256,0.029393685919801845,0.6087081477223739,0.6100533293609415
630,1.0014545074532233,0.9209270150278779,0.05110922477093385,0.029418272189373068,0.5976433395602816,0.5986807686578282
631,1.007721362262643,0.9273290613598995,0.05095600090114734,0.029436294898928232,0.6046845811179767,0.6060655444659616
632,1.0018557195674416,0.9215103811120692,0.050897748031408424,0.02944758441366115,0.6056904727690761,0.6069495009682706
633,1.0057944526085139,0.9250968709333238,0.05123412848977132,0.029463447687952303,0.6120132202902716,0.6131863548339044
634,1.0059151856922215,0.9255506786777296,0.050889602791502446,0.02947490265262908,0.612875413134071,0.6140984656636378
635,1.0023439591738459,0.9222300203731475,0.0506244385873283,0.029489506839558147,0.6046845811179767,0.6059678236258007
636,1.0049489453222957,0.9244260495550795,0.05101571054247231,0.029507186791357304,0.6075585572639747,0.6091059138984062
637,1.0009796428241886,0.9210063459236297,0.050454067609929064,0.02951923343748441,0.6008047133208795,0.602019067481007
638,1.007115684906836,0.9271992505376135,0.05038734650064566,0.02952908304106283,0.6124443167121713,0.6135721733949053
639,1.0005577641805197,0.9200520214463705,0.05095695673066115,0.029548789674978537,0.6095703405661733,0.6108249664829435
640,0.999918002629352,0.9194525151027313,0.05089834663293745,0.029567137482090403,0.6041097858887772,0.6055063309995532
641,1.0013115120903653,0.9209779815386725,0.05074826150410973,0.02958527350171122,0.6115821238683719,0.6128555042454937
642,1.0027786398399903,0.9228848385680662,0.050296302485468576,0.029597495947922332,0.6089955453369738,0.6103451511991658
643,1.0047057927005985,0.9244561207450349,0.05063535794530094,0.029614308080257896,0.5716338554389998,0.5734343810516908
644,1.0020916856282538,0.922086503625961,0.05037979666266244,0.029625385368002233,0.6077022560712746,0.6089128556532103
645,1.0010270641219738,0.9211404872087933,0.050244824002337776,0.029641748955097243,0.6018106049719787,0.6029152390883361
646,1.001257006670487,0.9211720312561587,0.050430400192390694,0.029654582769946303,0.607271159649375,0.6086308654848801
647,1.0024577266509753,0.9225003990501418,0.050282140576791486,0.02967518401741853,0.6031038942376779,0.6041826307165202
648,1.002672140789128,0.9224749747184625,0.05050519986857301,0.029691969244582315,0.6087081477223739,0.6100899746760018
649,0.9978175140143228,0.917548714603633,0.05055937427347,0.02970942376332176,0.6097140393734732,0.6110105764933712
650,1.0053037407069667,0.9249874751858027,0.05058868676434733,0.0297275761658689,0.6121569190975715,0.6133475346342917
651,1.000598062744667,0.9201663091344076,0.05069066082247973,0.02974109891585268,0.5979307371748814,0.5993329360941456
652,1.0030784856606736,0.9222575995938876,0.051063510763146684,0.029757378026275632,0.6095703405661733,0.6108371815879636
653,1.0003998499009814,0.9199117241722531,0.050714884654601805,0.02977323961056226,0.5934760741485846,0.5948432891404736
654,1.002922553862969,0.9223764024857972,0.05075567605607999,0.029790472997268704,0.5986492312113809,0.5999800387308208
655,0.9999300997427507,0.91931062580474,0.050816169044746715,0.029803306626897123,0.607127460842075,0.6085429763146134
656,1.0024418740766559,0.9215217777359912,0.05109832322144409,0.029821769454956636,0.6045408823106768,0.6057333531952928
657,0.9998524810565855,0.9197195934091325,0.05030306716994113,0.029829821190557906,0.6026727978157781,0.604004468940861
658,1.0015301068018592,0.9209565219993581,0.050717068545146654,0.02985651944116891,0.6134502083632706,0.6147553999702071
659,1.0024612645236801,0.9216161658750524,0.050973345592076245,0.02987175785034,0.6041097858887772,0.6056834500223447
660,1.000871762528401,0.9202691207656334,0.05071658841416589,0.029886056971110596,0.5564017818652105,0.558218233278713
661,1.0033178126645819,0.9225536439247147,0.05086055730956265,0.029903614842700262,0.6102888346026728,0.6114903917771489
662,1.0033155732292574,0.9221105214970124,0.051288041320297115,0.029917008220616267,0.6046845811179767,0.6058456725755995
663,1.0046775382317796,0.9236576591505541,0.05109201530285018,0.029927868098138324,0.6082770513004742,0.6098140920601818
664,0.9991194131234233,0.9180228173056113,0.051150241955838546,0.029946354643540368,0.6078459548785745,0.6092755846864293
665,1.0039329498659384,0.9225592275155072,0.051409208141497485,0.029964517304152657,0.6111510274464722,0.6124880083420229
666,1.0019825975311472,0.9211697412181267,0.05083521319448066,0.029977634560114985,0.5927575801120851,0.5942511544763891
667,1.0019080725907081,0.920556950284791,0.051353470561644486,0.0299976500325876,0.6077022560712746,0.6090960822285119
668,1.0032968888561655,0.9224609732199612,0.05082988090206107,0.03000603612677764,0.6009484121281793,0.6024428720393267
669,1.0050535003058714,0.9235087099440534,0.051521741967786916,0.03002304846067841,0.6111510274464722,0.612481900789513
670,1.0005853286007387,0.9189979860127906,0.05154758320115201,0.030039765232755613,0.6055467739617761,0.6065745568300313
671,0.9980104063276347,0.9171196716169907,0.050836210659560434,0.03005452224384404,0.5974996407529818,0.5988310740354537
672,0.9983039725904305,0.9172781364879041,0.050950936472035635,0.030074900119773,0.6078459548785745,0.6088969164308058
673,1.0029297716094427,0.9219172538859969,0.05092766302468996,0.030084860690054768,0.6097140393734732,0.6109861462833308
674,1.002477983168306,0.9210064832395752,0.05136996908545631,0.03010153403404775,0.6029601954303779,0.6045467004319977
675,1.0023646895990648,0.9208119442141215,0.05143305916515279,0.030119686455331085,0.609857738180773,0.6109824221659467
676,1.0034776684333067,0.9218731408901025,0.051474422432149274,0.030130105264959177,0.6084207501077741,0.6096943244451065
677,1.0021953942669861,0.9205734162927445,0.05147267903804453,0.030149310243221376,0.5990803276332807,0.6004025026068821
678,0.9984570719212837,0.9171171976002593,0.05118132493067771,0.030158548629925005,0.6009484121281793,0.6022291077014749
679,1.0029376445102323,0.921426503886812,0.05133473155435209,0.030176410033981988,0.6104325334099727,0.611865335915388
680,1.0082774157581667,0.9268237896770012,0.05126419629382923,0.030189425002380442,0.6105762322172726,0.6119898704007151
681,1.0022144101957322,0.920431836863533,0.051580375924177566,0.03020218931264851,0.597212243138382,0.59862475793237
682,1.002244850542203,0.9206985467157585,0.05133255568932127,0.030213742467551624,0.5962063514872826,0.5978263071652019
683,1.003388661491338,0.9218914974162352,0.05127013840647432,0.030227027827037924,0.601523207357379,0.6030326232682854
684,0.9972873176715038,0.9150408425881339,0.0519894530849735,0.03025702278076626,0.602816496623078,0.6040862505586178
685,1.0022656485804506,0.9207580449047026,0.051242893735432116,0.030264711636744247,0.6089955453369738,0.6103634738566959
686,0.999795053450262,0.918360506105841,0.051153699900483345,0.030280848789731564,0.612875413134071,0.6142694771339192
687,1.0029871893401872,0.9214507545063355,0.051240161195116866,0.030296278496226424,0.6084207501077741,0.6099080887829584
688,1.0016515593981672,0.9198469147546519,0.05149423602804111,0.03031041421786321,0.5993677252478804,0.6009691643080589
689,0.9999031189923863,0.9181954850323465,0.051384080525255865,0.03032355583248116,0.6048282799252767,0.6064710263667511
690,0.9968411121359501,0.9153728233378652,0.05112593654687162,0.030342351560115402,0.6005173157062796,0.6020631610308358
691,1.0042865560698533,0.9225776954481084,0.05134576905686325,0.030363088987049296,0.6081333524931744,0.6097139877848949
692,1.000729782500132,0.9190020349831189,0.05135625000293098,0.030371492068006364,0.602816496623078,0.6040862505586176
693,0.9996521952748727,0.9179835143934157,0.05128177327874372,0.030386910673307437,0.6061215691909757,0.6075246536570832
694,1.0008169791876267,0.9191435455316647,0.051269744298704435,0.03040369099881572,0.5966374479091824,0.5982976314613436
695,1.0035114001741285,0.9220055464373047,0.05109009497164224,0.030415755619107178,0.6077022560712746,0.6092670936987934
696,1.0039070182481122,0.9217368568869085,0.05173515816763705,0.03043499736339903,0.6068400632274752,0.6081656487412482
697,1.0007445410521385,0.918418193946095,0.05187574138602301,0.030450605690577778,0.615749389280069,0.6171021897810218
698,0.9977038681447155,0.9156352840358626,0.05160559285798794,0.03046298965587966,0.6058341715763759,0.6068541635632354
699,0.9980400007917786,0.9162832631909277,0.05127711627133997,0.03047962576383223,0.6101451357953729,0.6115674065246537
700,0.9989319347516441,0.9170912108659093,0.05134010395935288,0.030500625048321475,0.5990803276332807,0.6006345896022643
701,1.000363376055286,0.9184981948566395,0.05135213075635813,0.030513048613368222,0.6064089668055755,0.6078958736779384
702,0.9979624621466259,0.9165187449201049,0.05091979872060072,0.03052391626855126,0.6052593763471763,0.6067041561150007
703,0.9986714745564851,0.9171422339150371,0.050986519678923946,0.030542719077930776,0.6131628107486707,0.6144269328169224
704,0.9993753401793563,0.9174010560231264,0.05141302029706483,0.030561263748621406,0.6064089668055755,0.6077065395501265
705,0.9943375766988218,0.9123802847142088,0.051375098240617055,0.03058219366396556,0.5990803276332807,0.6006162669447341
706,1.000239689428242,0.9187340028567944,0.050908847114429646,0.03059684118181831,0.6111510274464722,0.6125368687621033
707,1.001975458729351,0.9200042435142702,0.05135787098974585,0.030613339557078897,0.6123006179048713,0.6136797259049606
708,0.997453182331874,0.9154241514507425,0.05140201004286542,0.030627023567326335,0.6145997988216698,0.6158188589304335
709,0.9970443916570902,0.9146227803718839,0.05177349247330649,0.030648121803534288,0.6079896536858744,0.6094306569343065
710,0.9980719515365643,0.9160678327674581,0.05133963546461801,0.0306644861419506,0.6134502083632706,0.6148164754953076
711,0.9970913339164823,0.91509189164952,0.05131741192977153,0.030682033628871994,0.6046845811179767,0.6059189632057203
712,0.9959598634242669,0.9135364276322333,0.05171850871951574,0.030704925277858293,0.6079896536858744,0.6094856249068971
713,1.0012660432879412,0.9189707362064258,0.05157767420596887,0.03071763807109271,0.6048282799252767,0.6058663786682557
714,1.0002757396432822,0.9185272977687552,0.05102007446122985,0.03072836910035739,0.6075585572639747,0.6090326232682853
715,1.000773163598268,0.9184945481898268,0.051531968996697486,0.030746643390934227,0.610001436988073,0.6114367644868166
716,1.0005014439666557,0.9179304692916168,0.05180665589349762,0.030764323189631928,0.6102888346026728,0.6115575748547595
717,1.0026421681922268,0.9204286585287178,0.05144253566235899,0.03077097635468347,0.6051156775398764,0.6066284820497542
718,1.0004481405666426,0.9182520475019615,0.05140909015059574,0.030787009686683423,0.6062652679982756,0.6076552956949203
719,0.9945283344652242,0.9123205042789853,0.051402412584063,0.030805418811463335,0.5980744359821814,0.5994086101593924
720,0.9981500019902453,0.9158572222176152,0.05147187267998235,0.030820901803420713,0.6010921109354792,0.6025307612095933
721,0.999471290150256,0.91726946756233,0.05136176323664567,0.030840058655632368,0.5947693634142837,0.5962206167138387
722,0.9970374317720098,0.9145327748229987,0.051647217416171454,0.030857441416897554,0.6137376059778704,0.6151144048860421
723,1.0009987667933127,0.9185211703530295,0.0516026993325634,0.030874894604832042,0.5992240264405806,0.6008324147177119
724,0.9951129855909538,0.9130385733829317,0.05118700469487922,0.030887407101749656,0.607127460842075,0.608268136451661
725,1.0000636143783057,0.9179797402948017,0.051178768129420016,0.03090511202086301,0.6032475930449778,0.6044781766721288
726,1.0008613242896094,0.91878367212076,0.05116128056164376,0.030916378067980074,0.6049719787325765,0.6063512587516758
727,1.0005001462487453,0.9184219211078715,0.05114992268309629,0.03092830714931997,0.6089955453369738,0.6103634738566959
728,0.9999699994636894,0.9173603803968614,0.05166340108202319,0.030946220679872165,0.6079896536858744,0.6095283777744674
729,0.9946182827563066,0.9121657883166787,0.05149075302025987,0.030961743496141055,0.6095703405661733,0.6110204081632654
730,0.9983960666058992,0.9160890108827442,0.051325763669279836,0.030981289729249,0.612875413134071,0.6142694771339192
731,0.9999739917672079,0.9178990681789133,0.051080985518579494,0.03099394162504139,0.5954878574507831,0.5971425592134664
732,0.9996232891034799,0.9171440238787502,0.05147630995307302,0.031002961734037045,0.5996551228624802,0.6007601668404589
733,1.0025339025004634,0.9198667130039965,0.05164954077625329,0.03101765133792735,0.6120132202902716,0.6132840756740653
734,0.9936909413505584,0.9115492895615993,0.051108106079479625,0.03103354591370391,0.6138813047851703,0.6151717562937584
735,0.9955464449485908,0.9134061487948592,0.05108945770771326,0.03105083243036248,0.6141687023997701,0.6154269328169224
736,0.9970650006203939,0.9142699442918418,0.05171706836939903,0.031077988406412817,0.6064089668055755,0.6078103679427976
737,0.9974352205976499,0.9149596119667028,0.05138164333263628,0.031093965497182127,0.6104325334099727,0.6117248622076568
738,0.9974111144202488,0.9146721456941302,0.051628411908244964,0.031110553117475643,0.6079896536858744,0.6093940116192462
739,1.0026428646218384,0.919600399528226,0.051917541505002586,0.03112492502781702,0.6046845811179767,0.6057357366304185
740,0.9988932432774104,0.9155282829920953,0.05222200403421719,0.031142956233432297,0.6135939071705705,0.6147638909578431
741,0.9978982796184563,0.9148416225724152,0.051900923012282454,0.03115572917198446,0.6087081477223739,0.609662446000298
742,0.9993041781519898,0.9165165749136136,0.051618674725833716,0.03116893833566027,0.6130191119413709,0.6142107850439446
743,0.9950598656814286,0.9124184931587053,0.051456457586646645,0.031184913237507033,0.6107199310245724,0.6118884254431699
744,1.000596332711073,0.9179629301147774,0.0514282965503996,0.031205109842383907,0.6123006179048713,0.6137224787725309
745,0.9957642853302866,0.9132719921181814,0.051279974328617646,0.03121231823387691,0.5993677252478804,0.6004439147921943
746,1.0007044966663843,0.9174993544975425,0.05197397704119911,0.031231164367220957,0.6117258226756718,0.6130960822285119
747,0.9998081163918772,0.9161598695508193,0.052398390628484184,0.031249857531601644,0.6125880155194712,0.6137394607478027
748,0.9957031650025194,0.912439776873311,0.0520010365199719,0.03126234732667833,0.6088518465296738,0.6103122300014897
749,0.9993314971901901,0.9164174069856703,0.05164022957776312,0.03127385794319869,0.6120132202902716,0.6133817965142262
750,0.9941249772261779,0.9111597596922385,0.05166869497060227,0.03129652387005259,0.5855726397470901,0.5871449426485923
751,0.9945661213775188,0.9117601357720538,0.051494752128763366,0.03131123848675928,0.5987929300186808,0.6004771339192612
752,0.9955849707649089,0.9122936130340867,0.05195969588683073,0.0313316636105467,0.5906020980025866,0.5922182332787129
753,0.9927185253946924,0.9103633614771153,0.05100716264413372,0.031347998043859224,0.6059778703836758,0.6072168925964547
754,1.0001678664993667,0.9177193114137081,0.05109126417479958,0.031357290561830606,0.6010921109354792,0.6024269328169225
755,0.9956052035226067,0.9126485660939848,0.051580082714549086,0.03137655467981236,0.6150308952435695,0.6162657530165351
756,0.9955650889714194,0.9130333659120942,0.051139435457727624,0.03139228657217765,0.6062652679982756,0.607734693877551
757,0.9961866279976997,0.9137282120648738,0.05105034656740242,0.031408065179222906,0.6135939071705705,0.6146844927752123
758,0.9966577324549997,0.9138379406014262,0.05139197078914217,0.03142781649226515,0.6077022560712746,0.6092854163563236
759,0.9981227647232108,0.9148826524176326,0.051800443496828635,0.03143966673759743,0.6038223882741773,0.6050434976910471
760,0.9979417256744347,0.9155302277531564,0.050963230125412276,0.0314482654308233,0.6102888346026728,0.611844629822732
761,0.998486533489082,0.9157039793354116,0.05131974774567384,0.031462802570289126,0.6082770513004742,0.6098446298227321
762,0.9989762530533777,0.9157092248696262,0.051786768375298366,0.03148026198666917,0.6107199310245724,0.612108297333532
763,0.9955056835255552,0.9127293463016416,0.05128374839511252,0.03149259065852406,0.611438425061072,0.612633248920006
764,0.9928686562789071,0.9094798251684584,0.05187024462409773,0.0315185902844448,0.612875413134071,0.6140679279010873
765,1.0006089467378094,0.9174995897127681,0.05157885210057805,0.031530511780838835,0.6145997988216698,0.6159104722180844
766,0.9967969260282225,0.9129155851554761,0.05233019075881974,0.03155114876866803,0.6006610145135796,0.6017418441829286
767,0.9963486870483927,0.9125428647209746,0.05224446193634273,0.031561360447284116,0.6084207501077741,0.6095477431848652
768,0.9987225292023271,0.9152264395293225,0.05192475921346857,0.03157133489840759,0.5903147003879868,0.5919813794130792
769,0.9979472799040082,0.914591583622857,0.051772892473522215,0.031582811812801016,0.6052593763471763,0.6062583047817668
770,0.9966077924648361,0.9129294914698391,0.05207696160319499,0.03160133699785191,0.6081333524931744,0.6093536421868018
771,1.0015908214171945,0.9180457245037634,0.05193232672182217,0.03161276907279053,0.6097140393734732,0.6112609861462833
772,0.9953397725364705,0.9114807873112081,0.05223267967876286,0.031626310242324714,0.6097140393734732,0.6107540592879488
773,0.9935813820864007,0.9104030056835026,0.051540489370499314,0.031637885209634946,0.6123006179048713,0.6137896618501415
774,0.9964742281601713,0.9129307205212118,0.051881478473871735,0.031662023843473906,0.6045408823106768,0.605769998510353
775,0.9986942833500152,0.9150028522200653,0.05202037244628328,0.031671053510336444,0.6059778703836758,0.6072901832265752
776,0.9964320426494984,0.9126022485227896,0.05213894585410074,0.03169084977257404,0.6088518465296738,0.6100679279010874
777,0.9983179453101407,0.9146456830990454,0.05197119434570372,0.031701057116170606,0.6089955453369738,0.6102230001489647
778,0.9934262742443252,0.9096374469835331,0.052070576186892904,0.03171825082015762,0.6121569190975715,0.6136651273648146
779,0.9933659131798632,0.909859736292231,0.05177407661638378,0.0317320928618875,0.6135939071705705,0.614873826903024
780,0.9920535060947937,0.90782719838549,0.05246864757732784,0.03175765350096989,0.6104325334099727,0.6115416356323552
781,0.9975526518375645,0.9139767605642731,0.05180485404568562,0.03177103746635833,0.6058341715763759,0.6072206167138389
782,0.9955912133300591,0.9118746771502725,0.05193140994281514,0.0317851215893252,0.6112947262537721,0.6127041561150007
783,0.9968202868349372,0.9131638051398374,0.05185755720609117,0.03179892264964988,0.5936197729558844,0.5947601668404588
784,0.9969511490766474,0.9121245412172848,0.05299883636357301,0.03182776979079602,0.6075585572639747,0.6091792045285267
785,0.9982722841095079,0.9138940832261673,0.05254289336831238,0.031835301953055666,0.6048282799252767,0.6061595411887383
786,0.9996386078312267,0.9154346750923094,0.052357666920867865,0.03184626497385025,0.6056904727690761,0.6065219722925667
787,0.9940029342792246,0.9095284159386666,0.05261041513129047,0.03186410220072502,0.601523207357379,0.6030326232682854
788,0.9940573050811692,0.9100053456600824,0.05217704438299416,0.03187490927858726,0.5939071705704843,0.5956383137196484
789,0.9952502354908853,0.9111545775484501,0.05220243483910291,0.03189322061891322,0.6153182928581693,0.6166980485624907
790,0.9957624955978317,0.9117984842305075,0.05205473388214789,0.031909276845469216,0.6058341715763759,0.607019067481007
791,0.9943449032650988,0.9100726908917296,0.05234782385595281,0.03192438976096429,0.6038223882741773,0.6051839713987784
792,0.9928980511415791,0.9087475777563135,0.05220542968289488,0.0319450444175579,0.6052593763471763,0.6066064352748397
793,0.9945057365020333,0.9105325685713651,0.05201371534663141,0.031959452929853416,0.6039660870814773,0.6049848056010726
794,0.9954003569277766,0.9113481461462198,0.05207909219569731,0.03197311496067397,0.6094266417588734,0.6105110978698048
795,0.997606232687392,0.9132248452895502,0.052392839676138316,0.03198854816923078,0.6029601954303779,0.6042657530165351
796,0.9966387918992775,0.9120010083169494,0.05263603436915178,0.032001750806823236,0.6069837620347751,0.6081863548339044
797,0.9973680231313902,0.9130411919360018,0.05231668209925536,0.03201014680389375,0.6088518465296738,0.6099885297184569
798,0.9944277889667905,0.910068465762653,0.052332978418870704,0.032026346233306836,0.6069837620347751,0.6084978400119173
799,0.9959877170113794,0.9117133660398007,0.052232301571165665,0.0320420473720865,0.6077022560712746,0.6090777595709816
800,0.9961731743326062,0.9120119939694581,0.05210651717475132,0.03205467267051598,0.6003736168989797,0.6013645166095636
801,0.9952866661255687,0.9115229122493781,0.051700857026444405,0.0320629010006158,0.5954878574507831,0.5963730075971994
802,0.9954673693875229,0.9116443343881321,0.05174623562052754,0.0320768040125912,0.6059778703836758,0.6075039475644273
803,0.9930581003448918,0.9086924304409194,0.052269578252519266,0.03209609294853294,0.610001436988073,0.6111252793088039
804,0.996488026836717,0.9119932366130098,0.05238160743607086,0.03211319294211713,0.607271159649375,0.6086858334574705
805,0.9950667546987362,0.9106013018914656,0.05233679052358267,0.032128657995776584,0.6025290990084782,0.6036173096976016
806,0.9954302796414399,0.9103052955726249,0.052979572044846344,0.03214541161766099,0.5893088087368875,0.5909264114404885
807,0.9939423586157722,0.9094734747770583,0.05231317391056733,0.03215570870654681,0.6033912918522776,0.604639356472516
808,0.9928787087791181,0.9079752007269417,0.05272270575431267,0.03218080694818654,0.6095703405661733,0.6111303441084462
809,0.9972771497649149,0.9126663446631954,0.052417245924361464,0.03219356252524784,0.6081333524931744,0.6093963950543723
810,0.994010865474196,0.9093216738921505,0.052482037357894966,0.032207156187168295,0.615605690472769,0.6169776552956948
811,0.9939626735728917,0.9091263772992845,0.05260976022161583,0.03222654099352813,0.6124443167121713,0.6137309697601668
812,0.9934221420810215,0.9087244295529172,0.05245523664734713,0.03224247513559208,0.6041097858887772,0.6057689557574854
813,0.9929498439205843,0.9087711922360796,0.05193092034577484,0.032247733944131135,0.5855726397470901,0.5871632653061224
814,0.9956589263991937,0.9113727994632542,0.05201804189043306,0.03226808181699279,0.6055467739617761,0.6066539550126621
815,0.9935900857520867,0.9089468277670697,0.05235769256536158,0.0322855644560799,0.6035349906595775,0.6051242365559363
816,0.9933144295587333,0.9086108620712547,0.052402579988028955,0.03230098246209048,0.6000862192843799,0.601713987784895
817,0.993390316404065,0.908166121744462,0.05290131973653265,0.0323228771371529,0.6145997988216698,0.6157516758528229
818,0.9944415349935659,0.9098936205949055,0.05221539008240964,0.03233251761351188,0.6025290990084782,0.6041792045285267
819,0.9944472950257555,0.909826673041611,0.052273970952209065,0.03234665206403187,0.5995114240551803,0.6008188589304335
820,0.9945153015186465,0.9100486624427595,0.052104558215403905,0.032362084153235035,0.6138813047851703,0.6152755846864293
821,0.992869238278564,0.9079858957136614,0.052499036433530925,0.03238430878173981,0.610001436988073,0.611271860569045
822,0.9960270398203404,0.9113504225742819,0.05227667815369819,0.03239994286154686,0.6102888346026728,0.6116064352748399
823,0.9958544843308901,0.9108256739366841,0.05261520657997259,0.032413612121325625,0.6121569190975715,0.613384179949352
824,0.9937480486814858,0.9090251336410858,0.05229623579768241,0.03242668093379278,0.6095703405661733,0.6109349024281244
825,0.990732529002679,0.90588870818013,0.05240096875741695,0.032442850976826934,0.6145997988216698,0.6158616117980039
826,0.9913961049691239,0.9071354209511663,0.051806240305486535,0.03245444086724647,0.6074148584566748,0.6085966036049456
827,0.9925572174276184,0.9077978439844276,0.052282730649815735,0.03247664337955016,0.6022417013938784,0.6036552956949203
828,0.9963758129860447,0.9112949644822056,0.05258471060307106,0.03249613481090233,0.6065526656128755,0.607879934455534
829,0.9915004004382388,0.9061683445916229,0.052818044619684264,0.03251401330664902,0.609857738180773,0.6110862505586176
830,0.9936596088187416,0.9082292197490325,0.05289872243833415,0.03253166674539813,0.6121569190975715,0.613396395054372
831,0.9924886931563129,0.9079649731300569,0.05198312863088713,0.032540591071500466,0.6033912918522776,0.6046882168925964
832,0.9918625943019037,0.9068149183481345,0.052482389095104845,0.03256528853046807,0.6127317143267711,0.6139311783107404
833,0.9942948026276128,0.9092899726235091,0.052425720385392345,0.0325791068677031,0.6105762322172726,0.6121608818709966
834,0.9892537477013366,0.9040852720957752,0.05256944627184295,0.03259903393050929,0.6125880155194712,0.6138738269030241
835,0.9941514194619812,0.9088577072430931,0.052678985820708735,0.032614729330125665,0.5835608564448915,0.5848701027856399
836,0.9933433791723962,0.9078889689597612,0.05281839404752464,0.03263602369277706,0.5974996407529818,0.5990875912408758
837,0.9956787249054918,0.9104095461177045,0.05261956851751165,0.03264961501267351,0.6088518465296738,0.6100984656636378
838,0.9971405794470111,0.911931951209755,0.05255317789966698,0.03265545353291278,0.6111510274464722,0.6125246536570833
839,0.993444236843626,0.9077873518453587,0.05298160633439219,0.03267527776079062,0.6097140393734732,0.6111938030686728
840,0.9929856837763665,0.9079581150670798,0.0523430387588398,0.0326845403891825,0.5907457968098865,0.5921595411887383
841,0.9937856673920252,0.9085594389541068,0.05252519951613235,0.03270102918248681,0.5987929300186808,0.6000618203485775
842,0.9950692681749588,0.9101613970353765,0.052194273295497945,0.032713594717281545,0.6061215691909757,0.6074696856844929
843,0.9870883759401845,0.9022481353448406,0.0521128834956618,0.03272735559115089,0.6049719787325765,0.6060031282586028
844,0.9925614141975948,0.9077816629978513,0.05203364161930562,0.03274611333731194,0.6150308952435695,0.6164611946968568
845,0.9892429014032712,0.9042386730900268,0.052238342541848504,0.032765882795553196,0.6094266417588734,0.6107798301802473
846,0.9934204492714234,0.9085336651571148,0.05210470634534418,0.032782079472352,0.609857738180773,0.6112572620288991
847,0.9921609934144775,0.9069304043045159,0.05243073074774232,0.03279985883437126,0.6104325334099727,0.6118347981528378
848,0.9894972084616601,0.9040636033706237,0.052613260788956256,0.03282034438130739,0.6058341715763759,0.6069579919559064
849,0.9888302991060985,0.9036945729167284,0.05229871683834459,0.03283701216627219,0.5993677252478804,0.6001446447192016
850,0.9963759286750714,0.9106922627249091,0.05283029544105525,0.032853377317303915,0.6026727978157781,0.6040227915983912
851,0.9928353974524201,0.9069696110732803,0.05299520819152304,0.03287057417271843,0.6046845811179767,0.6060838671234917
852,0.9895261246884994,0.9045890835719403,0.05205972734231136,0.03287731493428566,0.6018106049719787,0.6032572620288992
853,0.9916000838320151,0.906265965599595,0.05243598498357988,0.03289813386499325,0.6031038942376779,0.6043475346342918
854,0.9945015019256334,0.9094829289182402,0.05211151471030422,0.032907053576639145,0.5980744359821814,0.5997262028899151
855,0.9942690798530189,0.9090427817550091,0.052303891794394444,0.032922398018471244,0.6102888346026728,0.6115881126173097
856,0.9909346447985891,0.905495590571957,0.05249705432963313,0.0329419995742011,0.6115821238683719,0.6128677193505139
857,0.9933194093173872,0.9077262850752643,0.05263566575598607,0.032957458425645667,0.5927575801120851,0.594135110978698
858,0.9940067769672906,0.9086990285354847,0.05234347036201253,0.032964279398457,0.6107199310245724,0.612010576493371
859,0.9920647722634284,0.9068015811086677,0.05228369149099326,0.032979494543969076,0.6023854002011784,0.6038164754953075
860,0.9925416505427551,0.9070299716495306,0.05251497906148391,0.03299669813370633,0.6183359678114672,0.61961254282735
861,0.9964334754221637,0.9112195994494581,0.052207016041479606,0.03300685653676331,0.6110073286391723,0.612369581409206
862,0.992325264449297,0.9070250503221006,0.05228568159310378,0.03301453417859504,0.6023854002011784,0.6036027111574558
863,0.9936687572794856,0.9079347990730539,0.05269493068897496,0.03303903044940309,0.6062652679982756,0.60761865037986
864,0.9917589312124602,0.9060089421145514,0.05269840614714145,0.033051589477921306,0.5699094697514011,0.5716468047072844
865,0.9932996321382288,0.907522614470911,0.05271542384869358,0.033061585543115925,0.6088518465296738,0.6099885297184567
866,0.9900038270604972,0.9036195749763032,0.05329762999236558,0.03308661714922099,0.6035349906595775,0.6050753761358558
867,0.9932361995716481,0.9076473821526818,0.05249856635103761,0.03309025549448792,0.6039660870814773,0.6052779681215552
868,0.9902624062190609,0.9047534956570963,0.0524019114817674,0.03310700459399089,0.6111510274464722,0.6124086101593921
869,0.9909837983397681,0.90512229118698,0.05273598930495346,0.03312551829000882,0.5918953872682857,0.5929359451809921
870,0.9909007039832768,0.9052051199220826,0.0525514000614821,0.033144182452637845,0.6084207501077741,0.6099325189929986
871,0.9902568223798801,0.9043996629743745,0.05269371959865136,0.0331634393689627,0.6032475930449778,0.6043193803068673
872,0.994472029026186,0.908585976870825,0.05270758088245048,0.03317847654099248,0.6121569190975715,0.6136773424698346
873,0.9885702299855875,0.902753305676717,0.05262234708569159,0.03319457418952185,0.6101451357953729,0.6112437062416207
874,0.9932429965739107,0.9073110266327259,0.05271814956261108,0.03321382096207233,0.604253484696077,0.605838522270222
875,0.9871688477094359,0.9021453916264225,0.05180074765963499,0.03322270685596222,0.6082770513004742,0.6097285863250409
876,0.9930913328764716,0.9075203672498957,0.052327048979921235,0.03324391850796149,0.6120132202902716,0.6132107850439447
877,0.9898508940470734,0.9043568464201883,0.05224019123335254,0.03325385153443499,0.5992240264405806,0.600716371220021
878,0.9883948188263857,0.9026234656388192,0.05249840604203719,0.03327294743941988,0.6046845811179767,0.60590064054819
879,0.9919541548647951,0.9061027498727626,0.052556845101881584,0.03329455471521463,0.6120132202902716,0.6133573663041859
880,0.9915468807209495,0.9056987870114684,0.05254761332182693,0.03330048252625667,0.6068400632274752,0.6083122300014896
881,0.9955401569626287,0.9096749835460415,0.05255210033415429,0.03331307373712898,0.6074148584566748,0.6089508416505288
882,0.9925409506271413,0.9060689259455933,0.05314231274604266,0.03332971896318324,0.6123006179048713,0.6135026068821688
883,0.9920410192942959,0.905758230760533,0.05294171250197099,0.03334107825818684,0.5933323753412847,0.5949019812304484
884,0.9924930770740819,0.9060630924589659,0.05307602535230381,0.03335396076866669,0.611438425061072,0.6126210338149859
885,0.9928041640532601,0.9060631238415523,0.053370150348688444,0.03337088737431777,0.607127460842075,0.6082803515566811
886,0.9925007155305062,0.9063147913452058,0.05280483037314721,0.03338109435443221,0.6131628107486707,0.6144330403694324
887,0.9878075202317532,0.9018656155692725,0.052541508663080085,0.03340039767388092,0.6039660870814773,0.6053817965142262
888,0.9921801175549038,0.9060315910401846,0.052733411898167076,0.033415111445853005,0.6018106049719787,0.6031717562937583
889,0.9895108917061326,0.9030492885271388,0.05302384063250324,0.03343776880277267,0.610001436988073,0.6112107850439445
890,0.9889742306447402,0.9026772880763188,0.05284619822087499,0.03345073978876328,0.611438425061072,0.6124744525547445
891,0.9962689985932932,0.9099074762808658,0.0528994006097942,0.03346211811599075,0.607127460842075,0.6086101593922241
892,0.9885413655434416,0.9021675864038907,0.05289816919177287,0.033475612534978536,0.61431240120707,0.6156003277223298
893,0.9911999480445797,0.9046959550426273,0.053008498148870875,0.03349549925233941,0.6010921109354792,0.6026773424698346
894,0.9873343955375867,0.9014267326857376,0.05239957500795709,0.03350808784656868,0.6054030751544762,0.6066576791300461
895,0.9938831057660212,0.9075803058742534,0.05278072258175696,0.0335220793897281,0.5966374479091824,0.5979983613883509
896,0.9959430085600305,0.9094880910453517,0.052921771672346206,0.03353315147443191,0.6074148584566748,0.6088531208103679
897,0.988648849377123,0.9019944567689951,0.05310608145641277,0.03354830799761098,0.6173300761603678,0.6186797259049605
898,0.9898331915789217,0.9034944888263756,0.05277285296997217,0.033565847616670016,0.6079896536858744,0.6094367644868166
899,0.9895383680426949,0.9030217647483969,0.05293113878712793,0.03358546073958952,0.6145997988216698,0.6159715477431849
900,0.9923953186730781,0.9059550800034328,0.05284229073877444,0.033597949262211116,0.609857738180773,0.6110740354535976
901,0.9879432870646561,0.9010159092004965,0.053309125832989565,0.03361824320107035,0.6137376059778704,0.6151693728586325
902,0.9905583693354547,0.9040100231546149,0.05291627264708893,0.033632076096326596,0.607271159649375,0.60861865037986
903,0.99204983764689,0.9054574412524589,0.05294043948317948,0.033651952771623854,0.6137376059778704,0.6149495009682706
904,0.9901583558750111,0.9037555483998128,0.05273705750825865,0.03366574829620677,0.6094266417588734,0.6109386265455087
905,0.9852673889645421,0.8991997456872647,0.05238707128600119,0.03368056947527338,0.6153182928581693,0.6166919410099807
906,0.9884069421062148,0.9022456416454718,0.05245993686897485,0.03370136427537157,0.6058341715763759,0.6070007448234769
907,0.992573689328372,0.9064548392802207,0.052402197029363974,0.03371665469755008,0.6118695214829717,0.613245046923879
908,0.9903414360595376,0.903596150839118,0.05301413780691501,0.033731142355268036,0.5770944101163961,0.5788201996126918
909,0.9886599861868053,0.9021410908331078,0.05277241761849039,0.033746481434801974,0.6097140393734732,0.6109067481007002
910,0.9918008805743098,0.9056474116791047,0.05239739843202162,0.03375607459478156,0.6059778703836758,0.6073268285416357
911,0.9900736208362199,0.9030942628054394,0.05320085922422329,0.03377849444958958,0.5982181347894813,0.599398778489498
912,0.9894206950181105,0.9021857462749517,0.05343878875766391,0.03379615651126959,0.6016669061646789,0.6030716520184717
913,0.9907248499647333,0.9040681402014151,0.052845902026838774,0.03381080977497712,0.6079896536858744,0.6091619246238641
914,0.9908207637651468,0.9039553473488766,0.05303784669995873,0.03382757909939642,0.6069837620347751,0.6084184418292864
915,0.9869669241575627,0.899817081125736,0.053302403777636474,0.033847447583230515,0.6084207501077741,0.6094927752122746
916,0.9906339502947857,0.9036230440625584,0.053150061230487156,0.03386084437595135,0.6121569190975715,0.613488008342023
917,0.9869236930174841,0.8997183066364128,0.053329092291583786,0.03387629497330034,0.6075585572639747,0.6090570534783256
918,0.9952913713808083,0.90818094408089,0.05322054373310513,0.033889884213479465,0.6137376059778704,0.6146380157902577
919,0.9903979737759664,0.9033890293322515,0.05310579733651403,0.03390315180409655,0.6105762322172726,0.6119776552956948
920,0.9911033587819595,0.9041375086077638,0.0530505052824304,0.0339153448628581,0.5982181347894813,0.5997041561150007
921,0.9868332712724645,0.8995654387093084,0.053331509530158853,0.033936320917948785,0.6130191119413709,0.6143817965142261
922,0.9861679398083347,0.8995007472419245,0.052714521629313726,0.033952672684380236,0.6051156775398764,0.6067262028899151
923,0.9886965231060176,0.9019497487715973,0.05277778153706683,0.03396899611633611,0.6033912918522776,0.6050424549381797
924,0.9901934816227818,0.9029028263049558,0.053301091694419864,0.03398956224388699,0.6087081477223739,0.6099983613883511
925,0.990270532518818,0.9029334386903538,0.05333356093334251,0.03400353882753535,0.6121569190975715,0.6135185461045732
926,0.9902880701770007,0.9033922130802202,0.05288469062413887,0.034011164951798116,0.6107199310245724,0.6120105764933711
927,0.9876832450013476,0.9003496596843694,0.05329566141599844,0.034037920022052776,0.5916079896536859,0.5930594369134514
928,0.9918956877788193,0.9042814239754658,0.05356327332807848,0.034050992685075054,0.6101451357953729,0.6114819007895129
929,0.9882859475723301,0.9007891289443356,0.05343416949137478,0.03406264982985892,0.6035349906595775,0.6047944287203934
930,0.9923484970961756,0.9052385221200524,0.05303814573654294,0.03407183257087515,0.6059778703836758,0.6072413228064948
931,0.9882266010116411,0.9009548364262554,0.05318548871981273,0.03408628237452602,0.6120132202902716,0.613375688961716
932,0.9883035107545597,0.9015193695411512,0.0526847773816269,0.034099364837647375,0.6019543037792786,0.6030580962311932
933,0.9884820401214598,0.9014501286950806,0.0529168123944915,0.03411509908006646,0.6115821238683719,0.6129776552956949
934,0.9947002436995147,0.9071216247071135,0.05344684160351839,0.03413177873681787,0.6043971835033769,0.6054622374497244
935,0.9914396355285403,0.9038269053606625,0.05346992478269256,0.03414280137564023,0.6118695214829717,0.6129702070609266
936,0.994545826128732,0.9073279437910535,0.05307138119846313,0.034146502212531474,0.6058341715763759,0.607245046923879
937,0.9879209506458585,0.9004552976241278,0.05330277453582851,0.03416287995053701,0.6102888346026728,0.6113804558319679
938,0.9891029004479195,0.9017267213297363,0.053195446259649275,0.03418073521822344,0.6147434976289696,0.6160777595709818
939,0.984778863994156,0.8978081895524288,0.0527794203628778,0.03419126045611385,0.6087081477223739,0.6101205124385521
940,0.9886306595024594,0.9014480501297716,0.05297030404237927,0.034212305711991554,0.6016669061646789,0.6030716520184717
941,0.9855348213528539,0.8984365671046559,0.05287136552518924,0.03422687538123401,0.5987929300186808,0.5998602711157456
942,0.9880423236379748,0.9010084791590486,0.052791198067027686,0.03424264970197385,0.6117258226756718,0.6130899746760018
943,0.9872462526274268,0.9001249424906568,0.05286057674295088,0.03426072918781177,0.5979307371748814,0.5994306569343066
944,0.9879767533382614,0.9003172911246423,0.053378266884212884,0.03428119314690742,0.6075585572639747,0.6089226873231045
945,0.9884393361814235,0.9008756676253308,0.05327163626673938,0.03429203280540166,0.5888777123149878,0.590589453299568
946,0.9934848122494645,0.9056449556234223,0.0535338049756374,0.03430604942508052,0.6023854002011784,0.6036821093400864
947,0.987565922546976,0.8997833607679537,0.05346608676529167,0.034316476568834485,0.6077022560712746,0.6092548785937731
948,0.9887441737604888,0.9002572022081877,0.054147056194579296,0.034339920063182566,0.6008047133208795,0.602025175033517
949,0.9890007171364998,0.9014656990145554,0.053183418942848525,0.03435159772409672,0.6059778703836758,0.6072962907790853
950,0.9883516811231615,0.9006951617036576,0.05329136301074533,0.034365159678491713,0.6102888346026728,0.6116919410099805
951,0.9875632526545984,0.8997977529214124,0.05338104603963861,0.034384450944145106,0.6068400632274752,0.6081839713987784
952,0.9917995363306873,0.903968319328956,0.05343408813508168,0.03439713415132632,0.602816496623078,0.6041595411887383
953,0.9928853904178283,0.9044472301789169,0.0540307452777736,0.03440741681013235,0.6107199310245724,0.6120288991509012
954,0.9833684897419365,0.8952373785951354,0.05370895724081414,0.03442215500392779,0.6118695214829717,0.613129003426188
955,0.9863192995040988,0.897888397267708,0.0539860376288689,0.03444487007741939,0.6019543037792786,0.6034184418292864
956,0.9874894326403663,0.8993311091167588,0.05370423150424009,0.03445410276430574,0.5993677252478804,0.6004194845821541
957,0.985585553247981,0.8974762684501678,0.05363971103190999,0.03446956610119468,0.6124443167121713,0.6137920452852674
958,0.9896642894799005,0.9014400972993163,0.05373731920612597,0.03448687029250618,0.5895962063514872,0.5909983613883509
959,0.9931055777698845,0.9051222051161256,0.05349069481729211,0.03449268751344233,0.6123006179048713,0.6133926709369879
960,0.9901174217620994,0.9019002713062825,0.05370497181454872,0.03451218536006666,0.6124443167121713,0.6135904960524357
961,0.9877139202033091,0.8996255620917912,0.053568420832395075,0.034519935824123674,0.6144561000143699,0.6157065395501266
962,0.9901517717501507,0.9020483996491611,0.05356570926162597,0.03453766806783185,0.609857738180773,0.6110740354535975
963,0.987151243491734,0.8994899057317592,0.05311441090948829,0.03454692624236321,0.6054030751544762,0.6066760017875764
964,0.9886583701806055,0.9000488284384832,0.05403696380064206,0.03457257247693598,0.6023854002011784,0.6037309697601668
965,0.9860519144037946,0.897705255517125,0.05376080654798131,0.03458585352602747,0.6036786894668774,0.6052365559362431
966,0.9886825082202395,0.9006821491077964,0.053398568454055474,0.034601785592121334,0.604253484696077,0.6055270370922091
967,0.985899034254269,0.8975826615419756,0.05369553526879248,0.034620832068355006,0.6010921109354792,0.6024696856844928
968,0.9915758431994173,0.9031173079276602,0.05382198054905012,0.03463655590041048,0.612875413134071,0.6143000148964697
969,0.9883287067744971,0.8998016534068835,0.05387261393945062,0.03465443488597476,0.6061215691909757,0.6073597497393118
970,0.9870621801741697,0.898752569518464,0.05364689909597292,0.03466270623811875,0.6081333524931744,0.6093780723968419
971,0.9894803050332138,0.9010052575960912,0.053788976636485714,0.034686075930071045,0.6058341715763759,0.607025175033517
972,0.9897612600358058,0.9014988852516812,0.05357365902041649,0.03468871973310416,0.5960626526799827,0.596828392670937
973,0.9930721816874079,0.9046366091757126,0.0537300989666681,0.03470547143800846,0.6123006179048713,0.6137346938775511
974,0.9877209182031573,0.8987889597257983,0.054211618937899934,0.03472033984566201,0.6005173157062796,0.602087591240876
975,0.9855584353358431,0.8971738892907571,0.05364795267594787,0.034736585991361014,0.6087081477223739,0.6100166840458812
976,0.9902521305804384,0.9019210752373301,0.05357844635784275,0.03475260935998936,0.6105762322172726,0.6118432891404737
977,0.9906172489773903,0.9020560241701412,0.05379535150859424,0.034765870564241554,0.6058341715763759,0.6068663786682557
978,0.9890209054840692,0.900381180931395,0.05386386165709344,0.034775860413838296,0.6068400632274752,0.6081167883211679
979,0.990859876086373,0.9022250134106562,0.05384562999001521,0.03478923223817429,0.6039660870814773,0.605149709518844
980,0.9882958282220464,0.899476131757009,0.054017382142212834,0.03480231668251413,0.6065526656128755,0.6079226873231044
981,0.9838902834486491,0.895533702003149,0.05354138006679558,0.03481519565345964,0.6055467739617761,0.6070509459258157
982,0.9847022755458824,0.8958624218075179,0.05400028585036487,0.03483956740085876,0.6032475930449778,0.6048018769551617
983,0.9857687789795299,0.8974349390485709,0.05348408940276429,0.03484975575398638,0.6107199310245724,0.6120411142559213
984,0.9864536822570229,0.8980517666184674,0.05353242569694164,0.03486949861379409,0.5999425204770801,0.6013879040667361
985,0.9879907116086203,0.8993981514430659,0.05371047235422563,0.03488209267577952,0.615749389280069,0.6170899746760018
986,0.9841672773247462,0.8953683717974747,0.053899999985232885,0.03489890623634823,0.601523207357379,0.602886042008044
987,0.9872624906833735,0.8983778733257454,0.053972244605299965,0.034912378155310654,0.6124443167121713,0.6139325189929987
988,0.9842675019653557,0.8959860420035192,0.05335478338167095,0.03492667906726121,0.6077022560712746,0.6091571577536125
989,0.9859437202050573,0.89747469895255,0.05352372567785388,0.034945290080131274,0.6120132202902716,0.6133817965142262
990,0.9858001324359259,0.8969929294350469,0.053840787329967034,0.03496641314794987,0.6049719787325765,0.6063817965142262
991,0.9888916221530397,0.899885398746479,0.054020076892699366,0.03498615410148387,0.6101451357953729,0.6115674065246537
992,0.9853076285835586,0.8967928223130963,0.053525011094116004,0.03498979694290157,0.612875413134071,0.6142511544763891
993,0.9885667571049858,0.8996921250285353,0.05386351205099158,0.035011116129936785,0.6074148584566748,0.6087492924176969
994,0.9870858653075806,0.8976509259133901,0.05440498888599648,0.0350299464081798,0.6131628107486707,0.614506330999553
995,0.9873178175150414,0.8983311999681816,0.05395075839581906,0.035035850517403586,0.6104325334099727,0.6117004319976166
996,0.9842353188318328,0.8946767083648498,0.05449786592065594,0.03506075025497711,0.6091392441442736,0.6105857291821838
997,0.9882104786190258,0.8990278718868606,0.05410786663152771,0.035074728717597876,0.5911768932317861,0.5928629524802622
998,0.9850462542677906,0.8954264110730183,0.054525879453822174,0.035093958859904295,0.6035349906595775,0.604892149560554
999,0.9867835130940259,0.8972553963684491,0.05442197504436632,0.035106137943607854,0.608564448915074,0.6096417399076419
1000,0.98968628119559,0.8998998118245168,0.05466121795863868,0.03512525008912401,0.6144561000143699,0.6157004319976166
