epoch,train_total_loss,train_cross_entropy,train_l1_penalty,train_l2_penalty,validation_accuracy,validation_cwr
1,2.9290397986030934,1.9375804153080045,0.9814371257562168,0.010022258035782931,0.40163816640321887,0.3992857142857143
2,2.7832858627906973,1.8691173895694586,0.9040977040110074,0.010070763262025429,0.43670067538439433,0.4369706539550126
3,2.4380099229693397,1.5937496704999734,0.8339061903309456,0.010354058187894437,0.46903290702687167,0.4701884403396394
4,2.1449810478053126,1.3645011228911406,0.7696975363467442,0.010782388255068635,0.5178905015088375,0.5191079994041412
5,1.9489132163853184,1.231159450011206,0.7065634276781604,0.011190343491881893,0.5259376347176319,0.5276210338149859
6,1.8107644866502632,1.1567644204434213,0.642452280888665,0.011547790575418677,0.554246299755712,0.5554585133323402
7,1.7025526521157595,1.1136355825429127,0.5770810761916293,0.011836003425422285,0.5707716625952005,0.5719664829435425
8,1.6069516185920014,1.0818122138937993,0.5130189834252259,0.012120409776181099,0.578531398189395,0.5798090272605393
9,1.5177348085922282,1.0554355167335332,0.44991659268015227,0.012382692681366658,0.5920390860755855,0.5932009533740504
10,1.4391340461334359,1.0374311301570838,0.3890536538587423,0.012649267336174596,0.5776692053455956,0.5789335617458663
11,1.3705973742867805,1.0266638485962913,0.33102217091793196,0.012911352640110745,0.5693346745222014,0.5710081930582452
12,1.3066761876372261,1.0189700228058927,0.2745522131611003,0.013153960188776619,0.578675096996695,0.579585431252793
13,1.2516889599894532,1.01740073138466,0.22089929065239775,0.013388931643116627,0.5851415433251904,0.5863438105169074
14,1.206477548339823,1.016505415094603,0.17635108098197144,0.013621052236482661,0.5891651099295876,0.5904720691196186
15,1.1765274903883551,1.0160384883070699,0.14665194877366736,0.013837052260532617,0.5778129041528955,0.5790580962311933
16,1.1560000671979287,1.012258252033404,0.12969662101554158,0.014045198780569748,0.5821238683718926,0.5835087144346789
17,1.1464447759574712,1.0111313142521592,0.12107590197304882,0.014237561451442747,0.5947693634142837,0.5958785937732758
18,1.1376496841037629,1.007760392264536,0.11547282296387452,0.014416472812763086,0.5818364707572927,0.5828931923134216
19,1.1267742460393104,1.0015374744635646,0.11064673179391472,0.014590036149954022,0.5831297600229918,0.5845331446447192
20,1.121725105591796,0.9985991139952557,0.10835961303734577,0.01476637325203441,0.6003736168989797,0.6014866676597647
21,1.110395997124579,0.9897356169424895,0.1057342064084721,0.0149261683885681,0.5893088087368875,0.5901446447192015
22,1.1146201096075776,0.9944669246279588,0.10507448185901735,0.015078704843394226,0.607271159649375,0.6084964993296589
23,1.0990519293218974,0.9804823863847208,0.10333685301761378,0.015232691326650897,0.5929012789193849,0.5939786980485625
24,1.0949640161159617,0.9771334609863385,0.10244070261155827,0.01538985167600708,0.6029601954303779,0.6044734098018768
25,1.0919587145010654,0.9764670483903958,0.09996149211668012,0.015530172891230706,0.601379508550079,0.6022057202443021
26,1.0894706329920456,0.9745136706252467,0.09928732545451369,0.01566963033133162,0.6046845811179767,0.6060594369134515
27,1.0853097087985089,0.9731179322640021,0.09640403096190059,0.015787742775292775,0.594338266992384,0.5961462833308505
28,1.076273616111592,0.9642475351877537,0.09610294425927765,0.01592314548261559,0.6115821238683719,0.6124951586474005
29,1.0868857990035485,0.9746029427517829,0.09623497436852235,0.016047882405447623,0.6118695214829717,0.6132755846864294
30,1.0759847872317874,0.9651732822570467,0.09464986043759917,0.01616164717278847,0.609857738180773,0.610915239088336
31,1.0718715860336947,0.9621701946562092,0.09342582502088802,0.01627556929122033,0.6104325334099727,0.6119019812304484
32,1.0668531438197397,0.957400743492651,0.09304547830848692,0.016406920024267833,0.6074148584566748,0.6086088187099657
33,1.077651369963968,0.9680632215187559,0.09307562796989723,0.01651251848151645,0.6124443167121713,0.6132484731118725
34,1.0643801126419805,0.9554453021768421,0.09231927440925856,0.016615530346962018,0.5831297600229918,0.5851011470281542
35,1.063825341387202,0.9551168273519315,0.09198716322137014,0.01672134608060297,0.5982181347894813,0.5986475495307612
36,1.05593569142703,0.948318686177289,0.09078848020542044,0.01682852720272988,0.6091392441442736,0.6108483539401162
37,1.0565657025439452,0.9493763034054904,0.09025235107736797,0.016937056742367652,0.6272452938640609,0.6283597497393119
38,1.0564403307816475,0.9493436000867554,0.09005034957115875,0.01704638239672376,0.6179048713895675,0.619019067481007
39,1.0521588298948628,0.9459885197957539,0.08902206410855838,0.01714824516829925,0.6203477511136658,0.6210140026813645
40,1.042065337610786,0.9371358055564106,0.0876868605947748,0.017242670364871693,0.6237965224888633,0.6250533293609415
41,1.0416251416863476,0.9376556836834138,0.08661657212914227,0.017352885368717336,0.6066963644201753,0.6069661850141517
42,1.0372473884286646,0.9333398278236801,0.08645803862166895,0.017449522250172548,0.631412559275758,0.6322277670192165
43,1.039416077510775,0.9356859107523887,0.08617508730136864,0.017555082385484592,0.6367294151458542,0.6378127513779234
44,1.048789786091651,0.9453642077445299,0.08578651133329983,0.017639064722117515,0.6281074867078603,0.6296688514821988
45,1.049934274044714,0.9446251193311198,0.08759764139102201,0.017711514169447964,0.6203477511136658,0.6211972292566662
46,1.0314284985410462,0.9275269562065096,0.08610565362883327,0.017795886508215775,0.6194855582698664,0.6206332489200059
47,1.030570665195869,0.9284896623096447,0.08419847442794076,0.01788252410773985,0.6341428366144561,0.6349664829435424
48,1.0317273529495106,0.9287768949515383,0.08498187584663057,0.017968581355856588,0.6373042103750539,0.6385735140771638
49,1.0368595767045161,0.9343799424764154,0.0844232090013451,0.018056427406310128,0.6148871964362695,0.6165748547594221
50,1.0314839634166948,0.9283898021661271,0.08496641162539337,0.018127751157527117,0.604253484696077,0.6043849247728288
51,1.02838070948656,0.9261832060288349,0.08400564841398273,0.01819184865202433,0.5952004598361833,0.5967957694026517
52,1.0290593737106006,0.9272692663125872,0.08351756802345593,0.018272544181728897,0.6403218853283518,0.6413963950543723
53,1.026923308017559,0.9261360499241825,0.082443432020831,0.018343827851145564,0.6217847391866648,0.6226868762103381
54,1.0240002905847971,0.9232814141535386,0.0823097519200755,0.018409124352996128,0.6393159936772524,0.6401093400863995
55,1.0273470817446144,0.9266279123178551,0.08223236866540515,0.018486794173441273,0.6390285960626527,0.6402816922389395
56,1.0289985247000244,0.9277945087377085,0.08265703231019182,0.018546985892169708,0.6329932461560569,0.633799195590645
57,1.022640483289259,0.9220302826389702,0.08200225264651968,0.01860795258744461,0.6398907889064521,0.6411876955161627
58,1.02391091201956,0.9239821100752318,0.08125727093627456,0.018671522733080505,0.6077022560712746,0.6082227022195739
59,1.0241621233879414,0.924372138879751,0.08105632630546881,0.0187336587126137,0.615605690472769,0.6159332638164754
60,1.0196988515117966,0.9198135815915199,0.08108595331598414,0.018799315375733743,0.634286535421756,0.6354391479219424
61,1.024442602135803,0.9252794145133102,0.08031461505857174,0.01884857390703852,0.6345739330363558,0.6356088187099658
62,1.0122178980186936,0.9126765921225851,0.08062189977382136,0.01891941038637664,0.6457824400057479,0.6470814836883658
63,1.0121251129867668,0.9130658876417971,0.08006592617370321,0.01899329740016098,0.6217847391866648,0.6224181438998958
64,1.0205360060879718,0.922306263236106,0.0791800382770175,0.019049709755137728,0.6312688604684581,0.6325979442872038
65,1.0196862479430675,0.920435011583869,0.08014074098230488,0.019110495374752266,0.6403218853283518,0.6416712349173246
66,1.0144063170947362,0.9150321447381619,0.08020795030589761,0.019166222327169476,0.6368731139531542,0.6377479517354386
67,1.0101409852633207,0.911171253581622,0.07974476095828059,0.019224963832782046,0.6269578962494611,0.6282084016088186
68,1.012219771637898,0.9141329073635287,0.0788069956249796,0.01927986724337236,0.6168989797384682,0.6180801430061075
69,1.0209113150291151,0.9218992642551888,0.07967816150630407,0.01933389200444476,0.6490875125736456,0.6503000148964695
70,1.012667469636413,0.9138356051340171,0.07943970247094599,0.01939216042950563,0.6249461129472625,0.6261961865037986
71,1.0064758542523093,0.9089207774966865,0.07810789953105185,0.01944717949272093,0.6203477511136658,0.62162475793237
72,1.0124330362860439,0.9157073392935192,0.07722645686230863,0.019499240755201895,0.6325621497341573,0.6333095486369731
73,1.0063781990523928,0.908832826505089,0.07798610343610543,0.019559269227897972,0.6107199310245724,0.6113753910323253
74,1.0128186228272216,0.9154798631473491,0.0777208122679995,0.019617950053408342,0.6327058485414571,0.6340143006107554
75,1.0072614386482885,0.9092662003229088,0.0783180255511914,0.019677213220912624,0.6400344877137519,0.641129003426188
76,1.0061500006527853,0.9088351083548697,0.07758935217902585,0.019725534164260167,0.6361546199166547,0.6373329360941458
77,1.0057034275110022,0.9094913085827044,0.07642906097814875,0.01978305505058952,0.6214973415720649,0.6229813794130791
78,1.0022648207533889,0.9053267086009593,0.07709335271423791,0.01984476130271047,0.6411840781721512,0.6421924623864145
79,1.003239516237889,0.9061427808369794,0.07719807580856435,0.019898655035971036,0.644345451932749,0.6455857291821838
80,1.0053505429010108,0.9091835096060913,0.07622719897413104,0.019939835826642965,0.638597499640753,0.6400302398331597
81,1.0117022351366227,0.9146721775221026,0.07702811686625886,0.02000195120252109,0.6289696795516597,0.629786980485625
82,1.0094427350163888,0.9117120224728223,0.07768472781390667,0.020045988813346703,0.6245150165253628,0.6253461939520333
83,1.0070771199736313,0.9095372445437051,0.0774524194614129,0.020087459449430002,0.6344302342290559,0.6356308654848801
84,0.9956790301148483,0.8980657390041381,0.07746722141928775,0.020146080240701476,0.6477942233079466,0.6491914196335468
85,0.9961777921722682,0.9000263967498964,0.0759516686687166,0.020199734414616508,0.6403218853283518,0.6417506330999554
86,1.000825428041101,0.9059139677361007,0.0746636457418998,0.020247811628209822,0.6373042103750539,0.6380726947713392
87,0.9989181151248238,0.9027576424777808,0.07585173978264569,0.020308733434780506,0.6351487282655554,0.6361985699389245
88,0.9977443112280712,0.9023589555482991,0.0750335768102863,0.02035178159479866,0.648512717344446,0.6499118129003426
89,1.015713163594916,0.917978020941908,0.07733765765671279,0.020397480929203203,0.6408966805575513,0.642340384328914
90,0.9951810786086503,0.8984762894420347,0.07626690249823175,0.020437882596474045,0.6331369449633568,0.6339054074184418
91,1.0067348236118794,0.9094028249179551,0.07683653636154456,0.020495466502253,0.6276763902859607,0.6282752867570387
92,0.9983725963541276,0.9015242281034086,0.07631371955275279,0.020534644485267265,0.6463572352349476,0.647262028899151
93,0.9901758946809195,0.8946118230945781,0.07497616623248464,0.020587902865422784,0.6452076447765484,0.6464184418292865
94,1.0081892452255066,0.9120261729286052,0.07552461525154175,0.0206384634689291,0.6315562580830579,0.6324500223447043
95,1.0064045740349024,0.909952033480825,0.07577993000122404,0.02067260905663452,0.6397470900991522,0.6409104722180843
96,0.9983249784869218,0.9010843047637983,0.07651777460984859,0.020722893819765362,0.6444891507400489,0.6454903917771488
97,0.9938587561508828,0.8983906198976574,0.0747017382029436,0.020766400581273665,0.6406092829429516,0.6417676150752271
98,0.9882460543780102,0.8927092337029335,0.07471409867332832,0.020822725218217132,0.6459261388130478,0.6468701027856397
99,0.995132487692835,0.9001727838046182,0.0740809276387393,0.020878770553942796,0.6465009340422474,0.6474842842246388
100,0.9912100008702651,0.8959597807143642,0.07433103237053258,0.020919187641367347,0.6341428366144561,0.6349848056010725
101,0.9874098179052232,0.8923057639696489,0.07412637405730232,0.02097767137204081,0.6483690185371461,0.6495002234470431
102,0.9901832348314711,0.8953576325291035,0.07379107279717742,0.021034525346290897,0.6416151745940508,0.6429935945180992
103,0.9814508735217108,0.8873513855627855,0.07302051578330007,0.021078972295804566,0.638453800833453,0.6399240280053629
104,0.9908828099306022,0.8970820073732649,0.07266406327023522,0.02113674342753276,0.6352924270728553,0.6364819007895129
105,1.0030131807253952,0.9075722017495826,0.07426916427705836,0.021171813511415054,0.6510992958758443,0.6523733055265903
106,0.995809658400405,0.8996294557251693,0.07496437354366367,0.021215835675588626,0.644345451932749,0.6453353195292717
107,0.9879231423477894,0.8930133228792612,0.07364831138833156,0.021261500038087737,0.6416151745940508,0.6422790108744227
108,0.986148759763394,0.8912370381623888,0.07360448406262206,0.02130723837776454,0.6427647650524501,0.6440326232682855
109,0.991390175904363,0.897074184270062,0.07294905513850483,0.021366932893094017,0.6473631268860468,0.6483353195292716
110,0.9870215427654538,0.8928991796933023,0.07271930748493204,0.02140305278080559,0.6365857163385544,0.6373645166095635
111,0.9873331432147929,0.8933795586384684,0.0725006825375067,0.02145290090153102,0.6316999568903578,0.6333257857887682
112,0.9891558432822289,0.8937816728307421,0.07386982570495872,0.021504345947518176,0.649949705417445,0.6509495009682704
113,0.984589744143521,0.8907973622004693,0.07224014544366231,0.021552242254612174,0.6305503664319586,0.6320791002532401
114,0.9861085862499456,0.8918264734794703,0.0726863965970258,0.02159571635974072,0.6140250035924701,0.6145572769253687
115,0.9874652814275833,0.8928883781736653,0.07293992493430643,0.021636977008881026,0.6348613306509556,0.6363709220914645
116,0.9841909633660594,0.8903143866546265,0.07219318767070325,0.021683392301362417,0.6558413565167409,0.6569410099806346
117,0.9813231990278787,0.8882883773879221,0.07130889109019867,0.02172592946600299,0.6391722948699525,0.6407360345598093
118,0.980328806807793,0.8868204021628586,0.07172709029584905,0.021781308005010797,0.6469320304641472,0.6480105764933711
119,0.983502055494106,0.8905888650160032,0.07108955447367851,0.02182363861865834,0.6492312113809455,0.6500458811261731
120,0.9803561785043288,0.886842393064862,0.07163931430670907,0.02187446848372778,0.6436269578962495,0.6449935945180992
121,0.9939060014697871,0.9002206539401961,0.07176622321939208,0.021919120600165213,0.6410403793648513,0.6426603604945628
122,0.9800503884843239,0.8854133261742135,0.07267915880282663,0.021957910873283856,0.641471475786751,0.6422583047817668
123,0.9797031342734858,0.8857578245417314,0.07194578467746082,0.021999532844802227,0.6462135364276477,0.6472291077014747
124,0.9821039588479822,0.8880913271645667,0.07196334972688566,0.022049276960122634,0.638597499640753,0.6391568598242217
125,0.9855515034843886,0.8920534214491748,0.07141670397423794,0.02208137755376038,0.648656416151746,0.6498103679427975
126,0.9815354075115257,0.887664403924313,0.07173549109259665,0.02213551196009927,0.6367294151458542,0.6384051839713988
127,0.9852763537206704,0.8914123400307058,0.07168510842831215,0.022178901174485916,0.6279637879005604,0.629446596156711
128,0.9777579353465176,0.8832351332903765,0.0723097798675363,0.022213026634435543,0.6365857163385544,0.6377004319976166
129,0.9737217299964582,0.8805299500124707,0.07093155726240119,0.022260225723659637,0.6495186089955454,0.6505575748547594
130,0.9753148776050408,0.882455567952836,0.0705475973139071,0.022311713395286675,0.6506681994539445,0.6517981528377775
131,0.9770768069384992,0.884386929017851,0.07032764579376487,0.022362228732420667,0.6373042103750539,0.6389277521227469
132,0.9891058951894653,0.8953454274438479,0.07136162494102212,0.022398846162388613,0.6394596924845524,0.6410400715030538
133,0.9880260826613235,0.8936019768692978,0.07199041111782067,0.02243369498576116,0.6400344877137519,0.6409518844033963
134,0.982071883600665,0.8869712461957919,0.07263467087431669,0.02246596817693237,0.6161804857019687,0.6181170862505586
135,0.9825359914542307,0.888131238919494,0.07189931846081243,0.02250544039899504,0.6439143555108493,0.6447907046030091
136,0.9788344794091248,0.8850738020579797,0.0712176306489847,0.022543040787679897,0.6381664032188533,0.6394184418292864
137,0.9720562822449771,0.8790262790910984,0.07043974054435287,0.022590270046455745,0.6489438137663457,0.6500533293609413
138,0.9790007136200056,0.8857168473805448,0.07065178957229921,0.022632071411927416,0.6434832590889495,0.6445392521972293
139,0.9748674016486024,0.8821017221483559,0.07008857840602811,0.02267710227326023,0.6538295732145423,0.6549593326381647
140,0.9834984734254008,0.8895417334602077,0.07124966267137148,0.022707086299506046,0.6577094410116396,0.6588286906003277
141,0.9805348758674213,0.8866252338583056,0.07116952957217422,0.022740105524357235,0.6398907889064521,0.6415236109042156
142,0.9709275121198233,0.8776454555438431,0.07049561579935097,0.02278643785217727,0.6525362839488432,0.6536369730373901
143,0.9827556744836702,0.8896329616451935,0.07030040613599234,0.02282231090822419,0.6416151745940508,0.6428714434678982
144,0.9739151425121125,0.8798199565370529,0.07123320416003608,0.022861983605668126,0.6321310533122575,0.6328687621033815
145,0.9766147927248473,0.8832390963183273,0.07047339127523355,0.02290230977063524,0.6322747521195574,0.6338911068076866
146,0.9747246267775349,0.8807021767384945,0.07108285815221754,0.022939595824099764,0.638453800833453,0.6391300461790556
147,0.9784457846129141,0.8849458947300243,0.07052078451262686,0.022979111691854143,0.644345451932749,0.6457017726798749
148,0.979857124462092,0.8861913697132692,0.07065529624014377,0.02301046446063195,0.6374479091823538,0.6385575748547593
149,0.9721029431831222,0.8791622043529587,0.069899706862399,0.023041037139756478,0.6453513435838483,0.6462681364516609
150,0.9715847584995358,0.8786444055278645,0.06985461607389125,0.023085733212371087,0.6460698376203478,0.6472206167138388
151,0.9722096882498218,0.8795377375374136,0.06954857330158501,0.023123380828036937,0.6348613306509556,0.6353876061373455
152,0.965879530095732,0.8731272095989129,0.06958112672221851,0.023171185555300813,0.6465009340422474,0.6475575748547595
153,0.9688243520878259,0.8764436666282673,0.06916562220388693,0.023215059959975394,0.6449202471619485,0.6458701027856398
154,0.9832568638608071,0.8900809048886853,0.06992167065687983,0.023254290786010386,0.6355798246874551,0.636651571577536
155,0.9726023532172904,0.8790857855368147,0.07023347109740348,0.02328309405341858,0.6505245006466447,0.6517652316401013
156,0.973606834005292,0.8806985197335863,0.06959235530176935,0.023315965336226735,0.6522488863342434,0.6533940116192463
157,0.9744487191551906,0.8811911250568871,0.06990279384061238,0.02335480561222705,0.6525362839488432,0.6534903917771488
158,0.968782038434447,0.8758757791654151,0.0695153454037332,0.023390916610418474,0.6416151745940508,0.6430180247281394
159,0.9728043555425389,0.8797897225242354,0.0695746753866396,0.02343996141343037,0.6424773674378502,0.643832414717712
160,0.975420876341761,0.8824543910801522,0.0694975811960814,0.023468907411275948,0.6426210662451501,0.643969164308059
161,0.9703303229656348,0.8770863572864941,0.06973693705479601,0.023507029995566333,0.6453513435838483,0.6466529122597945
162,0.9697665550325396,0.8766621619073254,0.06956647276741315,0.02353792417784295,0.6311251616611582,0.6320275584686429
163,0.9650759681029333,0.872100471756482,0.0693907408392503,0.023584752434465558,0.6268141974421613,0.6286030090868465
164,0.9741473949954228,0.8813353960225253,0.06919303829020888,0.023618963107687248,0.588590314700388,0.5880928050052139
165,0.9706365464918743,0.8773574619256211,0.06962503984362799,0.023654046218040896,0.6518177899123437,0.6530448383733055
166,0.976831594517663,0.8835486246347599,0.06959409609314936,0.023688876883634413,0.6523925851415433,0.6536162669447341
167,0.9655246002729947,0.87164167966252,0.0701600188799743,0.023722899305769502,0.6295444747808593,0.6301141069566514
168,0.9705728127329767,0.8770761099984067,0.0697348262097048,0.023761873360322303,0.6276763902859607,0.6282508565469984
169,0.9620358985908279,0.8693162700982251,0.06892170828681068,0.023797925875631537,0.6526799827561431,0.6536393564725161
170,0.9612369046914953,0.8706299552785235,0.06677509584565977,0.023831849807761218,0.6391722948699525,0.6402901832265753
171,0.9787054760974446,0.886315702672559,0.06850884768821193,0.023880924807893833,0.64290846385975,0.64388842544317
172,0.9698157109633861,0.8774483076096403,0.06846457848065474,0.023902823652026638,0.6459261388130478,0.6467174139728885
173,0.968573883974547,0.875632976548633,0.0689999722078162,0.02394093303506377,0.6450639459692484,0.645903023983316
174,0.9636580050205735,0.8712042703472997,0.06847096158223413,0.023982769808191168,0.6393159936772524,0.6406895575748548
175,0.9655635187570726,0.8734620589431563,0.06808606704357352,0.02401539162609671,0.6498060066101451,0.6509104722180842
176,0.9601182233312552,0.8683541281193491,0.06771013606620736,0.024053962545782296,0.6479379221152465,0.6491327275435722
177,0.9598850842384895,0.8681842526719392,0.06760066243715371,0.024100175949905878,0.6315562580830579,0.6332928645910919
178,0.9632769700336223,0.871684476182899,0.067450254577418,0.02414223587188352,0.6440580543181491,0.645568747206912
179,0.9660255511030759,0.873893638146405,0.0679517900955319,0.024180121916567206,0.6500934042247449,0.6512755846864293
180,0.970463977615147,0.8778521035710771,0.06839320147100889,0.024218669506749436,0.6476505245006466,0.6490180247281394
181,0.9672175246865127,0.8751715245577844,0.0678024259166379,0.024243578156326537,0.6483690185371461,0.6492620288991509
182,0.9626172689429506,0.8700012772277539,0.06833970517065696,0.024276288458575615,0.648656416151746,0.649743184865187
183,0.9652880616941094,0.8726587098020643,0.06832420016340628,0.024305155952847164,0.6449202471619485,0.6458517801281095
184,0.969841045909511,0.8768834278387899,0.06861100505589411,0.024346615630934713,0.6421899698232505,0.6437238194547891
185,0.9678354989884486,0.8745801100393088,0.06886685784049101,0.024388529617247832,0.6502371030320448,0.6517360345598094
186,0.9645402209223267,0.8715629361881437,0.0685645073089111,0.02441277911233215,0.6294007759735594,0.6311500074482348
187,0.9676650059533233,0.874249928417965,0.06896488657798006,0.024450192128122494,0.6498060066101451,0.6509654401906747
188,0.9570894289468962,0.8640080080033719,0.06859375687616107,0.02448767171172956,0.6531110791780428,0.6539702070609267
189,0.9680334120616263,0.8757858209816234,0.06772340347749232,0.024524190168566,0.6423336686305504,0.6432314911366006
190,0.9691570235713663,0.8757284476010514,0.06887861101200636,0.02454996646282479,0.6467883316568472,0.6483441084462982
191,0.963869251941432,0.8711282988015323,0.06815711752314697,0.02458383476559433,0.6436269578962495,0.6447187546551467
192,0.9709262342387223,0.8767655714864548,0.06954455420531183,0.024616111144327126,0.6488001149590459,0.6498310740354537
193,0.9598981764899329,0.867151264161758,0.06809818114909243,0.024648726872167275,0.6516740911050438,0.6528653359153881
194,0.9587660355632341,0.8662610807832004,0.06781961231725725,0.02468534314156195,0.651386693490444,0.6526345896022642
195,0.957847339083604,0.86576336683907,0.06735505769330377,0.0247289132932288,0.6447765483546487,0.6461914196335468
196,0.9632437258277889,0.8714633288183403,0.06701483211545256,0.024765564734203185,0.6509555970685443,0.6518395650230895
197,0.9588012255065519,0.8663666769423213,0.06763268306151189,0.02480186567857127,0.6516740911050438,0.6529386265455087
198,0.9645066883118952,0.8717857335195885,0.06788986383528181,0.024831094464707656,0.608564448915074,0.6104112915239088
199,0.9640728036362749,0.8711824354075002,0.06802465871055675,0.024865702386687998,0.652967380370743,0.6542732012513034
200,0.9551922653937309,0.8630166166745857,0.06727763395668156,0.02489801312144083,0.6541169708291421,0.6552694771339193
201,0.9648264708969849,0.8731897281733613,0.06669305294927706,0.02494369356548123,0.649949705417445,0.6511876955161627
202,0.9572420804592056,0.8648415951314954,0.06742346701860634,0.024977012204317067,0.6417588734013507,0.6432341725011173
203,0.9650419954853439,0.871771799197295,0.0682551105451714,0.02501509271996779,0.6546917660583417,0.6556943244451064
204,0.9571390450728798,0.8640656415236581,0.06802322384264983,0.025050176226190407,0.6423336686305504,0.6435490838671235
205,0.9612912441622442,0.8682829899030061,0.06792332067012889,0.025084928081471666,0.6490875125736456,0.6503916281841204
206,0.9628329850216162,0.8698357179737379,0.06788619945259645,0.02511106959657476,0.6391722948699525,0.6401985699389245
207,0.9617376269614462,0.8687042070969988,0.06788766160254027,0.025145752227247267,0.655697657709441,0.6568103679427976
208,0.9558509660702461,0.8627203115616606,0.06794672484095711,0.025183931388146133,0.6423336686305504,0.6428467153284672
209,0.9636776207729838,0.8711263933886157,0.06733904592559022,0.025212181799776478,0.6446328495473488,0.64608520780575
210,0.9608094653515898,0.8676305576582923,0.06793183956377155,0.02524707081629586,0.6490875125736456,0.6502450469238791
211,0.9567269487000005,0.8636952718881239,0.0677555557637486,0.02527612620700466,0.6523925851415433,0.6536529122597944
212,0.9550412981944243,0.8624107560338534,0.06731499408956985,0.025315546826114855,0.6362983187239546,0.6372925666617013
213,0.9519697692240428,0.8598129120789857,0.06680615496290263,0.025350700617414693,0.6439143555108493,0.6447174139728885
214,0.9592523917262453,0.8674970620544259,0.06636796845009417,0.025387364778925177,0.6101451357953729,0.6119888276478475
215,0.9698522264526774,0.8762421924880497,0.06819718421781726,0.025412848500318354,0.6528236815634431,0.654209742291077
216,0.9577255754194001,0.864629410099137,0.06765187795194064,0.025444287349050937,0.6469320304641472,0.6478029197080293
217,0.9622237962764439,0.8692177636370882,0.06754097035003473,0.025465063240048803,0.6403218853283518,0.6419277521227469
218,0.954259357013516,0.8609957430859135,0.06775606363125275,0.025507546474434192,0.6554102600948413,0.6564819007895129
219,0.9581105841064371,0.8654366438716697,0.06713727660041412,0.025536669365754414,0.6562724529386406,0.6575039475644273
220,0.9614783001710053,0.8683111303101704,0.06759860526108162,0.025568567204886955,0.6489438137663457,0.6500411142559213
221,0.9611105354614411,0.8675508287844087,0.06796721182522683,0.02559249160134393,0.6546917660583417,0.6558775510204082
222,0.9554606413837822,0.8625723629063583,0.06726074322280844,0.025627536480497707,0.6462135364276477,0.6476322061671382
223,0.9534861909484945,0.8604354580803016,0.06739134568560995,0.025659387524384656,0.6505245006466447,0.6519057053478325
224,0.9623833534652122,0.869587749307021,0.06710860593546086,0.02568699618664165,0.6541169708291421,0.6550618203485774
225,0.9564389436644785,0.8632948335379529,0.067430144943268,0.025713958740684044,0.6510992958758443,0.652446596156711
226,0.9554166828426313,0.8630584821496857,0.06660963985482789,0.025748563953946334,0.6549791636729415,0.6560105764933711
227,0.9564169917337544,0.8634760004296559,0.06715958349632624,0.02578140594245057,0.6459261388130478,0.6471327275435722
228,0.9551681535804832,0.8626635809502462,0.06670068350759349,0.025803894309089057,0.6454950423911482,0.6464171011470281
229,0.9625503357362261,0.8696100981709326,0.06709823451635395,0.025842004628935787,0.6528236815634431,0.653763890957843
230,0.9538579573061192,0.860591825474129,0.06739257029061654,0.025873564894616664,0.6437706567035494,0.6451425592134663
231,0.9551731658180583,0.862251246244439,0.06701738720850486,0.02590453058624682,0.654404368443742,0.6555857291821837
232,0.9484012796886009,0.8569063941951729,0.06555638121734629,0.02593850820639949,0.624371317718063,0.6261988678683152
233,0.9578965512530045,0.865106656421514,0.06680896098388647,0.025980932427133136,0.6493749101882454,0.6502131684790705
234,0.9527935637775415,0.8599070616024701,0.06687400299578772,0.02601250112597405,0.654260669636442,0.6555528079845078
235,0.9571624996761838,0.8645473764637863,0.06657719633641437,0.026037934331381556,0.6490875125736456,0.6501412185312081
236,0.9560774383248226,0.8630517877575172,0.06695053441216332,0.02607511903087989,0.654404368443742,0.6554880083420229
237,0.9541838887711164,0.8611190946884308,0.06696088427073107,0.02610391211249111,0.6525362839488432,0.6538263071652018
238,0.9550872512000065,0.8619958250614089,0.06695231976249057,0.02613911357267841,0.6168989797384682,0.6172739460747803
239,0.9564791220943036,0.8631328481215652,0.067184656695707,0.02616161790255252,0.6237965224888633,0.6244364665574259
240,0.9521955381883495,0.8585936527242605,0.06741619362564227,0.02618569351506826,0.6523925851415433,0.6536651273648146
241,0.9532542596827431,0.859850518490018,0.06717776730795808,0.026225971086383002,0.6538295732145423,0.6550081930582452
242,0.9466606778717535,0.8537099829760241,0.06669389512076736,0.026256797919276032,0.6252335105618624,0.6256634887531655
243,0.9551711064728705,0.8625999706660661,0.06627810077067507,0.02629303476498985,0.6526799827561431,0.6534378072396841
244,0.9546024766542528,0.860781937824753,0.06749493580026211,0.0263256055479172,0.6397470900991522,0.6409898704007151
245,0.9602762510043689,0.8657475572445044,0.06817533646139165,0.02635336002057389,0.5987929300186808,0.6004588112617311
246,0.9497925429649781,0.855908470020878,0.0675010839756886,0.02638299043170807,0.6419025722086507,0.6429617160732908
247,0.9491286217986484,0.8553986817722538,0.06731193763636056,0.0264180115782627,0.6493749101882454,0.6508178161775658
248,0.9534974925253202,0.8602307997381641,0.06681676771701076,0.02644992817259114,0.6421899698232505,0.6433940116192461
249,0.9586377581023402,0.865887983055323,0.0662764004119975,0.026473376224116444,0.6207788475355654,0.6223709220914644
250,0.9691340943351698,0.8738152186475552,0.06882220332153845,0.026496668501602778,0.6449202471619485,0.6462793088038135
251,0.9559954043896929,0.8604680225841957,0.06901395924304782,0.026513419006855464,0.615605690472769,0.6154324445106509
252,0.9536162700730505,0.8585311272891538,0.0685445929026703,0.026540550898333907,0.6166115821238684,0.6181730969760167
253,0.9572355932058112,0.8622341172707836,0.06843127589712952,0.026570198537664333,0.6515303922977439,0.6527224787725309
254,0.9524089272191152,0.8580556290984617,0.0677565285329213,0.026596773286256523,0.6347176318436557,0.635660062565172
255,0.9564927060005565,0.8623055511892039,0.06756748274270617,0.0266196707351649,0.6541169708291421,0.6552633695814091
256,0.9548583563879177,0.8601591088062971,0.0680373298623367,0.02666192252003165,0.6370168127604541,0.6378114106956652
257,0.9547465670929334,0.8609459007209463,0.06711037421658184,0.026690297963624713,0.6554102600948413,0.6568178161775658
258,0.9440330008457303,0.8494144551780378,0.0678996760261643,0.02671887130449902,0.6450639459692484,0.6459579919559065
259,0.952831084965666,0.8588048485113742,0.06726943097236701,0.026756816335800803,0.6410403793648513,0.6423122300014896
260,0.9516414567509128,0.857001175747159,0.0678478693566817,0.0267924169180983,0.648512717344446,0.6494720691196186
261,0.9508582874607947,0.8572738166341222,0.06676265336000332,0.02682181302485349,0.6561287541313408,0.6573000148964695
262,0.9498676866494233,0.8552769758026736,0.06773492148410214,0.026855790571132035,0.6546917660583417,0.6557737226277371
263,0.9483918329990704,0.8543501945384053,0.06714710868699127,0.026894526126540107,0.6490875125736456,0.6502755846864293
264,0.9437334851674571,0.8496164739311795,0.06718269202610357,0.026934321565581114,0.6512429946831442,0.6519420527335021
265,0.9539382135856082,0.8603769896581677,0.06659572239617778,0.02696550146809493,0.6532547779853427,0.6545528079845077
266,0.9541578743029195,0.8592664360023637,0.06789550709602801,0.026995925650585142,0.6521051875269436,0.653025175033517
267,0.9449933954723472,0.8506875394027558,0.06728444601855996,0.027021413617867095,0.6587153326627389,0.6600302398331594
268,0.9533638390064034,0.858708337859392,0.06759785615707509,0.027057650696177354,0.6477942233079466,0.6487333531952927
269,0.9466037874010073,0.8520608087743317,0.0674585012277664,0.02708447776346187,0.6510992958758443,0.6521045732161478
270,0.950439660246644,0.8561418455365506,0.06717446823390946,0.02712334845151379,0.648512717344446,0.6498079845076717
271,0.9458781232829065,0.8514709458266855,0.06725466554364283,0.02715251256807737,0.6446328495473488,0.645633248920006
272,0.9499384622187395,0.8558881798940309,0.06686788440213187,0.027182398139381225,0.6509555970685443,0.6520716520184716
273,0.9444063257204937,0.8500770139598285,0.06711388186941478,0.027215426362154814,0.6533984767926426,0.654720095337405
274,0.943925597172973,0.8507034482498897,0.06597378819148797,0.02724835511689377,0.6496623078028453,0.6506027111574557
275,0.9431993296081641,0.8500237985406907,0.0658850965753491,0.027290432415351236,0.6335680413852565,0.6343278712945032
276,0.9468598598840507,0.8533878245304364,0.0661478815336631,0.0273241508933581,0.6522488863342434,0.6534917324594071
277,0.9455920491757827,0.8522601279141421,0.06597946280270134,0.02735245997416192,0.6559850553240408,0.6571999106211829
278,0.9518261281113667,0.857816721613953,0.06662877004115571,0.027380634067393547,0.644345451932749,0.6458422463876062
279,0.9433131072692169,0.8498269442358071,0.06607793701403374,0.027408228442233465,0.6510992958758443,0.652012959928497
280,0.9538529813846375,0.8598440297034677,0.06656977261495173,0.027439179001711948,0.654260669636442,0.6549970207060927
281,0.9438595434495268,0.8500076984259431,0.06637932767443555,0.027472518624279893,0.6250898117545625,0.6269131535826009
282,0.9496642620523422,0.8557179698160897,0.06644999118205168,0.027496302262149865,0.6551228624802414,0.656135110978698
283,0.9503239819263141,0.8558099896405206,0.06698976450802215,0.027524224854657782,0.6535421755999425,0.6549423506628929
284,0.9406499388163452,0.8467180806512308,0.0663769456888088,0.027554904879582717,0.6437706567035494,0.644995977953225
285,0.9485087103157794,0.8548208818831035,0.06609989212134529,0.027587931489973152,0.6564161517459405,0.6573963950543721
286,0.9483205235232257,0.8533513737762946,0.06734513088296347,0.02762401661749826,0.6495186089955454,0.6509667808729331
287,0.940954054578794,0.8471220923508185,0.06617899042065586,0.027652976633495068,0.6416151745940508,0.6429386265455087
288,0.9453641992393693,0.851389627361421,0.06628316615693852,0.027691410742041657,0.6454950423911482,0.6470522866080738
289,0.9478007838513286,0.8540461800070668,0.06602859238510862,0.027726009913417334,0.6423336686305504,0.6431582005064801
290,0.9456609569587384,0.8512461667328769,0.06666077665405415,0.027754019294911066,0.6502371030320448,0.6512046774914345
291,0.9414046511839889,0.8477514803897788,0.06587048276310287,0.027782688381741624,0.654404368443742,0.6553047817667214
292,0.9456018376991073,0.8517845129466532,0.0660013603813382,0.02781596370196613,0.6526799827561431,0.654195143750931
293,0.9442143433908395,0.8499786398468697,0.06639403975212055,0.027841662573729168,0.6503808018393448,0.6517445255474453
294,0.9482470903610392,0.8538251547725023,0.0665551764200792,0.027866754303203865,0.6521051875269436,0.653568747206912
295,0.941126324301702,0.8468930647109051,0.06633460028133167,0.027898656510010434,0.6434832590889495,0.6447652316401012
296,0.9463527027192618,0.8517691170814685,0.06665520271400659,0.027928386988737387,0.6410403793648513,0.6419396692983763
297,0.9492881306287697,0.8551238136295615,0.0662157845096284,0.027948536844138512,0.6548354648656416,0.6559776552956951
298,0.9362539159427653,0.8426086296036868,0.06566679046009785,0.02797849511668538,0.6467883316568472,0.6474585133323403
299,0.9387304605655175,0.8448278213527152,0.06588555904238333,0.02801707796945168,0.6413277769794511,0.6426651273648146
300,0.9458399651499038,0.852366093589513,0.0654274507198616,0.028046422370473,0.6242276189107631,0.625939967227767
301,0.9502671618693895,0.8550384261772916,0.0671570337543304,0.02807170210398422,0.6584279350481391,0.6595002234470432
302,0.9452754701926013,0.8499888985950828,0.06718344266647784,0.028103128398397494,0.6380227044115534,0.6396359302845226
303,0.9422901256243068,0.8481729023671387,0.06598744643759773,0.028129777516824432,0.6079896536858744,0.6098581856100104
304,0.9443048466586368,0.8493588024008666,0.06677985864670424,0.028166186462224328,0.6401781865210519,0.6411558170713542
305,0.9422152072538126,0.847527681719145,0.06649650714275464,0.028191023273493883,0.6434832590889495,0.6450339639505437
306,0.9438366015712186,0.8488435362035952,0.06677298996512412,0.028220077810635305,0.6498060066101451,0.6508493966929837
307,0.9427343985355694,0.8487559366130267,0.06573355534729695,0.02824490155822879,0.6469320304641472,0.648450320274095
308,0.9499968576403865,0.854059028829338,0.06766111775215612,0.028276707919777287,0.6482253197298462,0.6492168925964547
309,0.9416095580087172,0.8471111773862152,0.06619587288705041,0.02830249885422888,0.6398907889064521,0.6414564278266051
310,0.9510562652434267,0.8562788882206219,0.06645053137644627,0.028326842510455263,0.6526799827561431,0.6535782809474154
311,0.9442703324687397,0.8488844886629862,0.06703268061134386,0.028353160388798766,0.6421899698232505,0.6437604647698495
312,0.9401812206861153,0.8448890695576696,0.06691009942177195,0.028382055062058157,0.6510992958758443,0.6524160583941606
313,0.9495690182752865,0.8549595983879099,0.0662024036940615,0.02840701354348226,0.6539732720218422,0.6550838671234918
314,0.9442524415680279,0.8486879158592169,0.06712745295797105,0.028437072402882086,0.6590027302773387,0.6603098465663637
315,0.9392283025495725,0.844471562352395,0.06628807618376818,0.0284686660784053,0.6437706567035494,0.6450509459258156
316,0.9417160476293864,0.8471266271174168,0.06609494298405304,0.028494473607769848,0.6591464290846386,0.6602694771339193
317,0.946191131991548,0.8506015980358456,0.0670636594873647,0.028525879039700937,0.6525362839488432,0.6536491881424104
318,0.940833636580022,0.8449789023995485,0.067296283456902,0.02855844675658429,0.6483690185371461,0.6496162669447341
319,0.9458480462515417,0.8501349680724201,0.06712827544682395,0.02858480958840571,0.6230780284523638,0.6239664829435424
320,0.9421506511152673,0.8461555451013384,0.06738729356546,0.02860781127692151,0.6572783445897399,0.6586627439296887
321,0.93835559333599,0.8430572859616368,0.06665972857930774,0.028638583503985803,0.6219284379939647,0.6224816028601222
322,0.9458994482042872,0.8502266935138014,0.06700338723245307,0.028669363317601913,0.6394596924845524,0.6410339639505438
323,0.9478520134568026,0.8524302281273355,0.06673211837220867,0.028689657413309838,0.6512429946831442,0.6521802472813942
324,0.9383188822708316,0.8430234513537673,0.06658232680364387,0.028713098868624904,0.6526799827561431,0.6535966036049456
325,0.9408530367313231,0.8457399619124131,0.06636525500838245,0.028747823802139468,0.6565598505532404,0.6576980485624907
326,0.9472169383347488,0.8518055832528197,0.06664789407344741,0.028763459552679532,0.6591464290846386,0.6602939073439595
327,0.9347001685717956,0.83938242377932,0.06652201689219814,0.028795732725114553,0.6538295732145423,0.6550204081632653
328,0.941979969279282,0.8467046695547656,0.06644367687869884,0.02883162696082062,0.6555539589021411,0.6567408014300611
329,0.9355337184930537,0.8403555429655,0.0663202937212222,0.028857887923430567,0.6477942233079466,0.6488188589304336
330,0.9474311528799948,0.852007923197825,0.06654451670557933,0.028878713837116935,0.625808305791062,0.6264059287948757
331,0.9419627421236977,0.8465024820773968,0.06655446683766085,0.028905797304371716,0.6503808018393448,0.6510299419037687
332,0.9331909638058268,0.8377264452008,0.0665288408007031,0.028935675752978333,0.652967380370743,0.6541815879636527
333,0.9457703468391548,0.8501068477675839,0.06670328885967798,0.02896021004594388,0.6469320304641472,0.6477784894979891
334,0.9486940289849025,0.853704432163932,0.0660082155364583,0.028981379319620998,0.6454950423911482,0.6465636824072695
335,0.9337616232486785,0.8388175305184113,0.06593402727575443,0.029010068973704888,0.6454950423911482,0.6463926709369879
336,0.9404357824881951,0.845596096813379,0.06578861602011521,0.029051064386886757,0.6446328495473488,0.645633248920006
337,0.9361317680731367,0.8407670552659641,0.06628281731045542,0.029081896305049967,0.6465009340422474,0.6479789959779533
338,0.9468168144613903,0.8503410296632669,0.06737059252750156,0.0291051912355811,0.6466446328495473,0.6475416356323551
339,0.9395938679085567,0.8435080476594495,0.06695608177572544,0.029129737374637896,0.6541169708291421,0.6553855206316104
340,0.9363562423001933,0.840799482034222,0.06639652026013955,0.029160234259441763,0.6459261388130478,0.6468701027856399
341,0.9417220574032389,0.8461029167524065,0.06643030378137242,0.029188838228369207,0.6579968386262394,0.6590350067034113
342,0.9339404216715789,0.8395799750105919,0.0651442643845453,0.029216181109712237,0.6561287541313408,0.6570007448234768
343,0.9427199614152498,0.8474413698595614,0.0660299519303116,0.029248636471005087,0.6440580543181491,0.6453000148964696
344,0.937298924343256,0.8425076591727,0.06551699274820336,0.02927427759996552,0.6454950423911482,0.6462155519141964
345,0.9392923854054828,0.8437011230092981,0.06628562745340152,0.029305633066487324,0.6406092829429516,0.6420485624906898
346,0.948392374348685,0.852166134832508,0.0669002227098679,0.029326015261376206,0.6335680413852565,0.6338820199612691
347,0.9346810241919993,0.8387913274891778,0.06654012048402075,0.02934957668426128,0.6488001149590459,0.6502463876061374
348,0.9306829100299934,0.8353625787094178,0.06593474959664208,0.029385584293468398,0.647219428078747,0.6487238194547892
349,0.9462565405989947,0.8512693626696667,0.06557664452360218,0.0294105302438596,0.6591464290846386,0.6603671979740803
350,0.9387332189869377,0.843014014839595,0.06627352399967545,0.029445678745397105,0.6554102600948413,0.6564391479219426
351,0.9349365082601138,0.8395328842834728,0.06594016954553318,0.029463450998905096,0.6591464290846386,0.6599946372709669
352,0.9397744175037582,0.8452247656064912,0.06505639201857472,0.029493253951899483,0.6467883316568472,0.6481303441084464
353,0.9316475160815006,0.8362378983135144,0.06588288407838624,0.02952673412829462,0.6509555970685443,0.6523159541188738
354,0.9352948713926152,0.8401947411711077,0.06554363082646296,0.02955649950478522,0.6538295732145423,0.6550020855057352
355,0.9346129719356916,0.8384950614246183,0.06652970205206075,0.029588214051498217,0.6568472481678402,0.6579287948756145
356,0.9363205266642937,0.8409277200013643,0.06578014366182039,0.029612667433824378,0.6572783445897399,0.6581802472813943
357,0.9352817011643525,0.8400964333949752,0.06554483712460396,0.029640436097540582,0.6519614887196437,0.6532426634887533
358,0.9394048259833504,0.8436293304095,0.06610809026208653,0.029667400354702833,0.6565598505532404,0.6576858334574707
359,0.9379968072066518,0.84202669881887,0.06626880054035171,0.029701306369679725,0.6500934042247449,0.6510618203485773
360,0.9324810027151139,0.8370100259266977,0.0657513594651791,0.029719618520212168,0.6587153326627389,0.6598286906003276
361,0.9360409936680159,0.8406822408285441,0.06559855446277259,0.02976020060362941,0.6552665612875413,0.6565344853269776
362,0.9341193639884342,0.8395491644712268,0.06478983040281815,0.02978036670330904,0.6523925851415433,0.6534696856844928
363,0.9376869176307412,0.8421673022445068,0.06570234530306801,0.029817270623304016,0.6546917660583417,0.6556088187099658
364,0.9464858317532782,0.8504443765543096,0.06621165787510735,0.02982979814530935,0.6416151745940508,0.6425049903172948
365,0.9392174141710903,0.842742803256425,0.06662385487204431,0.02985075735281615,0.6525362839488432,0.6538873826903024
366,0.9330730330140653,0.8379220596108736,0.06527636361963225,0.029874609475482948,0.6523925851415433,0.6538605690451363
367,0.9351347050270759,0.8393846404656954,0.06584064333234853,0.029909417273286415,0.6493749101882454,0.6501337702964397
368,0.9394652158951242,0.8440245092814468,0.06551008015113036,0.029930628859709006,0.6607271159649375,0.6617309697601668
369,0.9333004513799604,0.8375604859986753,0.06577732281247883,0.02996264430725732,0.6503808018393448,0.6512925666617012
370,0.9360296795604249,0.8406155864591828,0.06542753806049445,0.029986554675659652,0.654404368443742,0.655378072396842
371,0.9368507770101715,0.8412795778765968,0.06555906386853531,0.030012135546349867,0.6488001149590459,0.6499532250856548
372,0.9313026090380206,0.8349728623517784,0.06628081576481412,0.030048928921741134,0.6411840781721512,0.6423756889617162
373,0.9378018602504009,0.8420106505059463,0.06571965664518103,0.03007155146092746,0.6467883316568472,0.648295248026218
374,0.9317094634397737,0.8355069057337424,0.06610578290860121,0.0300967742388238,0.6352924270728553,0.6362803515566811
375,0.9439913457470184,0.8477364104015763,0.06614149027809293,0.030113450339445954,0.6588590314700388,0.6601181290034263
376,0.9332044304642018,0.8365738476071315,0.0664929795203529,0.03013759940292005,0.6411840781721512,0.6420031282586027
377,0.9328457222774225,0.8363373098419322,0.06634089642984975,0.03016751347919882,0.6608708147722374,0.6617822136153731
378,0.9328724027690677,0.836469288957686,0.06620567337263074,0.030197437468529143,0.6427647650524501,0.6444235066289289
379,0.9361884292128922,0.83996172595562,0.06600223367417882,0.0302244752470443,0.6498060066101451,0.6509287948756145
380,0.9315204504646606,0.8353342311206537,0.06593427064925333,0.03025194955795665,0.6506681994539445,0.6513767317145837
381,0.9382162258823399,0.8423944936776439,0.06554692482889204,0.03027480980535274,0.6535421755999425,0.6542766274392969
382,0.9387578219068274,0.8420198893286679,0.06643988213922498,0.030298048619650395,0.6462135364276477,0.6474673022493668
383,0.9351811023994602,0.8393650490810413,0.06549532451768736,0.03032072594774482,0.6397470900991522,0.640989870400715
384,0.9355270029279175,0.8390454818229769,0.06613049947259618,0.030351022776322796,0.6469320304641472,0.6476258006852377
385,0.9399809444202467,0.8435744210929942,0.06603722360811111,0.030369300000451988,0.6522488863342434,0.6529848056010724
386,0.9267014585395776,0.8303847728677994,0.06591875688310053,0.03039793544591441,0.6569909469751402,0.6582304483837331
387,0.9422058245713966,0.8454212062933404,0.06636409107009507,0.030420533018321858,0.6578531398189394,0.6589410099806347
388,0.9370722906961919,0.8405460138861554,0.06607811291154593,0.030448159074991887,0.6568472481678402,0.657977655295695
389,0.9327834817951721,0.8359745225270497,0.06633434325931983,0.0304746186366873,0.6607271159649375,0.6619264114404887
390,0.931975583249698,0.8350188896254847,0.06644953042375817,0.030507170071819766,0.6380227044115534,0.6381517950245792
391,0.9352936211168843,0.8384180947322409,0.06634969063202768,0.030525840639282206,0.6465009340422474,0.6477652316401012
392,0.9310520564726944,0.8343335206454847,0.06616786059154349,0.030550677616500894,0.6459261388130478,0.647224340831223
393,0.9341956262085558,0.8379152276286758,0.06569967206280058,0.03058072481583309,0.6370168127604541,0.6378847013257857
394,0.9286364254329307,0.8325662889482647,0.06546007226743067,0.030610067466894073,0.6452076447765484,0.646259645464025
395,0.9347217880389629,0.8390251185414709,0.06505795080337327,0.030638719169750334,0.6489438137663457,0.6504991806941754
396,0.9314309061729868,0.8350336975468218,0.06572805117440474,0.030669160226590417,0.6344302342290559,0.6360828243706241
397,0.9346811527030052,0.8379558332265494,0.06602904257083662,0.03069627949790522,0.655697657709441,0.6570058096231194
398,0.933410122881403,0.8365109872674099,0.06617927383928571,0.03071986784924848,0.6523925851415433,0.6532559213466408
399,0.9373371693607994,0.8400672231362561,0.06652299630361858,0.030746947140473713,0.6568472481678402,0.6578188589304335
400,0.9283340903067832,0.8316488996424335,0.06590851348785855,0.030776683183046726,0.6605834171576376,0.6618263071652019
401,0.9286877693570128,0.8322988357210248,0.06558614601917112,0.030802782995401227,0.6578531398189394,0.659099806345896
402,0.9311070966813084,0.8349525160548982,0.0653291134272675,0.03082546247869306,0.651386693490444,0.6521948458215404
403,0.933458672264969,0.8361505986561908,0.06645841154045441,0.030849660183730646,0.6575657422043397,0.6588079845076716
404,0.9304804281781401,0.8331533063329967,0.0664474880953153,0.030879628519486262,0.634286535421756,0.6358178161775658
405,0.9313630777146046,0.8348195627856347,0.06563258855755533,0.030910928933990296,0.6462135364276477,0.6472168925964547
406,0.9305953386186577,0.8336784671839498,0.06598061121136212,0.030936257727952724,0.6296881735881592,0.6302264263369582
407,0.9313117672287368,0.8342831540525705,0.06606323988997126,0.030965374026006968,0.6574220433970398,0.658384179949352
408,0.9341657349031741,0.8373455522491734,0.06582832150241565,0.030991866543325888,0.6522488863342434,0.6535100551169373
409,0.9284598828304224,0.8315167672110968,0.06592540537052789,0.031017710159666957,0.6523925851415433,0.6536529122597944
410,0.9255384471776551,0.8296166259181416,0.06488348961407502,0.031038330179197656,0.6615893088087369,0.6627835542976316
411,0.9340364514008423,0.8381369113408212,0.06483340321716555,0.03106614405414825,0.6459261388130478,0.64689453299568
412,0.9309385258809882,0.8341480214322738,0.06570013450949266,0.031090366039684764,0.6621641040379365,0.663238939371369
413,0.9349016773065183,0.8376202162765775,0.0661687383596574,0.031112723129320067,0.6453513435838483,0.6468849992551765
414,0.9286249372222194,0.8322026037522338,0.0652852246586251,0.031137110906869776,0.6590027302773387,0.6599250707582304
415,0.9316548870921666,0.8351261149982145,0.06537167844432817,0.03115709526869848,0.638453800833453,0.6400706092656041
416,0.9324823497852249,0.8350537109433243,0.06624348751235958,0.03118515385571508,0.6591464290846386,0.6603733055265902
417,0.929292230063736,0.8328970620594143,0.06518724321770863,0.03120792203105452,0.6436269578962495,0.6451218531208104
418,0.9366664652732584,0.8390038062964624,0.06643341017349268,0.031229248261291982,0.6420462710159506,0.6432328318188588
419,0.9299195417643176,0.832754078901847,0.06591880540020217,0.031246654899692652,0.6528236815634431,0.6536600625651721
420,0.9373595303700459,0.839701217701593,0.06638252686316776,0.03127578546482181,0.6582842362408392,0.6593390436466559
421,0.9290656929712285,0.832262432152109,0.06550957245385788,0.03129368971052021,0.6397470900991522,0.6405623417250111
422,0.9315356711046948,0.8346400333214875,0.06557571926620058,0.03131992261006171,0.6578531398189394,0.6589715477431849
423,0.9330570348070722,0.8365213562401055,0.06519594405904756,0.031339733021336226,0.6625952004598362,0.6637469089825713
424,0.9303351179469778,0.832884007357441,0.06607877880330572,0.0313723300732078,0.6476505245006466,0.6491157455683003
425,0.9288574819901257,0.8315424539265507,0.06592270158812616,0.03139233049034713,0.6584279350481391,0.6595857291821838
426,0.9273527377397615,0.8304555813871182,0.06547140097105053,0.03142575480772994,0.65713464578244,0.6582572620288991
427,0.9298551831801812,0.8319498259611112,0.06645819351755865,0.03144716876242452,0.6476505245006466,0.6484988827647847
428,0.9346553332967685,0.836827155733129,0.06635403389761307,0.031474137028061226,0.6449202471619485,0.6455280798450768
429,0.9276525447775978,0.8296959037273022,0.0664675207290692,0.03148912341376885,0.6572783445897399,0.6584611946968568
430,0.9264895756160036,0.829209742103779,0.06576369480122984,0.03151614048986244,0.6575657422043397,0.6585209295396991
431,0.9307918055918492,0.8335928338271891,0.0656526374703835,0.0315463271622112,0.649949705417445,0.6508762103381499
432,0.9273866847048273,0.8300993257100631,0.06572026957133187,0.03156708887151764,0.6581405374335393,0.6594099508416507
433,0.9234863202331017,0.827060748215533,0.06483326918487149,0.031592306236795764,0.6252335105618624,0.6268361388350961
434,0.9318884897718555,0.8346249359420429,0.06564128596535324,0.031622270626174016,0.648512717344446,0.6494842842246388
435,0.9368057685142311,0.8397175111310169,0.06544948440355068,0.03163877367557919,0.6549791636729415,0.6562487710412632
436,0.9354697454248048,0.8371866046140413,0.06661533432640483,0.0316678103097538,0.6444891507400489,0.6457102636675108
437,0.9279071731220667,0.8301588423910935,0.06607085594326313,0.031677477014105046,0.6492312113809455,0.6501374944138238
438,0.9299922455811503,0.8317628616162254,0.06652498396734753,0.03170440096115309,0.6512429946831442,0.652137494413824
439,0.9310415849070351,0.8330573421183083,0.06625666160027792,0.031727580368874284,0.6552665612875413,0.6564306569343066
440,0.9277128996237853,0.8293259223142323,0.06663443060236632,0.03175254363391587,0.648512717344446,0.6493743482794577
441,0.9288134989613072,0.8314276125722617,0.06561588074137792,0.031770001911135444,0.658571633855439,0.6596491881424102
442,0.9289504137424958,0.8304250938982469,0.0667306832730436,0.03179464234730553,0.6327058485414571,0.6336295248026218
443,0.9305144978898886,0.8324698024584758,0.06622088945388177,0.0318238018705578,0.6421899698232505,0.6432107850439446
444,0.9266716792230926,0.8289179167865354,0.06590615890632161,0.0318476007396136,0.6569909469751402,0.6582426634887532
445,0.926558424119789,0.8287295883355221,0.0659560462584919,0.031872786493723826,0.6574220433970398,0.6584208252644123
446,0.9278929363912096,0.8297275781528688,0.06625726471187603,0.03190809083755357,0.6360109211093548,0.6366098614628333
447,0.9309610169515269,0.8328414500521969,0.0661948887059308,0.03192467703764373,0.6577094410116396,0.6589630567555489
448,0.9364888458985813,0.837688675632866,0.06685632471017136,0.03194384579697308,0.6508118982612444,0.6519593326381647
449,0.9283747440920015,0.8296735334163391,0.0667298365234986,0.031971374865744986,0.6565598505532404,0.6578018769551617
450,0.9301718158752073,0.8319930587199968,0.06619421097825083,0.031984541537343196,0.6292570771662596,0.631062118277968
451,0.9271665894620325,0.829121454631585,0.06603635374238769,0.03200877701962948,0.6546917660583417,0.6559325189929986
452,0.9336202689706808,0.8353845743564957,0.06620557605899054,0.03203011836729733,0.6492312113809455,0.6506077759570982
453,0.9310245050714523,0.8324793805797169,0.06649438899483107,0.032050733229289675,0.6590027302773387,0.660346491881424
454,0.9244646433184657,0.826209302305884,0.06618820517540047,0.032067142513689424,0.6465009340422474,0.6477102636675108
455,0.9313468709641582,0.8331187028517616,0.06613778688665573,0.032090384919447434,0.6545480672510419,0.6554171011470282
456,0.927877907832475,0.8304001648272912,0.0653691478914049,0.032108589678141966,0.6467883316568472,0.6483624311038284
457,0.9290027707485413,0.8306619110318466,0.06620129220426417,0.03213957166865324,0.6597212243138382,0.6607004319976166
458,0.92360552896592,0.825543675653584,0.06589419880801875,0.03216765181272944,0.6579968386262394,0.6591510502011023
459,0.92836949253651,0.8302016931029637,0.06597705248152838,0.032190749477656655,0.6465009340422474,0.6474720691196187
460,0.9308566913503326,0.8329029776426821,0.06573819988656787,0.03221551708653323,0.6282511855151602,0.6297139877848951
461,0.9277513290140235,0.8294106399744026,0.06610062208017548,0.032240069721160156,0.6554102600948413,0.6564269328169223
462,0.933070223578812,0.8348534558075977,0.06596006088698625,0.03225670637620953,0.6453513435838483,0.6468911068076866
463,0.9282942345505868,0.8294485956280546,0.06656531267749251,0.03228032681890253,0.6498060066101451,0.6510020855057351
464,0.9280211959081848,0.8293394151818634,0.06638497824550857,0.03229680230522793,0.6469320304641472,0.6479128556532102
465,0.9272383767771539,0.829008975082438,0.06590510294417366,0.03232430007117612,0.6549791636729415,0.656120512438552
466,0.9248449536194865,0.8259554623803765,0.06654381072372177,0.03234567669266975,0.6266704986348614,0.6272936094145687
467,0.9305256011585752,0.8314325569826804,0.06672367237305946,0.03236936934892945,0.6565598505532404,0.6576797259049604
468,0.9227215081115001,0.8245830679440023,0.06574635014295543,0.032392091766473015,0.6523925851415433,0.6538666765976463
469,0.9305400508353552,0.8316077256976985,0.066513869869142,0.03241844999775631,0.6466446328495473,0.6476515715775361
470,0.9267605000450824,0.8279212485923388,0.06640170744128707,0.03243754342421065,0.6279637879005604,0.6297336511246835
471,0.9309924448473492,0.83252221015288,0.06601728293051715,0.032452949478671986,0.6555539589021411,0.6564781766721286
472,0.9211415720921272,0.8227242883003072,0.06594191762796849,0.03247536955831431,0.6516740911050438,0.6528470132578578
473,0.9238699843424767,0.8258328478232525,0.06552734561526821,0.03250978613960998,0.6436269578962495,0.6448775510204081
474,0.9237004790194402,0.8259789489229994,0.06519115397382491,0.03253037529929408,0.6203477511136658,0.6222049754208253
475,0.9212108249293608,0.8229428375824239,0.06570940417841019,0.03255857980297135,0.6400344877137519,0.6408175182481751
476,0.9275202610177853,0.8295640112477004,0.0653672445148448,0.032589001943216636,0.6546917660583417,0.6560485624906898
477,0.9257055231082164,0.8277311865446434,0.06536785878250698,0.03260648080776402,0.6528236815634431,0.6540143006107552
478,0.9270829367113449,0.8285111144606898,0.06594038910372604,0.03263143700390801,0.6508118982612444,0.6517822136153733
479,0.9223785582056743,0.8244552982146413,0.06527108971882284,0.03265217293382017,0.6492312113809455,0.6505039475644273
480,0.9322685368325899,0.833982330652331,0.0656139427531826,0.032672262850536975,0.6591464290846386,0.6604343810516907
481,0.9260664891110598,0.8275454900596724,0.06582604505401145,0.03269496202021345,0.6594338266992384,0.660494115894533
482,0.9267354366131462,0.8281067741861081,0.0659111660390874,0.03271749819572552,0.654404368443742,0.6554147177119022
483,0.9255222159224109,0.8273233496726528,0.06546149844067384,0.03273736504469303,0.6574220433970398,0.6587262028899151
484,0.9248633437979613,0.8267332969991139,0.06537132594268166,0.03275872637691863,0.6361546199166547,0.6374673022493668
485,0.9188833150529265,0.8208533004450891,0.06524516498413832,0.03278484805467691,0.6480816209225464,0.649587069864442
486,0.9279906418426641,0.8303786322360992,0.06480734204767181,0.03280466639617853,0.6608708147722374,0.6623257857887681
487,0.924330842445287,0.8256174732614718,0.06588275267237098,0.03283061180758928,0.6286822819370599,0.6304662594964994
488,0.9263447484916646,0.8282143956783398,0.06528322665037686,0.03284712521596739,0.6430521626670499,0.6440984656636378
489,0.926661816440209,0.8284374763438338,0.06535107019407034,0.032873268492807854,0.6532547779853427,0.654693281692239
490,0.9265460138229105,0.8275520230422231,0.06610502664629868,0.03288896243367786,0.648512717344446,0.6496980485624907
491,0.92521798849654,0.8264476700081944,0.0658629609153846,0.032907357563325294,0.6449202471619485,0.6459983613883509
492,0.9245922427133576,0.8259727827672524,0.06568410143069896,0.032935354884867526,0.6545480672510419,0.655850737375242
493,0.9252272867012133,0.8265368003392292,0.06573616197237185,0.03295432419207936,0.6591464290846386,0.6603122300014898
494,0.9272258684439535,0.8279991402230672,0.06624731826065326,0.03297940862728683,0.6150308952435695,0.6157221808431402
495,0.9239683280578375,0.8246423747197258,0.06633001052775693,0.032995939837188654,0.6523925851415433,0.6535735140771637
496,0.9230828497974776,0.824120399792281,0.06594948227129066,0.033012966650953955,0.6567035493605403,0.6581340682258305
497,0.919405081428353,0.8215825919756209,0.06478572439095603,0.033036765392603654,0.6597212243138382,0.6608470132578578
498,0.9271884965629374,0.8288390450923672,0.06529536720283383,0.03305408604928073,0.6615893088087369,0.6629301355578728
499,0.925171801440588,0.8261695041243998,0.06591551714496617,0.033086775482356126,0.652967380370743,0.6538334574705795
500,0.9220283404046185,0.8230528856749026,0.06586576265273962,0.03310969219902909,0.6597212243138382,0.6609141963354686
501,0.9253831327364078,0.8260782054998971,0.06618024936535523,0.0331246847355609,0.6567035493605403,0.6581035304632802
502,0.9263035953087717,0.8278055836250254,0.06534839493243547,0.033149616074666564,0.6525362839488432,0.6533193803068674
503,0.9315260253704251,0.8325165056569049,0.0658486796684059,0.03316083251477093,0.6548354648656416,0.655653955012662
504,0.9281251917866595,0.828005659895427,0.06694158358826756,0.03317794937360456,0.6625952004598362,0.6636797259049605
505,0.9276391542716724,0.8283268140982513,0.06611179661705398,0.03320054147825585,0.6476505245006466,0.6484194845821539
506,0.9205528707712576,0.821641686062375,0.06568826520356455,0.033222918651483066,0.6538295732145423,0.6553380008937882
507,0.9293202585590898,0.8303191261501178,0.06575255515649411,0.033248575880988646,0.6285385831297601,0.6294439147921943
508,0.9278504404892848,0.8275129346690622,0.06706603972677835,0.03327147017151036,0.6562724529386406,0.6570825264412334
509,0.9175527622634986,0.8181272058724021,0.06613494230337673,0.033290610536943654,0.6539732720218422,0.6553037390138537
510,0.9219759739512495,0.8227108677222582,0.06594856140351121,0.03331654430943191,0.6565598505532404,0.6577774467451213
511,0.9262447654387272,0.8264311693200848,0.06647149554583204,0.03334210197427763,0.6452076447765484,0.6463146134366156
512,0.9199035028082695,0.8209953680002822,0.06554846305098748,0.03335967438809658,0.6411840781721512,0.6421313868613138
513,0.9230172907694573,0.8235931971032381,0.06603301084599185,0.03339108061310392,0.6380227044115534,0.6396725755995829
514,0.9258132658653654,0.8263271782980309,0.06607774475072543,0.033408342240069645,0.6597212243138382,0.6608409057053478
515,0.918048489794407,0.8196010829422867,0.06501599977989103,0.03343140632706412,0.6611582123868371,0.6625809623119322
516,0.9219634210623138,0.8236452352043061,0.06486282384799016,0.03345535883235938,0.6508118982612444,0.6516722776701922
517,0.9195057954026256,0.8208072554672873,0.06521383636122652,0.03348470656922587,0.6567035493605403,0.6578775510204081
518,0.9246558201074908,0.8259939814302527,0.06515083843682891,0.03351099748137114,0.6551228624802414,0.6564771339192611
519,0.923919704303366,0.8244502626285589,0.06593335819027688,0.0335360856766647,0.6450639459692484,0.6459396692983762
520,0.9244894473472877,0.8251533777502389,0.06578004794022119,0.03355602350849875,0.6502371030320448,0.6509420527335023
521,0.9251335731678473,0.8256500309132728,0.06590642677391204,0.03357711668727315,0.508550079034344,0.5104635781319827
522,0.9284477672249374,0.8289406868828698,0.06590831935414296,0.033598761970771766,0.6454950423911482,0.6466919410099807
523,0.9280451955269733,0.8274198115548623,0.0670054009812439,0.03361998214827373,0.6476505245006466,0.6484683450022345
524,0.9200960778182806,0.8198680431785589,0.06658644357650406,0.033641591723802225,0.6480816209225464,0.6488114106956652
525,0.9325151929466148,0.83246089787229,0.06640423109822102,0.033650061694570854,0.6611582123868371,0.6622084016088188
526,0.9196659544021649,0.8193425836020425,0.06664737437644692,0.0336759960462751,0.6574220433970398,0.6582192760315806
527,0.9211124520926045,0.821698607727275,0.06571917264223236,0.033694669530962645,0.6416151745940508,0.6427553999702071
528,0.9190195038034614,0.8193373415795255,0.06596050909203109,0.03372165340224137,0.6503808018393448,0.6516834500223447
529,0.9233180602779846,0.8240960534404519,0.065479203090789,0.03374280631360197,0.6420462710159506,0.6433000148964696
530,0.9179526826896481,0.8183458868003574,0.06583885677541051,0.033767932860274685,0.6602960195430377,0.6614978400119172
531,0.9220549506023537,0.822743376852675,0.06552378130419054,0.03378779134326479,0.6564161517459405,0.6572192760315805
532,0.9244068041839961,0.8246289417479534,0.06596681776489055,0.03381104365672115,0.6515303922977439,0.6527774467451214
533,0.9218906409045988,0.8221154088414868,0.0659507336968885,0.03382450074090203,0.6506681994539445,0.6515538507373753
534,0.92283075618785,0.8231910552798991,0.06579701698388257,0.03384268216018979,0.65713464578244,0.6578785937732758
535,0.9176464170915571,0.8178662591529382,0.06590354805864433,0.03387661103305332,0.661445610001437,0.6626468047072844
536,0.924510760765717,0.8253265097405414,0.06529088953451309,0.033893361274928674,0.6558413565167409,0.6565318039624609
537,0.9166109469074305,0.8167010252974913,0.06599420432297384,0.03391570842528175,0.6246587153326627,0.6263380008937881
538,0.9225430192404702,0.8226906192133114,0.06590982474186483,0.03394257663162314,0.6512429946831442,0.6521680321763742
539,0.9153824935426724,0.815600974795496,0.06581428932045567,0.033967228715816165,0.6420462710159506,0.6436725755995829
540,0.918777393350863,0.8195335824336449,0.06524874671345077,0.03399506307959574,0.6500934042247449,0.6513427677640398
541,0.9171467067729743,0.8181365536862294,0.06499459796731955,0.03401555890520682,0.6498060066101451,0.6510692685833457
542,0.9258255633596614,0.8263776651537441,0.06540702240235642,0.03404087452147007,0.6630262968817359,0.6643342767764039
543,0.9201949039638205,0.819985430582208,0.06615058911469394,0.0340588813392548,0.6564161517459405,0.6572925666617012
544,0.9227330936304984,0.8227062764430221,0.06594761099892797,0.034079210034820916,0.6548354648656416,0.6556478474601519
545,0.9254798790490015,0.8255872823311896,0.06579970681156846,0.03409289814320887,0.652967380370743,0.6541754804111425
546,0.9227950853560741,0.822210315238609,0.06647283295663305,0.03411193454472442,0.6420462710159506,0.6435382094443617
547,0.9240161269059519,0.8237487862277671,0.06613252770606942,0.034134808910644195,0.6591464290846386,0.660129003426188
548,0.9214209627361711,0.821287503665952,0.06598570979922852,0.03414774793804437,0.5377209369162236,0.5397506330999552
549,0.9238709442093722,0.8232620667239547,0.06643357548345041,0.03417529745870819,0.6456387411984481,0.6464622374497244
550,0.9227441811222405,0.8220085914252493,0.06654128379170143,0.03419430358146676,0.6490875125736456,0.650568747206912
551,0.9188026506285126,0.818274344233436,0.06631664692700329,0.03421165563839574,0.6337117401925564,0.6353685386563386
552,0.9227507060707121,0.8217608777163511,0.0667528838009169,0.03423694627877966,0.651386693490444,0.6525124385520631
553,0.918789409969298,0.8181021877413663,0.06642930796561287,0.034257909517244355,0.6460698376203478,0.647245046923879
554,0.9278559415723113,0.8276469174139218,0.06592967240015381,0.034279361658974924,0.6548354648656416,0.6558127513779235
555,0.9178176616899479,0.8179943660823654,0.06553160269865276,0.034291685601279626,0.6538295732145423,0.6546600625651722
556,0.9240770871516942,0.8237954129225771,0.06597005073658299,0.03431162279822443,0.6421899698232505,0.6425389542678385
557,0.9189326663797727,0.8183460161164842,0.06625116671197184,0.03433548301064363,0.6462135364276477,0.6473634738566959
558,0.9181964857805425,0.818491825805277,0.06535275632716027,0.03435190220274174,0.65713464578244,0.6581473260837182
559,0.922594871615555,0.8221537303455192,0.06606572010356439,0.03437542398439466,0.6578531398189394,0.6587211380902726
560,0.9238235257466406,0.8239048604119662,0.06552194575585756,0.0343967246836262,0.64290846385975,0.644438105169075
561,0.9246734085825089,0.8234879464866067,0.06676932942389345,0.034416128591266165,0.6444891507400489,0.6454903917771488
562,0.9266259468292124,0.8256134403336064,0.06657757320474629,0.034434934748535546,0.6493749101882454,0.650262028899151
563,0.9241805426312822,0.8231295938292426,0.06659587683593221,0.03445506547214331,0.6555539589021411,0.6566614032474304
564,0.9161141895069304,0.8150628374763426,0.06658125557417602,0.03447009583865282,0.6538295732145423,0.6545684492775212
565,0.927682322697969,0.8266739437405037,0.06651797333074072,0.034490402132157094,0.6519614887196437,0.6525158647400566
566,0.9231194095170298,0.8219798758276956,0.0666384880917736,0.03450104287278294,0.6558413565167409,0.6568555042454938
567,0.9188997866795964,0.8177700354494845,0.066606480326867,0.03452327307610783,0.6624515016525363,0.6634574705794726
568,0.9244353169510292,0.8229585084906254,0.06693333909418721,0.03454346120044886,0.6565598505532404,0.6576552956949203
569,0.9167388384156159,0.8158353010219547,0.06633993303305563,0.03456359861234187,0.6469320304641472,0.6485297184567257
570,0.9169864329409199,0.8159382594764053,0.06645963055886385,0.0345885460185352,0.6450639459692484,0.6460679279010876
571,0.9149272837914995,0.8149549048305637,0.06537016126993556,0.03460221681254043,0.6633136944963357,0.664357366304186
572,0.9220709052642951,0.8213628062161756,0.06607683216327222,0.0346312668313153,0.6473631268860468,0.6480788023238493
573,0.9220743787530202,0.820675426549414,0.06674412546409308,0.03465482632089302,0.6610145135795373,0.6620288991509014
574,0.9201632035088653,0.8192289030951044,0.06626132315522314,0.03467297241603494,0.6582842362408392,0.6594978400119171
575,0.9126044224178437,0.8122041662082982,0.0657120874869719,0.03468816430672076,0.660008621928438,0.6610411142559214
576,0.9202973413936776,0.8189043072229625,0.06668121991019291,0.034711810328063135,0.6523925851415433,0.6535796216296738
577,0.9189358635492787,0.8177983967766952,0.06640249394380356,0.0347349720477484,0.6510992958758443,0.6519518844033964
578,0.9224312372258348,0.8217599800150702,0.06592250863639663,0.034748749410537384,0.6579968386262394,0.6592915239088336
579,0.9272905256251766,0.8256939819342516,0.06683169880365054,0.03476484412123184,0.6597212243138382,0.660853120810368
580,0.917974248325059,0.8166570832270592,0.0665347343245137,0.03478243072263073,0.6502371030320448,0.6514123342767765
581,0.9213564355134587,0.820232389824266,0.06631935834734753,0.03480469226411044,0.6548354648656416,0.6560570534783257
582,0.9131626438813608,0.8121845021914572,0.06615258804262156,0.03482555404395392,0.6611582123868371,0.6623427677640399
583,0.9152900787207703,0.8144316101129035,0.06600152102866072,0.03485695663842255,0.6541169708291421,0.6556237151795025
584,0.9200476436526598,0.8188885812324976,0.06628171505492418,0.03487735297110663,0.6510992958758443,0.6525259943393416
585,0.9236441778201347,0.8229161361747646,0.0658353422276589,0.03489269947124326,0.6505245006466447,0.6517591240875913
586,0.9233631850453796,0.8210323986984529,0.06741337742073505,0.034917408753283356,0.64290846385975,0.6441815879636527
587,0.9232345250235633,0.8217012120536867,0.06660101614022053,0.034932295951196256,0.65713464578244,0.6585137792343215
588,0.9164587489608581,0.8155015650486224,0.0660116468837402,0.03494553759968183,0.6531110791780428,0.6543794130791003
589,0.9163975152223852,0.8154474218475148,0.0659807113836099,0.034969382412557135,0.6473631268860468,0.6485490838671234
590,0.9272761018321781,0.8254154974366934,0.0668665117480183,0.034994092987929805,0.6536858744072425,0.6546027111574556
591,0.9171788479202968,0.8158757018022007,0.06630062083520326,0.035002518201682875,0.6492312113809455,0.6500519886786832
592,0.914385811952634,0.8131039934539301,0.06625044667047576,0.035031369572925845,0.6528236815634431,0.6543074631312379
593,0.9128661612563991,0.812574948314141,0.06524145505858797,0.035049753348440904,0.6450639459692484,0.6456709369879338
594,0.9254187925877045,0.8243069044987623,0.06604329817171566,0.035068583471441185,0.6561287541313408,0.6571717562937585
595,0.9199758587443361,0.8178169109951852,0.06706250279730705,0.03509644697374663,0.6411840781721512,0.6424978400119172
596,0.9217428487511027,0.8194799372426633,0.06715411701851115,0.03510879154138686,0.6503808018393448,0.6515307612095933
597,0.9148694174799157,0.8129024062798719,0.06683697151497942,0.03513004361484684,0.648512717344446,0.6497591240875913
598,0.9217953410431612,0.8196042773195649,0.0670376978573708,0.03515336411198266,0.6577094410116396,0.6589935945180992
599,0.9159042239103496,0.8144529552736541,0.06627852730276358,0.035172736667014176,0.6561287541313408,0.6573366602115298
600,0.9162094768804283,0.8156440809705268,0.06537448780142485,0.03519090533873219,0.6541169708291421,0.6555015641293014
601,0.9193186861702313,0.8184330603020821,0.0656749146196465,0.03521071455249637,0.6531110791780428,0.6543671979740802
602,0.9144231562625404,0.8135204650081597,0.06567118189054448,0.03523150679697797,0.6625952004598362,0.6638751675852824
603,0.924968566612225,0.8235007666243033,0.06621671143829831,0.035251088014303704,0.654404368443742,0.6553108893192313
604,0.9166241946671265,0.814956714828084,0.0663936806756766,0.035273797683742204,0.6523925851415433,0.6530360494562789
605,0.9185338746389621,0.8168152557534208,0.06642956754859451,0.035289049013123665,0.648512717344446,0.6496552956949203
606,0.9196202496650455,0.8181446356186838,0.06616478218379969,0.03531083550006001,0.660008621928438,0.6612854163563234
607,0.9173424989606033,0.8151505160715443,0.06685923989570454,0.03533274482575397,0.6636010921109354,0.6649057053478326
608,0.9178583542323178,0.816317514623611,0.06618759706498631,0.035353246936019184,0.6420462710159506,0.6434465961567108
609,0.9167197585568412,0.8146027849398565,0.06674288125567643,0.03537408705468338,0.637160511567754,0.6387971100849098
610,0.9201982584573839,0.8186372124372774,0.06617051496178893,0.03539053251599337,0.660008621928438,0.6614136749590348
611,0.9129876885405216,0.8112735436092524,0.06630070164172296,0.03541344994250035,0.6437706567035494,0.6451792045285268
612,0.9228711388271796,0.8210213507261577,0.06641820338432226,0.03543157939080329,0.6567035493605403,0.6574683450022345
613,0.9216122869651094,0.8193859184999407,0.06677100617068649,0.03545536061732535,0.6498060066101451,0.651197527186057
614,0.9201278164907851,0.8178508929573165,0.0668016557522436,0.03547527137054402,0.6526799827561431,0.6533889468196037
615,0.9144555339526815,0.812250406093888,0.06671087947457426,0.03549424920914707,0.661445610001437,0.662842246387606
616,0.9117853945400338,0.8100691648594417,0.06619789469668638,0.03551833940243512,0.6535421755999425,0.6550156412930137
617,0.9174839654844509,0.8161116792717479,0.065832484494785,0.03553980348447322,0.6604397183503377,0.6615918367346938
618,0.9159946970631977,0.8139393822114552,0.06648918673800812,0.03556612839531258,0.6469320304641472,0.6483281692238939
619,0.912468627551315,0.8098438341807045,0.06702862857363316,0.03559616720859287,0.6546917660583417,0.6555843884999256
620,0.9133895254200227,0.8114548529902311,0.06632081993306432,0.035613849150443286,0.6463572352349476,0.6473841799493519
621,0.9186455258128801,0.8164358118139202,0.06656664651878128,0.03564306686670209,0.6559850553240408,0.6570533293609414
622,0.9132881013976035,0.8114754467675837,0.06615450996908241,0.035658143551754944,0.6531110791780428,0.6542816922389394
623,0.9148774476790671,0.813515855802135,0.0656772935068424,0.035684299296728235,0.6278200890932605,0.6284975420825265
624,0.9230912206570022,0.8215270326181738,0.06586235666248473,0.035701827159629745,0.6651817789912343,0.6664282734991807
625,0.9171506967382161,0.8144289426358888,0.06700198274608453,0.035719775780125376,0.6567035493605403,0.6577859377327574
626,0.9164063223289817,0.814407145365471,0.06625925520958786,0.035739925388744084,0.6454950423911482,0.6468629524802623
627,0.9233637875584902,0.8200829789066026,0.06752765557044435,0.035753155478069815,0.6483690185371461,0.6498788917026664
628,0.9133564327310978,0.8113803176346105,0.06620195288200936,0.03577416142113405,0.6536858744072425,0.65508520780575
629,0.9152010807464787,0.8131523099434171,0.06624984885961405,0.03579892414093514,0.6569909469751402,0.6581021897810219
630,0.9171764984746177,0.8143826220840331,0.06696719340610682,0.035826688807150946,0.6421899698232505,0.6429970207060928
631,0.9201678814842091,0.817766915897063,0.06656448709020876,0.03583647803442114,0.6561287541313408,0.6574954565767913
632,0.9122134614460152,0.8104387198239329,0.0659206570670135,0.03585408359845234,0.6502371030320448,0.6515772381945479
633,0.9185290854455822,0.8157069204370597,0.06694040604536347,0.035881750933362384,0.6460698376203478,0.6473855206316104
634,0.9197440147828159,0.8171618037961101,0.06668888395383177,0.03589332741991013,0.6578531398189394,0.6590448383733055
635,0.9120220277463247,0.8097545532320984,0.06635157788475624,0.03591589560005014,0.6406092829429516,0.6412118277968121
636,0.9099192958502339,0.8077649450589912,0.06620961307669905,0.035944741868089713,0.6424773674378502,0.6440706092656041
637,0.9108584561230105,0.8093737592332613,0.06551915687795411,0.03596553921577471,0.6439143555108493,0.6444975420825265
638,0.9186084893332557,0.8164933702438312,0.06612598382012566,0.035989130964792566,0.6592901278919385,0.6603817965142261
639,0.915085021295601,0.8123885951588287,0.06668596350396394,0.036010461449751584,0.6624515016525363,0.6635185461045732
640,0.915653494141331,0.8131613127714876,0.06646416451070548,0.03602801748385613,0.6551228624802414,0.6562877997914492
641,0.9158672878395845,0.8136226427693839,0.06619980115668837,0.036044848682140716,0.6495186089955454,0.6505942201698198
642,0.9130166097779541,0.8105872904951159,0.06636126711054563,0.03606805327986914,0.6541169708291421,0.6554771339192611
643,0.9199057375584754,0.8175508811875036,0.0662677079858854,0.03608714702216214,0.6475068256933467,0.6489789959779532
644,0.9217458834403512,0.8192027328617015,0.06644411026609237,0.03609903689186401,0.6564161517459405,0.6574330403694324
645,0.9131727413056071,0.8103119724097309,0.066738242052473,0.036122527241681156,0.6462135364276477,0.6471680321763742
646,0.9199767671691428,0.8172653465884944,0.06657740027076435,0.036134015109252446,0.6453513435838483,0.6460849098763592
647,0.9170492596968202,0.8138878269345617,0.06700681246959507,0.03615461537735715,0.6615893088087369,0.66263086548488
648,0.922254669424754,0.8198020466186994,0.06628562698124948,0.03616700286211887,0.6475068256933467,0.6488201996126918
649,0.9118452054499415,0.8089355483002354,0.06673020849579589,0.03617944536918812,0.6581405374335393,0.6591595411887382
650,0.915594132643079,0.8124958545179404,0.06688832912076426,0.036209952341022464,0.6466446328495473,0.6477187546551467
651,0.9152086019550252,0.8124296126017575,0.06655002299512593,0.03622896713649666,0.6424773674378502,0.6440583941605839
652,0.913864196134823,0.8110888893190755,0.06652665306977422,0.03624865106669783,0.6466446328495473,0.647407269477134
653,0.9158841994220215,0.8131268527559515,0.06648769920320068,0.03626964849764236,0.6601523207357379,0.6609824221659467
654,0.922757823442587,0.8198347051076154,0.06663722555936111,0.03628589233771911,0.6558413565167409,0.6572769253686876
655,0.9146191526511086,0.8107328914091974,0.06758204834619495,0.036304207270576073,0.6548354648656416,0.6560692685833457
656,0.9153074284089093,0.8116561404965633,0.0673262514457704,0.03632504679664128,0.6552665612875413,0.6564489795918368
657,0.9128671541503833,0.8102203093309618,0.06630936318095482,0.03633748319357064,0.6368731139531542,0.6383587069864441
658,0.9123632351477473,0.8092043195275812,0.06679274672397441,0.03636617015205181,0.6637447909182354,0.6649080887829584
659,0.9121427602476045,0.8103734027433197,0.06538379759791255,0.03638556296572481,0.6581405374335393,0.6593733055265901
660,0.9202556380904908,0.8174020852109347,0.06644139716591467,0.03641215351347712,0.6107199310245724,0.6116502308952778
661,0.9200454507259173,0.8170814559383971,0.06654378867390033,0.03642020580206371,0.6607271159649375,0.6616943244451067
662,0.9127996544982531,0.8096128142604644,0.066740195501774,0.03644664410326669,0.6433395602816496,0.6440421570087889
663,0.9144259973715941,0.8117953340269605,0.06617159479063361,0.036459070310919495,0.6453513435838483,0.6464025026068823
664,0.9118730749339101,0.8088095303598638,0.06658165403302502,0.03648188485164275,0.654404368443742,0.6554513630269626
665,0.9156058459364832,0.8124209692687512,0.06667884375633976,0.036506029838121457,0.6569909469751402,0.6578517801281097
666,0.9150585304870227,0.8124869810316923,0.06604583521378522,0.0365257104268566,0.6516740911050438,0.6528775510204081
667,0.923485824064476,0.8193165971589065,0.06762229239658851,0.036546935211855855,0.6535421755999425,0.6549179204528527
668,0.9148993727581514,0.8109841662450912,0.06735705899162733,0.03655815109576297,0.6568472481678402,0.6582708178161776
669,0.9186213364596338,0.81477920351948,0.06725918310934621,0.036582952106452085,0.6611582123868371,0.6624954565767913
670,0.9202962216760153,0.8162564430399211,0.06744681272073833,0.036592967278280035,0.6321310533122575,0.6334001191717562
671,0.9165119092634721,0.8124147136075381,0.06748867183623943,0.03660852033315693,0.6505245006466447,0.6518629524802622
672,0.9142137106027834,0.8102337379088295,0.06735187236400048,0.036628095938725486,0.6581405374335393,0.659006852375987
673,0.9127540785376582,0.8091312404986959,0.06697319368766906,0.03664964051893909,0.6610145135795373,0.6620655444659616
674,0.908552794453741,0.8060385441793795,0.06584478753178194,0.036669464693284956,0.6174737749676678,0.6191218531208104
675,0.918232394251472,0.8145164055871559,0.06702087426865679,0.03669511465100674,0.6598649231211381,0.6610204081632653
676,0.9146600855820343,0.8108793909067669,0.06706580646868186,0.03671488575910354,0.6506681994539445,0.6521523908833606
677,0.9202049906731063,0.8161943367730442,0.06727844980971055,0.03673220967159547,0.635723523494755,0.6366722776701922
678,0.910444243404094,0.8071622368521622,0.06653757710804763,0.03674442917890103,0.662738899267136,0.663981379413079
679,0.9125612753443821,0.8093694552794186,0.06642199775442548,0.03676982011840353,0.6592901278919385,0.6606444212721584
680,0.9126838327293544,0.8090482833981942,0.06683961530516487,0.03679593669295842,0.6515303922977439,0.6526430805899002
681,0.9164934986914552,0.8130460708438365,0.06663472899817276,0.0368126941884167,0.6250898117545625,0.6268032176374199
682,0.9202429910966216,0.815657597400793,0.06775351205525136,0.036831884553252085,0.6512429946831442,0.6525467004319977
683,0.9114541710493704,0.8074722838549114,0.06713274257255707,0.03684914836218121,0.6446328495473488,0.6460913153582599
684,0.9089061060005229,0.8053036785053785,0.06672648540352041,0.03687593869983782,0.6304066676246587,0.6313254878593774
685,0.9166364919215994,0.8133110073486747,0.06643191105971855,0.03689357446982251,0.6608708147722374,0.6620265157157755
686,0.9123398191388576,0.8086362352640503,0.06679076492627953,0.036912818488688076,0.6602960195430377,0.6613329360941458
687,0.9094023728254181,0.8064648596389761,0.06600693973239802,0.03693057383144445,0.6532547779853427,0.6544245493817965
688,0.918132606371841,0.8141726376356313,0.06700220285779804,0.03695776568087872,0.6562724529386406,0.6577054967972591
689,0.9188286758288002,0.8141766859378806,0.06768109598992662,0.036970887844920385,0.661445610001437,0.662823923730076
690,0.9062233762522507,0.8028132814856709,0.06642829041051734,0.03698180202260359,0.6605834171576376,0.6620034261879935
691,0.912201235187792,0.808823316488514,0.06636035584747355,0.037017560394686656,0.654260669636442,0.6557787874273797
692,0.9109926513427118,0.8077374111048911,0.06622487149746155,0.037030366463108914,0.6269578962494611,0.6283122300014897
693,0.9145428581661937,0.8109634624145585,0.06652796337412321,0.03705143396152318,0.6561287541313408,0.6572572620288992
694,0.9178883801813286,0.8137343566142583,0.06707596497505557,0.03707805804866521,0.6587153326627389,0.659950841650529
695,0.9164457784282835,0.8125856686707355,0.06676803405389548,0.03709206908495883,0.6567035493605403,0.6579386265455087
696,0.9143807217896301,0.8103060605180282,0.0669578761772394,0.03711678916279278,0.6564161517459405,0.657707880232385
697,0.9128481864603725,0.8085573298404538,0.06716151777689681,0.03712933993293287,0.6615893088087369,0.6626430805899003
698,0.9124722507668391,0.8080569634082623,0.0672640115266765,0.037151276956071864,0.6538295732145423,0.6545195888574408
699,0.9169199197846319,0.8125415971128741,0.06720274843233792,0.037175574696583044,0.6624515016525363,0.6637323104424251
700,0.9157458086057647,0.8111259197602928,0.06743059833770272,0.037189295741590654,0.6558413565167409,0.6572708178161776
701,0.9168755103757557,0.8121446521738888,0.06753237078905551,0.037198485551504484,0.6538295732145423,0.6551608818709965
702,0.9152191873682112,0.8105733034374009,0.06742426152950663,0.03722162422139098,0.6431958614743498,0.6446077759570983
703,0.9096321605251925,0.8051048731612035,0.0672847713827059,0.037242517854902214,0.6503808018393448,0.6510055116937287
704,0.9148351141117927,0.8105224336867258,0.06705650863766173,0.03725617682904686,0.6477942233079466,0.6489349024281246
705,0.9083849645702468,0.8042784358496158,0.06683107127290568,0.037275456953625136,0.6469320304641472,0.6479495009682706
706,0.9202451600667337,0.8155826669620498,0.06736442155494723,0.037298068140285044,0.6630262968817359,0.6640105764933709
707,0.9110517108692213,0.8060001619572371,0.06773541372883404,0.03731613655731602,0.6582842362408392,0.6590886339937434
708,0.9126652097338865,0.8076853189579388,0.06764792237028786,0.03733196630399449,0.6437706567035494,0.6443363622821392
709,0.9107347632776922,0.8069941635138003,0.06638837833975149,0.03735222331007196,0.6624515016525363,0.663604051839714
710,0.9072196417831967,0.8033107191191474,0.06653157642392493,0.03737734728346253,0.65713464578244,0.6582022940563086
711,0.9123617847652027,0.8081932664174495,0.06677406858200485,0.03739445198250752,0.6437706567035494,0.6449593326381649
712,0.9124227862262849,0.8085442346683057,0.06645933197462485,0.037419218522350514,0.6595775255065383,0.6606186503798599
713,0.9121740336030323,0.8076187276792245,0.06711519429255944,0.0374401120841289,0.660008621928438,0.6612670936987933
714,0.9086742862525865,0.8052599656631556,0.06595860883852654,0.03745571051966889,0.6450639459692484,0.6460740354535975
715,0.9113333332571152,0.8079195336237569,0.06593520706164835,0.037478590043394676,0.6489438137663457,0.6502976314613438
716,0.9095623073675181,0.8056037033198636,0.06646027024886203,0.037498336121009536,0.6640321885328352,0.6653648145389542
717,0.9132628258419955,0.8083210735849341,0.06741875477851439,0.03752299695018636,0.6549791636729415,0.6564625353791153
718,0.915409290357163,0.8101783962252497,0.06769287965968004,0.03753801231435925,0.654260669636442,0.6555955608520779
719,0.9082111718583028,0.8043098563623079,0.06634846133440797,0.037552851368288384,0.6439143555108493,0.6446563384477878
720,0.9130142027575628,0.8084984478174159,0.06693642867833723,0.03757932969749205,0.6538295732145423,0.6547761060628632
721,0.909104691563812,0.8050091610864106,0.06649675639513529,0.03759877627440046,0.6394596924845524,0.6408568449277521
722,0.9050343487604988,0.8010387955888418,0.06637701290784202,0.03761854686323708,0.6631699956890358,0.6643244451065097
723,0.9157183051434789,0.8111348868118722,0.06693699238076431,0.037646422524795844,0.6591464290846386,0.6605931774169521
724,0.913452404517349,0.8089318462256848,0.06686009103594232,0.03766046761652744,0.6525362839488432,0.6535881126173096
725,0.9138662965925693,0.8084226483448361,0.06776219249876568,0.03768145630088221,0.6607271159649375,0.6617004319976166
726,0.9132270613592373,0.808011047284071,0.06751388678936664,0.037702122896177394,0.6558413565167409,0.6572463876061373
727,0.9103922312553286,0.805874767420295,0.06679685242856298,0.03772061184436224,0.6605834171576376,0.6615514673022495
728,0.9125017829283265,0.8078149849012813,0.066947454116882,0.037739344922988166,0.660008621928438,0.6612426634887532
729,0.9042986732119201,0.8002486654971759,0.06629226020885141,0.03775775171029429,0.6558413565167409,0.6571730969760167
730,0.9103095810001207,0.8059456680745705,0.06657308399707254,0.03779082647403658,0.6644632849547348,0.665616266944734
731,0.9179228631770718,0.8139910166899798,0.06613045772943094,0.037801384453154924,0.6521051875269436,0.6532877997914494
732,0.9118245996899913,0.8074270942153251,0.0665771395882359,0.037820369176505574,0.6510992958758443,0.6519457768508864
733,0.9084683231006222,0.8040135783322807,0.0666169842333351,0.03783775797510716,0.6598649231211381,0.6610692685833458
734,0.9118820670213246,0.8078264677245344,0.0661995227079673,0.03785607981573047,0.6522488863342434,0.6535711306420379
735,0.9106316371353934,0.8064340222051456,0.06631941973781907,0.03787819774965134,0.6495186089955454,0.6506491881424104
736,0.9056578577121521,0.8016285711551709,0.06613174345939045,0.037897540168320934,0.6526799827561431,0.6535110978698049
737,0.9112941137348926,0.8070780946992906,0.06629389817922138,0.037922124223541916,0.6618767064233367,0.6629654401906748
738,0.9110300640279422,0.8058328636505597,0.06724969079129944,0.037947507391271965,0.6492312113809455,0.6506444212721585
739,0.9138070406079858,0.8086546007749901,0.06719255782712001,0.03795988540301499,0.6601523207357379,0.6612511544763892
740,0.911186083875043,0.8063001405971799,0.06690685846632043,0.037979085850598296,0.6646069837620348,0.6655087144346791
741,0.9125887558264608,0.8072457808686975,0.06734267628442146,0.038000294259095055,0.6558413565167409,0.6566967078802323
742,0.9166300747736824,0.8110893781730919,0.06752630984398598,0.038014386123856485,0.6518177899123437,0.652989870400715
743,0.9139162351951841,0.8083588727967358,0.06752263293053538,0.038034722678987505,0.6281074867078603,0.6285328467153285
744,0.9133642662666125,0.8074105988118923,0.06789890900179305,0.038054757800907696,0.664319586147435,0.6655894532995681
745,0.9093907066315888,0.804657193526298,0.06666923727385698,0.03806427925748033,0.6590027302773387,0.659784597050499
746,0.9085773118680742,0.8030832858413848,0.06740865618191774,0.038085369815864446,0.6489438137663457,0.6502182332787129
747,0.9078359258621995,0.802998374335501,0.06673353622979449,0.0381040176838949,0.6598649231211381,0.6611120214509161
748,0.907136544531696,0.8022944042439056,0.06671084712412974,0.03813129180180717,0.6636010921109354,0.6649301355578727
749,0.9161839872654322,0.8110516308487652,0.06698058132857902,0.03815177642906392,0.6531110791780428,0.6539702070609267
750,0.9120219096933259,0.8064965938918806,0.06735627290987219,0.038169045509286854,0.6533984767926426,0.6546345896022643
751,0.9097434510648859,0.8046416898519936,0.0669159549357374,0.03818580478896593,0.6345739330363558,0.6362256815134814
752,0.9128605493493319,0.8065005753262664,0.06814949547534428,0.038210474837419885,0.6339991378071562,0.6356115000744824
753,0.9090789646094413,0.803116965711862,0.0677295848641575,0.03823241824478249,0.6538295732145423,0.6551914196335468
754,0.9089020094509731,0.8039719930649626,0.06668453240256694,0.03824548304877519,0.6281074867078603,0.6291680321763742
755,0.9091458148116233,0.8039522255729509,0.06692529765224985,0.0382682894986754,0.658571633855439,0.6598079845076716
756,0.9040227497955012,0.7985051083640131,0.0672255366556705,0.0382921080123609,0.660008621928438,0.661328169223894
757,0.9052625719818135,0.7999146826257992,0.06702979164149059,0.038318090635990336,0.6555539589021411,0.6563377029643974
758,0.9053483690693386,0.8001565396451696,0.06684694064663031,0.038344891757663764,0.6625952004598362,0.6638263071652019
759,0.9157212763309547,0.8098544238079278,0.0675099161042018,0.03835693329469896,0.6380227044115534,0.6396115000744823
760,0.907204256084805,0.8021933108092828,0.06663848239811249,0.03837246137423186,0.6460698376203478,0.6476053925219725
761,0.9112472189519405,0.805974987307265,0.06687743480130334,0.038394795113753995,0.6508118982612444,0.6518493966929837
762,0.910840084959094,0.8058133996120557,0.0666167987493164,0.0384098817552193,0.6393159936772524,0.6404147177119023
763,0.9041165655192707,0.7992619483665173,0.06642048160891746,0.03843413468464762,0.6569909469751402,0.6579006405481901
764,0.9055473520454619,0.8006850642400117,0.06639971204218739,0.038462578653989464,0.6459261388130478,0.646674661105318
765,0.9122008587937533,0.8069345084804453,0.06678893321190676,0.038477413507799665,0.6631699956890358,0.6641717562937582
766,0.9116122687508755,0.8059146151424122,0.06719625295107864,0.0385013958068522,0.6437706567035494,0.6446967078802324
767,0.9154921806154965,0.8093491366821247,0.06763142340376659,0.03851161995306579,0.6536858744072425,0.6549203038879785
768,0.9151852506298943,0.8085392589866472,0.06811838934738962,0.03852759704544106,0.6434832590889495,0.6447652316401014
769,0.9085308640557196,0.8021885731265127,0.06780131817407899,0.03854096920970511,0.6581405374335393,0.6590862505586175
770,0.9100014172865923,0.8043150505315197,0.06713058434845405,0.03855578240394198,0.6568472481678402,0.6578188589304335
771,0.9109313223772751,0.8046915522079424,0.06765691501336428,0.03858285337014177,0.6190544618479666,0.6209009384775808
772,0.9054523484685295,0.7999558599023645,0.06690520090217614,0.03859128538834447,0.6286822819370599,0.6289699091315359
773,0.9104799845383451,0.8055831322828951,0.06628903094906628,0.038607821678430944,0.6577094410116396,0.6588653359153882
774,0.9077673696258798,0.8019847777027186,0.06714947697164375,0.03863311195105019,0.6598649231211381,0.6609104722180844
775,0.9124100203229052,0.8060481817767887,0.06770827929458667,0.03865356078629162,0.6498060066101451,0.6510448383733055
776,0.9164769971040083,0.8104823024849522,0.06732557131022211,0.03866911635931272,0.6350050294582555,0.6358419484582155
777,0.9127969052757677,0.8059789011029269,0.06814530499216331,0.038672695827434454,0.6465009340422474,0.6474171011470282
778,0.9089145484815505,0.8026403381677516,0.06758684272575283,0.03868736733537516,0.6598649231211381,0.6610692685833458
779,0.9077512901530627,0.8019585622455012,0.06708530895813458,0.038707422110490164,0.6582842362408392,0.6594184418292864
780,0.9050302774266515,0.798264950937813,0.06803219972272288,0.038733129978034325,0.6569909469751402,0.6579678236258006
781,0.908269377596883,0.802650961661445,0.0668678269227066,0.03875058452407507,0.6565598505532404,0.6576430805899002
782,0.9063285362071254,0.8009128140245194,0.06664369320720413,0.03877203012848058,0.660008621928438,0.6610533293609414
783,0.9065763567658501,0.8006057936084187,0.06717505506429201,0.03879551035807742,0.627101595056761,0.6277527186056905
784,0.9130893726598294,0.8070571162625623,0.06721647756120942,0.038815776152499606,0.6289696795516597,0.6307214360196634
785,0.9111633177272273,0.805005864869899,0.06732473801005108,0.03883271754314749,0.6569909469751402,0.6580472218084312
786,0.9155620342613825,0.8086103039460032,0.06810229645303516,0.0388494337360087,0.6549791636729415,0.6560838671234918
787,0.904983967923796,0.7983882320237273,0.06773814090792175,0.038857595082616,0.6525362839488432,0.6540217488455236
788,0.9140563566188974,0.8074172890756747,0.06775978357584796,0.038879283366210673,0.6500934042247449,0.6516908982571131
789,0.9114887735199219,0.8044523941252592,0.06814261007251574,0.03889376139941444,0.6597212243138382,0.6609874869655892
790,0.9054016204705302,0.7988933283786935,0.06759130569526323,0.03891699570846088,0.6590027302773387,0.660114404886042
791,0.9057500394601078,0.7994588037163451,0.06735561878872356,0.03893562104274083,0.6508118982612444,0.6521975271860568
792,0.9057590904326973,0.7998282887124007,0.06697013222600798,0.038960669604029045,0.6638884897255353,0.6649654401906747
793,0.9081784552722025,0.8018939836149603,0.06729667746617304,0.03898779640515177,0.649949705417445,0.651218233278713
794,0.9060342274001316,0.7996279706145039,0.06740319687524632,0.03900306044837784,0.662738899267136,0.6638347981528377
795,0.9140699862971322,0.807188028892852,0.0678596861852125,0.039022268790857156,0.655697657709441,0.6566210338149858
796,0.9075256921142181,0.8005255158647482,0.06796091424633433,0.039039266115462136,0.6604397183503377,0.6615551914196335
797,0.9128122207573355,0.806395045007195,0.06736555478943372,0.03905162389532967,0.648512717344446,0.6497591240875912
798,0.9129009959358202,0.8054848141601021,0.06834528400995109,0.039070902873252995,0.6588590314700388,0.6601975271860568
799,0.9110462427961533,0.8033902944204947,0.06856941836462536,0.03908652800840197,0.6311251616611582,0.6318565469983614
800,0.9070470316311737,0.8000432152243794,0.06790602295083345,0.03909779285051422,0.6434832590889495,0.6443438105169076
801,0.9083157962450163,0.8009965173265238,0.06820075207913567,0.03911852568788404,0.6419025722086507,0.6424608967674662
802,0.9065235900474633,0.7998459672410524,0.06754702085636868,0.03913060559717587,0.6526799827561431,0.6541096380157903
803,0.9037285712039715,0.797183586042286,0.06738580371592987,0.039159177267584826,0.6539732720218422,0.6546563384477879
804,0.912351966795008,0.8055863568864688,0.06758414834249567,0.039181459551099765,0.6492312113809455,0.650583345747058
805,0.9092009532963824,0.8022412792552663,0.06776979540460393,0.039189886632048206,0.648512717344446,0.6493071652018472
806,0.9139115111737746,0.8068054503091948,0.0678998093828848,0.03920625012572991,0.6564161517459405,0.6577506330999554
807,0.9075865417414826,0.8004710792227541,0.06789581394239239,0.03921964980757156,0.6519614887196437,0.6531999106211828
808,0.908949428007921,0.8016474591810344,0.06806612753511794,0.039235839398877856,0.6617330076160368,0.6630302398331596
809,0.9124661437960462,0.8050415706987404,0.06817138186151533,0.039253192199366,0.6498060066101451,0.6507272456427826
810,0.9000206490429092,0.792816221431371,0.06792863346406108,0.03927579090665137,0.6618767064233367,0.6631242365559363
811,0.9040270961894953,0.7974559994740191,0.06727643373870254,0.03929466822558409,0.6531110791780428,0.6539518844033964
812,0.9086696955986039,0.8022690534694457,0.06708194279031758,0.0393187048173033,0.6567035493605403,0.6580546700431997
813,0.906592548467387,0.7994652659424696,0.0677909818323355,0.03933630513841264,0.6591464290846386,0.6604282734991808
814,0.9125244375925877,0.8053493432005789,0.0678183003598408,0.039356794314816826,0.6569909469751402,0.6580655444659615
815,0.9050674372011259,0.7978154006044076,0.06787762019629622,0.039374417071713165,0.6522488863342434,0.6537421421123194
816,0.9073872787545751,0.8005184699430739,0.06747763961947569,0.039391172423215756,0.6397470900991522,0.6413990764188887
817,0.9067947836267587,0.79982959369353,0.06755449352961262,0.03941069998597599,0.6437706567035494,0.6445318039624609
818,0.9091048568448624,0.8025079969702686,0.06716786985134218,0.03942898980109389,0.6407529817502515,0.6423746462088485
819,0.9078384144396288,0.8011797574217728,0.06721589573071356,0.039442761016805925,0.6604397183503377,0.6617323104424252
820,0.9107049444246299,0.8031891883404575,0.06805722189649355,0.03945853227979922,0.6624515016525363,0.6635246536570832
821,0.9047126350757085,0.7969436776811046,0.06828811411941371,0.039480843474329126,0.6618767064233367,0.6629837628482049
822,0.9149343751254208,0.8074932719188306,0.0679448025097945,0.039496294287947306,0.6575657422043397,0.6584537464620884
823,0.909616574043343,0.8018036294230135,0.06829996323200936,0.03951298032731636,0.6613019111941371,0.6622962907790855
824,0.9087708242701155,0.8010347712946136,0.06820691411506172,0.03952913803015911,0.6569909469751402,0.6579922538358408
825,0.905420395385467,0.7973246314621876,0.06854812664698896,0.03954763960011356,0.6567035493605403,0.657755399970207
826,0.903391833405742,0.7961145739545766,0.06771011556238943,0.03956714364038766,0.6613019111941371,0.6622840756740652
827,0.9044341908256321,0.7971266454313486,0.0677142988605084,0.03959324565799196,0.6549791636729415,0.6560350067034114
828,0.9078117735530816,0.8005115537914775,0.06768706158276758,0.03961315241504853,0.6503808018393448,0.6514635781319827
829,0.912820752435485,0.8047422882828463,0.06845195529566772,0.03962651334134459,0.5426066963644202,0.5442962907790854
830,0.9098571721276498,0.8011911149887642,0.06902392932649727,0.039642129213855536,0.6522488863342434,0.6534489795918368
831,0.9044478142256366,0.7968398404799756,0.06795089736630099,0.03965708202912489,0.6510992958758443,0.6520373901385372
832,0.9073739081282848,0.7999345338418234,0.06776248485081188,0.03967688804114151,0.6539732720218422,0.6549372858632505
833,0.909657578030474,0.8022371291394788,0.06772788522816163,0.03969256295728211,0.6611582123868371,0.6625382094443617
834,0.9057303706553668,0.7981020238982276,0.06791626900340278,0.039712079228007055,0.6492312113809455,0.650357366304186
835,0.9078400498543822,0.8000032603012657,0.06810885226697411,0.039727934016409165,0.6549791636729415,0.6560166840458812
836,0.9108258970237049,0.8027233756690005,0.06835344082828843,0.03974908423511131,0.6378790056042535,0.6392182332787131
837,0.9054120744177452,0.7978403843036755,0.06781555284502555,0.03975613257054249,0.6420462710159506,0.6432450469238791
838,0.9119870660719233,0.8045645047234536,0.06764798359159835,0.03977457579545958,0.662738899267136,0.6639691643080591
839,0.9049108214017937,0.796892057249371,0.06821968153982022,0.03979908414575831,0.6440580543181491,0.6451656487412484
840,0.9027100078743376,0.795614392203424,0.06728343753285201,0.03981217392830692,0.6500934042247449,0.6512206167138389
841,0.9072426326282752,0.8001339808502559,0.06727595197446114,0.03983270083565465,0.6535421755999425,0.6549057053478325
842,0.9063210825859122,0.7989664568454306,0.0675003544793747,0.039854271296973304,0.6604397183503377,0.6616651273648146
843,0.9047900275314551,0.7971840207904625,0.06773274314803525,0.03987327218002193,0.6592901278919385,0.6604062267242663
844,0.9076443733129543,0.8005562020386237,0.0672013268928227,0.03988683986983297,0.6531110791780428,0.6547275435721733
845,0.9106241400290844,0.8029638444114852,0.06775643257899332,0.03990386115535098,0.6608708147722374,0.6623013555787277
846,0.9081959896585109,0.8002636545022032,0.06801587393428937,0.03991645597588452,0.6654691766058342,0.6666406971547743
847,0.9067092522377084,0.7986623364749491,0.0681143572053736,0.039932558355570046,0.6450639459692484,0.6464404886042008
848,0.9107517074760922,0.8028616310450722,0.06794214631732055,0.039947930136718254,0.6605834171576376,0.661404886042008
849,0.8992315018326066,0.7914491292302817,0.06781910857385663,0.03996326199425314,0.6302629688173588,0.6305840905705348
850,0.9112633177819206,0.8031816756113762,0.06809150538391073,0.03999013476473091,0.6567035493605403,0.6579264114404886
851,0.910634518646101,0.8019696196308593,0.06866425115634936,0.04000064929729649,0.6578531398189394,0.659099806345896
852,0.901427012782173,0.7932156047390734,0.06819313418969698,0.040018270572963026,0.6646069837620348,0.6658385222702219
853,0.9058447129460206,0.7974865468244886,0.06831846263177746,0.04003970021199162,0.6227906308377641,0.6231555191419634
854,0.9052727668342585,0.7971184305083325,0.06810287964324326,0.040051455186463955,0.6653254777985342,0.6666566363771785
855,0.9056549566472839,0.7981847721811923,0.0673992246986806,0.04007095622466477,0.6620204052306365,0.6628701027856397
856,0.9049791367270854,0.797160393994059,0.0677236212487878,0.04009512479090883,0.6597212243138382,0.6611768210934008
857,0.9103202238252818,0.8015469914881178,0.06866186382287809,0.04011136832638862,0.6625952004598362,0.663966780872933
858,0.9054899031719543,0.7968374894668803,0.06852410003844821,0.04012831295839773,0.6598649231211381,0.6608982571130643
859,0.9045721459344195,0.7956945359115886,0.06872573132071452,0.0401518769708922,0.6407529817502515,0.6417394607478027
860,0.914862991081673,0.8069101498804998,0.06778782027015948,0.04016502150755313,0.6681994539445323,0.6694527037092209
861,0.9071985970439026,0.798166882787941,0.06885255455225599,0.040179159287762105,0.6541169708291421,0.6553794130791003
862,0.9093918085595043,0.8004474816762231,0.06875202863903151,0.040192297191275726,0.6522488863342434,0.6531130642037837
863,0.8996604691293154,0.7915597451899754,0.06789173744913318,0.040208995911834876,0.654260669636442,0.6555589155370178
864,0.903010903392857,0.7954866103458583,0.06729154018111091,0.04023275470096398,0.6469320304641472,0.6485419335617458
865,0.9053993923068989,0.7972257536946914,0.06792627261714151,0.040247366552333894,0.6569909469751402,0.6577968121555191
866,0.9067884118996538,0.798145903126401,0.0683686633815555,0.04027384942051391,0.6561287541313408,0.6575992849694623
867,0.9089450491007451,0.8005633670239806,0.06809083432417386,0.040290845211963064,0.6574220433970398,0.6583719648443319
868,0.9051549676540751,0.7963713424389759,0.06847125313130067,0.04031237036809871,0.6613019111941371,0.6623879040667362
869,0.9034181078252205,0.7950346973850597,0.06804943885341048,0.040333971324443545,0.6473631268860468,0.648042157008789
870,0.9025364143441748,0.7940112480162752,0.06817374662697563,0.04035142093215939,0.6638884897255353,0.6651792045285267
871,0.904928077336169,0.7966170248191818,0.06794009650724855,0.040370960034272645,0.6457824400057479,0.6470570534783254
872,0.9087534042623712,0.7999325524905851,0.06843440029312438,0.04038644969015821,0.65713464578244,0.658458811261731
873,0.9050946263835972,0.7968876336237226,0.06780628601972666,0.040400713490530205,0.6567035493605403,0.6577920452852675
874,0.9051264657047841,0.7963525274478596,0.06834796010882609,0.04042598287818384,0.6523925851415433,0.6539460747802771
875,0.8994367885373759,0.7911534273756323,0.0678408778020835,0.04044248306041631,0.6621641040379365,0.663141218531208
876,0.9093164874658037,0.8009865060330876,0.06786299154712716,0.040466988510352506,0.6562724529386406,0.6573146134366156
877,0.904274805153319,0.7956283892394996,0.06816078301715618,0.0404856347386985,0.6634573933036356,0.6648911068076867
878,0.9017861331223517,0.7932561793397908,0.06802042798096464,0.04050952344083601,0.6525362839488432,0.6533254878593773
879,0.9042620159099972,0.7958681251934537,0.06786726697699094,0.0405266256543913,0.6575657422043397,0.658838522270222
880,0.9033350024711196,0.7951431202638387,0.06765080711968004,0.040541072968269906,0.6436269578962495,0.644969164308059
881,0.9028512526987134,0.7952252551988206,0.0670705106297278,0.04055549510713024,0.6488001149590459,0.650203634738567
882,0.907447014676889,0.7989118635988489,0.06795543759530227,0.04057971687024139,0.6549791636729415,0.6560411142559213
883,0.9085705772112936,0.8004734813781592,0.06750270821403577,0.04059438387989004,0.6476505245006466,0.6487004319976164
884,0.9080392947260685,0.7985635504741095,0.06885598747337801,0.040619751922159913,0.6522488863342434,0.6527282883956502
885,0.9071334985450589,0.7976992330960218,0.06880222993911829,0.04063203709928327,0.6434832590889495,0.6445575748547594
886,0.9047358384641496,0.7961252906538663,0.06796522806076709,0.04064532124841157,0.6617330076160368,0.6627248622076568
887,0.9041283624339059,0.7948877858368723,0.06856331180602865,0.040677263241254286,0.6397470900991522,0.6411181290034262
888,0.903687778569652,0.7947004491492479,0.06829470936072457,0.040692617733179795,0.6605834171576376,0.661514821987189
889,0.903729477401848,0.7944263050329721,0.06858350219209572,0.040719669502812535,0.6604397183503377,0.6613169968717413
890,0.9010169980580445,0.7927115113078426,0.06757056936332594,0.0407349219124693,0.6538295732145423,0.6548249664829434
891,0.9063444539705455,0.7976698871915548,0.06792319169874797,0.04075137449674419,0.6602960195430377,0.6616566363771785
892,0.9018130656339808,0.7939407512158014,0.06710836532100005,0.04076394618450439,0.6489438137663457,0.6496380157902577
893,0.906410657729135,0.7978566401750642,0.06776953834940226,0.04078447844290857,0.6475068256933467,0.6489118129003426
894,0.8997539380001326,0.7911207732292304,0.06782538445409747,0.04080777507602423,0.6420462710159506,0.6429824221659467
895,0.9049619115671732,0.795455217635534,0.0686757970252827,0.04083089689672088,0.6551228624802414,0.6561045732161477
896,0.9071277777239721,0.798035754839191,0.06824521524268229,0.040846806904963506,0.6636010921109354,0.6646491881424103
897,0.9060407016431142,0.7966125416831049,0.0685621541631018,0.040866008054886355,0.6620204052306365,0.6630899746760017
898,0.9051026903464373,0.7954263079867039,0.0687957175203414,0.040880670854244995,0.6427647650524501,0.6443685386563385
899,0.904652806221882,0.7951251003981699,0.06863075439307106,0.04089695557615746,0.6522488863342434,0.6536871741397289
900,0.9033392720959759,0.7939542464388395,0.06847131997132751,0.04091370800427877,0.6650380801839345,0.6662060181736928
901,0.8976386060727055,0.7886858356034966,0.06801708450963535,0.04093569022286022,0.6594338266992384,0.6607994935200358
902,0.9080943063100636,0.7987171662729146,0.06841986439452978,0.0409572788133183,0.6598649231211381,0.6606906003277224
903,0.9009787555843407,0.7923153840462561,0.06768832247496027,0.040975051389624116,0.6631699956890358,0.6644649188142411
904,0.9021491097862615,0.7937997496407305,0.06735161480452757,0.04099773908739786,0.6615893088087369,0.6628018769551617
905,0.9036037275496186,0.7945254662544293,0.06806158407278523,0.04101668436838765,0.6549791636729415,0.6564136749590347
906,0.9068327149212198,0.7982531602671475,0.06754897718569006,0.04103058248539906,0.6492312113809455,0.6503390436466557
907,0.9002424737711305,0.7911961927875086,0.06799225790209598,0.04105402469444436,0.6462135364276477,0.6472474303590049
908,0.904219520796063,0.7950564096638278,0.06808919057342099,0.04107392458067164,0.6605834171576376,0.6619423506628929
909,0.8994169672564334,0.7897877120426938,0.06853273280638356,0.04109652307168782,0.6572783445897399,0.6579848056010726
910,0.9068667191098281,0.7984208149683168,0.06733256480696044,0.04111333521954766,0.6617330076160368,0.6627676150752271
911,0.9011308893182357,0.7916336098798545,0.0683611443539018,0.0411361331450158,0.6644632849547348,0.6654330403694325
912,0.9008080695685786,0.7922739569252465,0.06738821877789473,0.04114589847347006,0.65713464578244,0.6584893490242811
913,0.9019473510871829,0.7930357507169717,0.06774195008711116,0.04116964842875227,0.6588590314700388,0.6598860420080441
914,0.8997194951148293,0.790665568385869,0.06786117661717055,0.04119275034786572,0.6630262968817359,0.6642670936987934
915,0.9010715527187769,0.7916615793529915,0.06819402948953344,0.04121594296888487,0.6488001149590459,0.6494951586474006
916,0.8972164555722432,0.7883153954256641,0.06766176896865965,0.04123929572117827,0.6562724529386406,0.656923730075972
917,0.9019662655878211,0.7928734485797112,0.06783535646148618,0.0412574655925479,0.6581405374335393,0.6592022940563086
918,0.9084057145667566,0.7991547292891479,0.06797694423205038,0.041274041583554674,0.6594338266992384,0.6605063309995531
919,0.9050074450619211,0.7954743811669304,0.06824728164980853,0.0412857781424915,0.6637447909182354,0.6648409057053478
920,0.90445180467909,0.7946304140599367,0.0685142892436797,0.04130709919029824,0.6245150165253628,0.626189036198421
921,0.9011852903122154,0.7917041050272609,0.06816100999809302,0.041320171410611076,0.6598649231211381,0.6608127513779234
922,0.8980528809829319,0.7890834029694881,0.067630475513045,0.04133900427926647,0.6345739330363558,0.6362440041710115
923,0.8977482388683872,0.7886029035645254,0.06778915503648081,0.041356181398511604,0.6604397183503377,0.6618788917026664
924,0.9024605709753737,0.7929941324910859,0.06808452094799487,0.041381916647126815,0.6597212243138382,0.6605049903172947
925,0.9056053458659329,0.7958087675751995,0.06840094493790114,0.04139563011200645,0.6602960195430377,0.6611924623864145
926,0.8993826251825496,0.7900284529674463,0.06793877406827094,0.04141539622664041,0.6582842362408392,0.6593512587516759
927,0.9017187037983919,0.7925934105413469,0.06769220888259202,0.041433082529741004,0.6222158356085644,0.6238605690451362
928,0.9049422067632482,0.7953408235858819,0.06815501592731078,0.04144636283152609,0.65713464578244,0.657909131535826
929,0.9013497622675347,0.7917166767251922,0.06817085629741014,0.041462231479357126,0.6615893088087369,0.6626369730373901
930,0.9034970848531897,0.7937367890548871,0.0682814709637713,0.04147881972704542,0.6588590314700388,0.6596722776701922
931,0.9037907063352906,0.7941214572442882,0.06817538585641772,0.04149386786991862,0.6608708147722374,0.661763890957843
932,0.9068322947251761,0.7968766305583324,0.06844257547721247,0.04151307970696541,0.6552665612875413,0.6561191717562938
933,0.9081305316474729,0.7980040965588686,0.06859561474411664,0.0415308171571937,0.6561287541313408,0.6574282734991808
934,0.9133955909442175,0.8026682046025387,0.06918623803962594,0.04154115055307247,0.6613019111941371,0.6625283777744675
935,0.9013675516630525,0.7905236510028611,0.06929346950001236,0.04155043182451075,0.6590027302773387,0.6600655444659616
936,0.9056286721637938,0.794930911214894,0.06913291934552696,0.04156483517418238,0.6500934042247449,0.6511290034261881
937,0.9071529802705283,0.7964160120046966,0.06915156329341071,0.041585401797439366,0.6476505245006466,0.6487126471026368
938,0.8956713580694636,0.7844465613570736,0.06960989055850757,0.04161490723255174,0.6548354648656416,0.6560143006107552
939,0.9028139076779021,0.7920197593890005,0.06916683322783088,0.04162730999212787,0.644345451932749,0.6458911068076866
940,0.8948150426256433,0.7846992901814259,0.06847320058823214,0.041642549225959065,0.6446328495473488,0.6453584090570536
941,0.9003418236992314,0.7909089811815408,0.0677688812947013,0.04166396498949916,0.637160511567754,0.6380764188887235
942,0.9067196584001391,0.7965018855530155,0.06853435670747927,0.04168341197110932,0.6595775255065383,0.6606919410099806
943,0.9010890856404502,0.7910164078345054,0.06837035380791001,0.0417023253968254,0.6651817789912343,0.66634887531655
944,0.9053957980500331,0.7947959297432059,0.06887994866905446,0.04171991694725558,0.6637447909182354,0.6647004319976165
945,0.9039985506608922,0.793093304607371,0.06917681225326182,0.041728431608124804,0.638453800833453,0.6401255772381946
946,0.9014602156870152,0.7909500280199491,0.06876742478258258,0.04174276134169193,0.6457824400057479,0.6472708178161776
947,0.9012910457225448,0.7912070324647391,0.06832802931644705,0.041755985119062214,0.6646069837620348,0.6658690600327721
948,0.90008363555536,0.7896737298209668,0.0686323580815628,0.0417775441047309,0.6548354648656416,0.6561181290034261
949,0.9008560471449764,0.7907691994931682,0.06828308280304188,0.04180376707944381,0.6598649231211381,0.6608188589304335
950,0.9099203289574395,0.7990679137664616,0.06903474611452486,0.041817671179189,0.6473631268860468,0.6486101593922241
951,0.9033438905865866,0.7924079218803595,0.0691084237379801,0.04182754603460408,0.6592901278919385,0.6603695814092061
952,0.9042558266626964,0.7936383588318511,0.06877139870107885,0.0418460647224789,0.6569909469751402,0.6583403843289141
953,0.9005099003608584,0.7895887248610984,0.06905680378053976,0.04186437169031296,0.6584279350481391,0.6597262028899152
954,0.9018826330765035,0.7913261140997956,0.06867391410650305,0.0418826069745469,0.6559850553240408,0.6567968121555191
955,0.8994395775362616,0.7889204282735952,0.0686140916690194,0.04190505658617512,0.6518177899123437,0.6531181290034261
956,0.8967265485518108,0.7861887139567597,0.06861956574837527,0.04191826574182113,0.654260669636442,0.6553817965142262
957,0.895405279748963,0.7854757954512781,0.06798568459926006,0.04194380051906997,0.6582842362408392,0.6592718605690451
958,0.8991077136318477,0.7889508627443962,0.06818668413674425,0.04197016186270242,0.6561287541313408,0.6573977357366304
959,0.9095929952287215,0.7990647765870306,0.06854442079201017,0.04198379329946264,0.6496623078028453,0.6504744525547446
960,0.9049833496166108,0.7937005742697011,0.06927893544934162,0.04200383509200252,0.6625952004598362,0.6637224787725309
961,0.8986716247406614,0.7884075118646074,0.0682509948247499,0.0420131204190234,0.6551228624802414,0.6560068523759869
962,0.9097159872933492,0.7985776424288047,0.06910270353358168,0.04203564410231325,0.6597212243138382,0.6605966036049457
963,0.9046174593656325,0.7927936826274388,0.06977334199413038,0.04205042992350887,0.6523925851415433,0.6534819007895128
964,0.9026317551896942,0.7908994921889005,0.06966564656995565,0.04206661220877091,0.6526799827561431,0.6537676150752272
965,0.9028824356921635,0.7910632876028085,0.06973757189693833,0.042081575158714205,0.6656128754131341,0.6666491881424103
966,0.906102406968329,0.7947092788249258,0.06929521682764679,0.042097908002127,0.6459261388130478,0.6469311783107404
967,0.9011488613220343,0.7893005112136022,0.06972657136468131,0.04212177833744311,0.660008621928438,0.6609922538358409
968,0.9004847882448008,0.789542587602733,0.06880837121855546,0.04213382731917038,0.6364420175312545,0.6380034261879934
969,0.9016439267951433,0.790262612251222,0.0692234011619902,0.042157909393263436,0.6613019111941371,0.6623756889617161
970,0.9014146698242392,0.7901557987920682,0.06908408710327552,0.042174783875363574,0.6417588734013507,0.6428493966929837
971,0.8957274608835438,0.7844460831923223,0.06908403592349333,0.04219734348503401,0.6373042103750539,0.638494115894533
972,0.898346933889944,0.7874013309780937,0.06872971067484776,0.04221589344093676,0.6427647650524501,0.6434585133323402
973,0.9076836083294726,0.7964126060861746,0.06903337190798395,0.042237631919325246,0.6539732720218422,0.6550350067034112
974,0.9015284274857455,0.7903956440797327,0.06888068186763992,0.04225210287131906,0.6510992958758443,0.65236719797408
975,0.8990962038027828,0.7875295734162269,0.06929296753601466,0.042273666777647094,0.6637447909182354,0.6649508416505289
976,0.8940049109402051,0.7833250754950872,0.06838536586594797,0.04229447036716064,0.6503808018393448,0.6513231044242513
977,0.900918027675945,0.7899430556738577,0.06865696095862699,0.0423180104380136,0.6546917660583417,0.655529420527335
978,0.9037742499545278,0.7929823369725646,0.06846822286700531,0.042323687873574094,0.6664750682569335,0.6676895575748548
979,0.8957048798364579,0.7846093567251251,0.06875134667161896,0.042344174969725645,0.6569909469751402,0.658224340831223
980,0.9010784012402144,0.7898279423171684,0.06888594979642194,0.04236451634112866,0.654260669636442,0.6557665723223595
981,0.9032186583585995,0.7916989661972659,0.06914105067407798,0.04237864146263097,0.6598649231211381,0.6609104722180843
982,0.9002608826386893,0.7895567237106029,0.06831070292007137,0.04239346561914615,0.6636010921109354,0.6646919410099806
983,0.8976668385805661,0.787534210852875,0.06772254633417861,0.04241008250269504,0.648512717344446,0.6492583047817667
984,0.904028612454915,0.7925205546337428,0.06907021633735726,0.042437843909348745,0.6592901278919385,0.6603390436466557
985,0.9000244606310377,0.7886804607274598,0.06889785217547625,0.04244614708839451,0.6644632849547348,0.6657750633099956
986,0.8992128140934241,0.7879797613454594,0.06876472873983412,0.04246832148945097,0.6490875125736456,0.6504221659466706
987,0.9070281252417007,0.7958246246719004,0.06873054185086994,0.04247295763865509,0.6620204052306365,0.6630655444659616
988,0.9016148367906579,0.7905325924618728,0.0685897236420927,0.04249251840676551,0.6598649231211381,0.6612647102636675
989,0.8985662673769849,0.7875256673891254,0.06853374646756306,0.042506852453939356,0.661445610001437,0.6625124385520632
990,0.8956069444544545,0.7845385423301365,0.06853689619274828,0.04253150220199689,0.658571633855439,0.6598201996126918
991,0.8992847870917032,0.7881094551682558,0.06862341509688978,0.04255192567860537,0.6582842362408392,0.6596627439296886
992,0.9005434877452091,0.7891199014141977,0.0688549930258958,0.042568591416507366,0.6644632849547348,0.6657689557574855
993,0.9031104704894833,0.7911680627612654,0.06934859023463848,0.042593816753767534,0.6545480672510419,0.65563086548488
994,0.9029870226407534,0.790646189510317,0.06972780325217809,0.042613029635223204,0.6532547779853427,0.654357366304186
995,0.8988642681345616,0.7867924911757621,0.06944631523918293,0.04262545501045376,0.6567035493605403,0.6577004319976165
996,0.9023615995055044,0.7905483946561779,0.0691742110938018,0.042638994266219754,0.6689179479810318,0.6700814836883657
997,0.897979714983855,0.7863313078554836,0.06898934364357391,0.04265906327602284,0.6605834171576376,0.661942350662893
998,0.9022922101574462,0.7904234155445096,0.06919559156638587,0.04267320887190049,0.6433395602816496,0.6445612989721435
999,0.9009785888557856,0.7884903285228961,0.06979748086993388,0.04269077942601856,0.6294007759735594,0.6299895724713244
1000,0.9082974334235232,0.7953772065385626,0.07021590579423707,0.04270431885736944,0.6539732720218422,0.6546685535528081
