epoch,train_total_loss,train_cross_entropy,train_l1_penalty,train_l2_penalty,validation_accuracy,validation_cwr
1,2.8404672830367605,1.8473439814287589,0.9830506779815569,0.010072618967556785,0.4392872539157925,0.43884582154029494
2,2.435063470830039,1.5090296229577507,0.9156049819817607,0.01042886216175772,0.515591320592039,0.5171643080589899
3,2.1703133153613914,1.30855938243633,0.8508862583163416,0.01086769423099993,0.531398189395028,0.5330557127960673
4,2.0195626117388636,1.2249938195456478,0.7833698437566438,0.011198941314945466,0.550079034344015,0.5516271413674959
5,1.8927085666516712,1.1662112647970786,0.7150178150655141,0.01147948619554266,0.5541026009484121,0.5556882168925965
6,1.7779236418160407,1.1193912170248173,0.6467779350445212,0.011754492851423068,0.5700531685587009,0.5714842842246387
7,1.6839867849633652,1.093909966258726,0.5780874878566384,0.01198932475753408,0.5720649518608996,0.573404886042008
8,1.6031684754720141,1.0814774471172777,0.5094957189546917,0.012195314135215615,0.5766633136944963,0.5780679279010874
9,1.527619907869349,1.073022335746333,0.4422054785706733,0.012392084065940912,0.5752263256214973,0.5765538507373753
10,1.456294043274134,1.0674659541188034,0.376243371283602,0.012584713955596785,0.5726397470900991,0.5740862505586176
11,1.3886111461323112,1.0633767781748924,0.3124443291547158,0.012790047132010894,0.5699094697514011,0.5713658572918219
12,1.3240621723240007,1.0601231687574966,0.2509454824913677,0.012993518064497942,0.5855726397470901,0.5868823178906599
13,1.2627575673459503,1.0577018711138326,0.1918544968404652,0.013201190059021477,0.5778129041528955,0.5792657530165349
14,1.2188269315154443,1.0584011172439745,0.14702326839195276,0.01340255176228004,0.5825549647937922,0.5838884254431699
15,1.1939420512497194,1.0555192956912105,0.12482166265658494,0.013601090573015303,0.572783445897399,0.574253537911515
16,1.1791269608074297,1.0536917018417586,0.11164810884069962,0.013787145582649374,0.5747952291995977,0.5760886339937434
17,1.1705674927610488,1.053278177466984,0.10333990908539283,0.013949411834882823,0.5878718206638885,0.5891802472813943
18,1.1598507312372304,1.0484046352922034,0.09733981599319014,0.014106275823316855,0.5848541457105906,0.5862596454640251
19,1.1535066838990102,1.046264143952146,0.09298254030029018,0.014259992900206398,0.5867222302054893,0.5880557127960674
20,1.1497067782124804,1.0451287478101479,0.09016626353604061,0.014411762500357648,0.5852852421324903,0.5865477431848651
21,1.1440514314789627,1.0425817073119545,0.08693749938529016,0.014532221842946369,0.5635867222302055,0.5648908088782959
22,1.1425632355730155,1.042793936291925,0.08510796110453422,0.014661342529241407,0.5838482540594913,0.585369581409206
23,1.1378404066418415,1.0401926194307602,0.08286897254938332,0.01477881844011891,0.5878718206638885,0.5891558170713541
24,1.13250906869313,1.0360246295729558,0.0815863476683138,0.014898098517412178,0.5634430234229056,0.5647479517354387
25,1.1295214666342457,1.0344919242261383,0.08001914257131477,0.015010397605044452,0.591464290846386,0.5927822136153731
26,1.128431514464399,1.0342555811117737,0.07905377845347725,0.015122154613822712,0.5756574220433971,0.5768358409057054
27,1.128024548699003,1.0353082772951938,0.07750626206976155,0.015209999755303277,0.5768070125017962,0.5784978400119173
28,1.1256580495306738,1.0334792710494884,0.07686332709587311,0.015315443145938005,0.588590314700388,0.5897479517354386
29,1.121560350627902,1.029982299790298,0.07616524280770652,0.015412807519336056,0.5867222302054893,0.5880496052435573
30,1.117803860574057,1.027201722726549,0.0750906894547978,0.01551145296701756,0.588590314700388,0.5899128556532103
31,1.1160631697399552,1.0267489035250486,0.07372250929228584,0.015591767066930419,0.5860037361689898,0.5873841799493521
32,1.1156878299558277,1.026772020294468,0.07322795142330371,0.015687860070455688,0.5802557838769938,0.5815660658423953
33,1.1182799721127321,1.029775886849813,0.07273474407617449,0.015769329311478446,0.5931886765339848,0.5944598540145986
34,1.1122252867471591,1.0242888094073894,0.07208229399781783,0.015854186520948287,0.5824112659864923,0.5840326232682854
35,1.1083801663595123,1.020709041926278,0.07173443708650715,0.015936691404451052,0.5735019399338985,0.5746074780277074
36,1.107741898735941,1.021432814232867,0.07029834986568131,0.016010736180184337,0.5717775542462997,0.5732962907790854
37,1.1085868470712303,1.022040974547387,0.07045418917297683,0.01609168928649203,0.5779566029601955,0.5792375986891107
38,1.1102288938627314,1.0249278896206806,0.06915036784191896,0.016150632825801727,0.5825549647937922,0.5839128556532102
39,1.1044010835777225,1.0189783298039097,0.0691931370984619,0.016229618338589387,0.5911768932317861,0.5924964993296589
40,1.1039454809360967,1.018823868945029,0.06881763694216626,0.01630398186860773,0.5903147003879868,0.5916943244451066
41,1.1032232155418205,1.019337313873087,0.06752238853778762,0.016363514613513805,0.5875844230492887,0.5886624460002979
42,1.0969734423067021,1.0136041710013235,0.06693702656949692,0.016432241867103015,0.5954878574507831,0.5969043646655743
43,1.105663391875371,1.0220575550024256,0.06710035865450577,0.0165054789823411,0.5973559419456819,0.598737077312677
44,1.1010417117180367,1.017824132880323,0.06665805152417051,0.016559528969554812,0.5595631556258083,0.561232831818859
45,1.1029991819643052,1.0198788379591623,0.06651114025327867,0.016609206072207772,0.5907457968098865,0.5919091315358259
46,1.0998102386272883,1.0172001425091743,0.06594378007076684,0.016666318014379736,0.5963500502945825,0.5976332489200059
47,1.0955720218301317,1.0138729062380505,0.06497045281649766,0.016728667458560827,0.5949130622215836,0.5959664829435424
48,1.0954266529621826,1.0133914464094598,0.06524542846745982,0.016789766031467705,0.5839919528667912,0.5855307612095934
49,1.0964197066515782,1.0149725246470556,0.0646083137706481,0.016838869910496098,0.5883029170857882,0.5898103679427976
50,1.0922042549744233,1.0109725210717704,0.06433711717429047,0.016894610820573402,0.5512286248024142,0.5524340831223
51,1.0986357231663637,1.0175989164259778,0.06409445316999839,0.016942365110811274,0.5910331944244863,0.5925307612095934
52,1.0922244920318094,1.0118378166632331,0.06339619707416265,0.016990481204144363,0.5939071705704843,0.5950336660211529
53,1.10231780536491,1.0217924518032926,0.06348648179659197,0.017038872703976252,0.5712027590171002,0.5722362580068524
54,1.0862336730045703,1.0066434156108406,0.06251708495538114,0.01707317265435006,0.5976433395602816,0.5987784894979891
55,1.088398662496014,1.0088988531507763,0.06236989735831113,0.017129908771796,0.5969248455237821,0.5982779681215551
56,1.0921204182107758,1.013114562569413,0.061829954973538555,0.01717590452748,0.5917516884609858,0.5929518844033964
57,1.096054545026484,1.0169633604839865,0.061879847464243354,0.01721132534913015,0.5819801695645926,0.5836284820497541
58,1.0913736595300991,1.0126055332757495,0.061517132084026024,0.017250997397766525,0.5683287828711022,0.5695867719350514
59,1.0930041678422209,1.0149986789921677,0.06072635059491847,0.01727914252029503,0.6012358097427791,0.6024781766721288
60,1.087153786145882,1.0088226785089696,0.06100135873015507,0.017329751156973914,0.5868659290127892,0.5879725904960524
61,1.0884750625545532,1.0107973340873593,0.060311865335069936,0.017365867398087192,0.5822675671791924,0.583401161924624
62,1.08423920105305,1.0063858958458247,0.06043711084166398,0.017416198100219653,0.5707716625952005,0.572247430359005
63,1.0837804639899606,1.0061471255145242,0.060170803487810495,0.017462539681041955,0.5368587440724242,0.5380323253388946
64,1.0838536138609234,1.006033068870501,0.06032238985027865,0.017498154438071713,0.5861474349762897,0.5873132727543572
65,1.0863888297962858,1.0092185933556703,0.05963325691383312,0.01753697908808786,0.5858600373616899,0.5872291077014747
66,1.0884084689375622,1.010918159408805,0.059912281122392136,0.01757802329138446,0.6039660870814773,0.6052107850439447
67,1.0857924085047794,1.0089100232530657,0.059269320751863024,0.01761306648561925,0.5558269866360109,0.5575674065246536
68,1.0857403144563713,1.0094110525481779,0.058697025999715914,0.01763223524200435,0.5890214111222877,0.5904941158945329
69,1.0858958486271137,1.0094309788974027,0.05879127408360027,0.01767359092967583,0.5895962063514872,0.591004468940861
70,1.0853047834626044,1.0084300347315989,0.05915833671164677,0.017716411641155325,0.5598505532404081,0.5614757932370028
71,1.0795142013445242,1.0031362580043657,0.05863822275380034,0.01773972219900892,0.5740767351630981,0.5754109935945181
72,1.0893444874999612,1.0130798638183882,0.05849702195144621,0.017767609943002614,0.5852852421324903,0.5869019812304483
73,1.0763500201015195,1.0003217600648955,0.0582215949568594,0.017806666427164657,0.5723523494754994,0.5737150305377625
74,1.0932344469055908,1.0173031601400138,0.058092197431951334,0.017839086698246406,0.5911768932317861,0.59261254282735
75,1.0793348684241022,1.0034449692343925,0.058022207131239685,0.0178676940918821,0.5898836039660871,0.5910397735736631
76,1.0792739280151693,1.003343300138299,0.058023811969598285,0.017906817004945383,0.5921827848828854,0.593288842544317
77,1.0832986015923356,1.0082076435408418,0.057159840163442485,0.017931122709944135,0.5775255065382957,0.5790166840458812
78,1.0828501566128923,1.006961540032228,0.05791937748650347,0.017969235190073807,0.5865785313981894,0.5877601668404588
79,1.0806059797256564,1.0047084046842243,0.05789712343842995,0.01800045361526911,0.5878718206638885,0.5888992998659318
80,1.0731816774367737,0.9981669856224411,0.05698618932355065,0.01802850123492187,0.5855726397470901,0.5872365559362432
81,1.083104460262365,1.0076942522818029,0.057340830559145704,0.018069375346784516,0.5759448196579968,0.5771459854014598
82,1.080047867544459,1.0048553843422172,0.057096307850193234,0.018096176603090867,0.5610001436988074,0.5624171011470283
83,1.0784324087413466,1.00372676007243,0.056584618129141284,0.018121036090506,0.5860037361689898,0.5876895575748549
84,1.0800946656272472,1.0046488968252638,0.05729010676661859,0.018155662500825332,0.6043971835033769,0.6056149262624758
85,1.07687851844428,1.0022408860496173,0.056457128035840604,0.018180498943794886,0.5954878574507831,0.5968982571130642
86,1.0832123857819669,1.0080033690101338,0.05699986341512568,0.01820915124835057,0.5940508693777842,0.5952559213466407
87,1.0778246114764136,1.0035671779163473,0.05602163061572399,0.01823580582489791,0.5987929300186808,0.6000190674810071
88,1.0804841991881733,1.0060190762540255,0.05619919472773505,0.018265926524973202,0.5760885184652967,0.5777530165350812
89,1.0741838801607761,0.9995371969220007,0.05635251413229417,0.01829416984522252,0.5874407242419888,0.5889471175331445
90,1.0727349745420431,0.9984183720703662,0.05599185165897374,0.01832475860160578,0.5930449777266849,0.5941826307165201
91,1.0790456518528704,1.0047172460684164,0.05596772500023809,0.018360690107880388,0.5982181347894813,0.5994659615671086
92,1.0761079849705544,1.001934199758706,0.05579317706825918,0.01838060405936704,0.5849978445178905,0.5865490838671235
93,1.0726072675007687,0.998250109537149,0.0559423739757838,0.018414787873722114,0.5934760741485846,0.5949165797705944
94,1.0710343894884493,0.9970988482815007,0.0554857442803485,0.01844980672081066,0.5720649518608996,0.573191121704156
95,1.0738584981479937,0.9998744807720938,0.05549992128504318,0.01848408966166635,0.5888777123149878,0.5903268285416355
96,1.078674060035187,1.0050222759943,0.0551452445550706,0.01850653357695687,0.5878718206638885,0.5890703113362132
97,1.0760666536760666,1.0019287233603447,0.0555997861506165,0.018538141197292503,0.5939071705704843,0.5954306569343065
98,1.0694542346389184,0.9957457915310339,0.05514373107063717,0.01856471522641492,0.6032475930449778,0.6044232086995383
99,1.076464096710829,1.00245091472828,0.05541056618822479,0.018602615535496927,0.5832734588302917,0.5847248622076568
100,1.0751173201092428,1.0016610857090193,0.05484544539874716,0.01861079486376305,0.5980744359821814,0.5990238343512587
101,1.068160612789751,0.9951599769712882,0.05436345020969943,0.018637187128268555,0.5982181347894813,0.5994964993296588
102,1.073513894814975,1.0003585552394965,0.05448381352448604,0.01867152733629523,0.5950567610288835,0.5964880083420229
103,1.0665339562961091,0.9932950221699088,0.05454011513331118,0.01869882336886069,0.5956315562580831,0.5970594369134515
104,1.0704677417748,0.997197820924791,0.05453123727671236,0.01873868270447275,0.6018106049719787,0.6030679279010874
105,1.0760085119531662,1.0026833747786204,0.05455946127138256,0.018765683018901275,0.6010921109354792,0.6024147177119022
106,1.0727984040680074,0.9992615483858613,0.054750024431917343,0.01878683406119289,0.5987929300186808,0.5998663786682555
107,1.072666934705154,0.999500639001123,0.054359259992572385,0.018807032975171604,0.5923264836901854,0.593529420527335
108,1.0679665862837302,0.9948764299589218,0.05425584816670586,0.018834305797342358,0.5776692053455956,0.5790923581111276
109,1.0726044398303827,0.9996815192526417,0.0540581152618214,0.018864805152646973,0.6041097858887772,0.6053597497393117
110,1.068628104635141,0.9957014513282979,0.05403494870980455,0.018891703594384444,0.5950567610288835,0.5960482645612989
111,1.0660682540290023,0.9934374295974844,0.05371194844603761,0.0189188796893578,0.5927575801120851,0.5943855206316103
112,1.0659926842814085,0.9930908196889595,0.053948847467502926,0.01895301932805459,0.5939071705704843,0.5949848056010726
113,1.0697375300595569,0.9971754824589306,0.05357850820975993,0.01898354669664291,0.5931886765339848,0.5946369730373903
114,1.0663888478076977,0.9938967943808217,0.053491127564443186,0.019000931308240893,0.595775255065383,0.5970312825860271
115,1.0701327774438696,0.997465386115232,0.0536340211780014,0.019033362099159155,0.5867222302054893,0.5883671979740802
116,1.0624182981601271,0.989597730722933,0.053757747513995396,0.019062814632365633,0.5979307371748814,0.5991374944138238
117,1.0665585080222986,0.9942128928095844,0.053250776122833125,0.01909484057646405,0.5890214111222877,0.5906712349173245
118,1.0685702383835127,0.9962125643691655,0.0532444983828914,0.019113181070037177,0.5986492312113809,0.5999311783107404
119,1.0676021034954986,0.9952227200460017,0.05324555394890271,0.01913382894948247,0.5982181347894813,0.5993438105169074
120,1.0657026316862988,0.9935660411236118,0.05296935879667269,0.019167235991293233,0.5824112659864923,0.5840448383733056
121,1.0724892947399371,1.0001834207763787,0.053116429297895604,0.019189452103931064,0.5835608564448915,0.5851876955161626
122,1.0625928457757319,0.9900292556747347,0.053351704276405475,0.019211883345525965,0.5976433395602816,0.5987479517354387
123,1.0621989326138557,0.990477623962126,0.05248761706065988,0.019233686052919086,0.5995114240551803,0.6009410099806346
124,1.0657660643556608,0.9937597531528202,0.05274093990313337,0.019265371481716025,0.6018106049719787,0.6030801430061076
125,1.0657881618077119,0.9942460319128748,0.052260315011186255,0.019281824077232626,0.5940508693777842,0.5953536421868016
126,1.0672728066249797,0.9949999411895128,0.05296028593914025,0.01931257316376144,0.5825549647937922,0.5841082973335319
127,1.0699229990207766,0.9983514874535467,0.05224161517217098,0.01932990603295615,0.6020980025865785,0.6034391479219424
128,1.0656481398849553,0.993613173228808,0.05269437666727065,0.019340593663311534,0.5918953872682857,0.593131386861314
129,1.0636271154303234,0.9919664179958443,0.0522978877275861,0.0193628088442253,0.5908894956171864,0.5923817965142261
130,1.0648749257353707,0.9932261777345537,0.05225618008563258,0.01939257247664408,0.601523207357379,0.6030020855057351
131,1.0673674644281645,0.9952497616600829,0.05269763342857378,0.019420071443046864,0.5990803276332807,0.600494115894533
132,1.0667059176919584,0.9950455828531153,0.052227481329238934,0.019432855505276247,0.5999425204770801,0.6013756889617161
133,1.0685594466366735,0.9966222493962698,0.05248510377822311,0.019452087905829127,0.5980744359821814,0.599268136451661
134,1.0655718301455683,0.9944873622461098,0.05161492688358387,0.01946954708559783,0.5940508693777842,0.5955490838671235
135,1.0649561333851596,0.9929954540474282,0.05246260662270459,0.01949807425514174,0.5944819657996838,0.5957455683003128
136,1.0657460734083284,0.9936339767230347,0.052594461650799736,0.01951763211753643,0.5966374479091824,0.59790064054819
137,1.060275021941005,0.9886228921067733,0.05210879368257602,0.019543335648187447,0.6020980025865785,0.6032864591091912
138,1.0643450583444105,0.993029854937966,0.051750124823599135,0.01956506994198127,0.5995114240551803,0.6006356323551317
139,1.0631946922890292,0.9916583666223822,0.051945286409353655,0.019591040713630936,0.5801120850696939,0.5816980485624906
140,1.0649536766014422,0.993527505911361,0.051821322226502084,0.019604851853223963,0.5976433395602816,0.5990838671234917
141,1.071277540020258,0.9991628580830669,0.05249502768498896,0.01961965686616875,0.5916079896536859,0.5931999106211828
142,1.0617992257588826,0.9898187925219792,0.052338375970517825,0.0196420541682224,0.5967811467164823,0.5980984656636378
143,1.0629410568299795,0.9909272757835953,0.05235097167004643,0.01966280743071815,0.5907457968098865,0.5921961865037986
144,1.0635834448569499,0.991987287749811,0.05191612414526415,0.019680040866674013,0.5449058772812185,0.546502606882169
145,1.059317512011319,0.9878300828210135,0.05178504771354778,0.019702381792864095,0.6002299180916798,0.6014415313570683
146,1.0576784233883172,0.9863946973326768,0.051550897567680574,0.019732831229332243,0.5926138813047852,0.5934731118724862
147,1.0612996406708664,0.9900783538766968,0.05146209665369775,0.019759190339075285,0.5893088087368875,0.5908347981528378
148,1.0648178990364485,0.9935825506423565,0.05145628472546819,0.019779048799314296,0.5917516884609858,0.5929152390883361
149,1.0614073558226453,0.9902076339958077,0.05140546108777366,0.019794268487549956,0.5973559419456819,0.5988897661254283
150,1.0564176294717627,0.9856726651493889,0.05092282813855553,0.019822141895412475,0.5993677252478804,0.600743184865187
151,1.064344776911817,0.9927760796276963,0.051724730272829436,0.01984397005137227,0.5904583991952866,0.5919043646655743
152,1.0552269866161947,0.9842503612831862,0.051109822197971305,0.01986679897131994,0.5956315562580831,0.5969372858632503
153,1.0607629457686991,0.9896634306471176,0.051202670241853154,0.019896852840468843,0.5982181347894813,0.5994293162520483
154,1.0597811582736336,0.9887296777036036,0.051132109213713035,0.01991937760028676,0.5976433395602816,0.5989495009682706
155,1.0579548590929109,0.9872069121400658,0.050807591047518585,0.01994034891645916,0.5986492312113809,0.6000044689408611
156,1.0616702967324567,0.9913627312244706,0.05035015710211037,0.01995740402240977,0.5929012789193849,0.5942230001489647
157,1.0613832070509204,0.9901008797644335,0.0513000045437968,0.01998233238219324,0.598505532404081,0.6000753761358558
158,1.0593671542694727,0.9889855970252364,0.05038425536835086,0.019997299461593263,0.5924701824974853,0.5939165797705943
159,1.0661359491799134,0.9953109074862014,0.050809028336141523,0.02001601533209743,0.5986492312113809,0.6000105764933712
160,1.0618191686644776,0.9910414579665289,0.0507393558023176,0.020038358871450983,0.5937634717631843,0.5949946372709668
161,1.061582845010057,0.9906983361159921,0.050833260478567746,0.02005124866843592,0.6019543037792786,0.6031130642037837
162,1.0547215283679319,0.9842040643110959,0.05044344315694262,0.020074025920122102,0.5893088087368875,0.590523312974825
163,1.0549478771049652,0.9844625067104467,0.05038332191788014,0.020102047506103674,0.5944819657996838,0.5959410099806346
164,1.0566322637676662,0.9858765433892931,0.05062942413493021,0.020126294380797705,0.6020980025865785,0.6033292119767616
165,1.0587657033189444,0.9881108427530803,0.05050040343874041,0.02015445754574383,0.5995114240551803,0.6007822136153732
166,1.0614175443283391,0.9911377376687135,0.05011394235314455,0.02016587244414456,0.594338266992384,0.5958958736779383
167,1.0519672661510104,0.9818654381641284,0.049916879348494335,0.020184937752124855,0.5865785313981894,0.587460896767466
168,1.0597682917215714,0.9887341858926458,0.05081735138518661,0.020216760146232887,0.6033912918522776,0.6047248622076568
169,1.0552206028122757,0.9850886997982661,0.049901236936970336,0.02023066643329466,0.5917516884609858,0.5927747653806047
170,1.0565009090060697,0.9860917311287557,0.05015111439500686,0.020258057114143177,0.5773818077309958,0.5789410099806346
171,1.0621605222296109,0.9913806396237151,0.05050098659843528,0.020278894300593316,0.5668917947981031,0.5685551914196335
172,1.0578921929329423,0.9873430459967699,0.05026279214648084,0.020286350931374313,0.601379508550079,0.6024683450022346
173,1.0571364963477774,0.9869452286407272,0.04988610684199312,0.02030515703885895,0.591464290846386,0.5924585133323402
174,1.0581631681531611,0.9876606315695566,0.0501711249543146,0.02033140701938376,0.6019543037792786,0.603155817071354
175,1.0586453536269753,0.9881384846019512,0.050160457451982665,0.02034641400339326,0.5944819657996838,0.5957761060628631
176,1.0590159099220904,0.9887818949612106,0.04986927316731926,0.02036473856317336,0.5944819657996838,0.5959226873231044
177,1.0554849641866804,0.9852266339310833,0.04987530328439371,0.020383019252159778,0.5980744359821814,0.5995796216296737
178,1.058997824576107,0.9887530036245994,0.049844970787726935,0.020399848417835188,0.5904583991952866,0.5921486667659764
179,1.0560792982621103,0.9857556424207395,0.049903873559759344,0.02041978342987234,0.5927575801120851,0.5942206167138389
180,1.0565600227155054,0.9860943913425517,0.050019463812492074,0.02044617499364426,0.6054030751544762,0.6066943244451065
181,1.0581118227644442,0.988367219100757,0.04929109093137455,0.020453507805497144,0.5940508693777842,0.5955246536570833
182,1.0567397004332517,0.9865116292776981,0.049752563624644794,0.020475506937239152,0.6026727978157781,0.6040411142559213
183,1.057668883407539,0.9873340815575511,0.04984422970869912,0.020490573625998227,0.597068544331082,0.5983963950543721
184,1.0544977631783379,0.9841922996269935,0.04979673194101974,0.02050872800681959,0.588590314700388,0.5899983613883509
185,1.0590637662935263,0.9884527900520799,0.050077696750669885,0.020533278261950123,0.6019543037792786,0.6031741397288843
186,1.0552904855110365,0.9854000026954627,0.049350054046257696,0.02054042191615237,0.5877281218565886,0.5893916281841204
187,1.058675402093677,0.9882413604715498,0.049875727520495725,0.020558308962561788,0.601379508550079,0.6025721733949055
188,1.0524006051601975,0.9821276174124022,0.04969079163980597,0.020582199034582593,0.5933323753412847,0.5944378072396842
189,1.0549717957405784,0.9849082380040725,0.049466539150764245,0.020597020316430594,0.6003736168989797,0.6015782809474155
190,1.054910757089761,0.9845411044664982,0.049751054345683506,0.020618600358367222,0.5910331944244863,0.5925796216296737
191,1.0557777729505848,0.9860967732671521,0.04905285282409265,0.020628156654353646,0.5897399051587872,0.5912145091613288
192,1.0571860449292534,0.9870401671399055,0.04950054792920429,0.02064532912033165,0.5979307371748814,0.5993268285416357
193,1.0550034707228777,0.9843599321959022,0.04997102535039482,0.02067251649154836,0.6046845811179767,0.6059922538358409
194,1.0551651858755835,0.9847144181914398,0.049761862576089215,0.020688900436319005,0.5977870383675815,0.5993000148964694
195,1.0523511158921524,0.9825386358311266,0.04910659950367335,0.02070588743754983,0.6025290990084782,0.6038555042454938
196,1.0569501467555535,0.9868520400462127,0.04937192310519834,0.020726179952190806,0.6023854002011784,0.6036637866825563
197,1.052485013628232,0.9828183940642694,0.048924187409464935,0.020742440866291702,0.5881592182784883,0.589740801430061
198,1.0574360251478088,0.9870652243021765,0.049599432371067474,0.020771368987936453,0.5862911337835895,0.5878958736779384
199,1.0568429983489591,0.9865597078453828,0.04950215184574224,0.020781141369764035,0.5939071705704843,0.5952779681215553
200,1.0532870179261433,0.9829421983160563,0.04954493961096632,0.020799871115489053,0.5940508693777842,0.5953536421868016
201,1.056232515311923,0.9862240482582616,0.04918897862423424,0.020819479251101898,0.6005173157062796,0.6018249664829435
202,1.055195864101031,0.9854134598294283,0.04895668070833476,0.0208257217568315,0.5995114240551803,0.6009959779532251
203,1.0539888501389991,0.9837968625082232,0.04934005171032726,0.020851944110841136,0.5950567610288835,0.5961520929539699
204,1.0528016716160469,0.982186907648886,0.04974145770237816,0.020873308323622435,0.5940508693777842,0.5952314911366007
205,1.0568465303288639,0.9866416335773975,0.0493143482993202,0.0208905551326692,0.5916079896536859,0.5930899746760018
206,1.0515095664262943,0.9815295429335259,0.049076301715534676,0.02090373338885495,0.604253484696077,0.605392670936988
207,1.0535748391200077,0.9839204339258868,0.04873402167621795,0.020920389573975597,0.5939071705704843,0.5952230001489648
208,1.0538667563752104,0.983590730597771,0.04933620893179231,0.020939817205917255,0.5848541457105906,0.5856733204230596
209,1.058329105651281,0.9879730045923918,0.04940303791978695,0.02095306764943904,0.6000862192843799,0.6014757932370028
210,1.0491357240753623,0.9795910040697399,0.04857312104145349,0.020971598504061655,0.5595631556258083,0.561464918814241
211,1.0534568629673902,0.983430404467116,0.04903303875979601,0.020993420966092687,0.6012358097427791,0.6023193803068673
212,1.0492725320923755,0.9792307772535688,0.04902352729550225,0.0210182219307443,0.6016669061646789,0.6030899746760018
213,1.0540653397286994,0.9841401741959991,0.04888854029074896,0.021036625497299014,0.5878718206638885,0.5887649337107107
214,1.055112082488168,0.9848388590626306,0.04922069931802419,0.021052534006110964,0.5918953872682857,0.5932657530165351
215,1.0630055102727796,0.9926641429356244,0.04928553542452805,0.021055835740966502,0.6016669061646789,0.6030227915983912
216,1.050850469227717,0.9808568802180004,0.048933413597033924,0.02106017085015217,0.6022417013938784,0.6034781766721287
217,1.0539353781346703,0.9837186466621451,0.04913764769343368,0.021079094659733538,0.5989366288259808,0.6003879040667363
218,1.0461724544928186,0.9761329845272787,0.04893427009956986,0.02110520277382708,0.5973559419456819,0.5985110978698049
219,1.051913755518007,0.9817961036756405,0.048992352884298665,0.021125305361562905,0.6051156775398764,0.6065063309995532
220,1.0576272334222017,0.9877953164483954,0.04869437698590154,0.021137535132822127,0.5868659290127892,0.5881680321763741
221,1.0550810169567235,0.9848074757139784,0.04912475948126293,0.021148776650516565,0.5964937491018825,0.5977944287203932
222,1.0518900518496843,0.9817921168281012,0.04892995022210535,0.021167976005244553,0.6029601954303779,0.6042230001489647
223,1.0488548105793243,0.9789385762360611,0.048732477292056604,0.021183755931853048,0.6031038942376779,0.6044696856844928
224,1.054021149218502,0.9841225036157755,0.04870230621517878,0.02119633224664971,0.5946256646069837,0.5956013704751973
225,1.0519736750849809,0.9823299115939907,0.04843055842842311,0.02121321099364247,0.5906020980025866,0.5920227915983911
226,1.0506918310759346,0.9806092359807611,0.04884779073575273,0.02123480349514681,0.6025290990084782,0.6037699985103531
227,1.051729382026605,0.9818608179091037,0.04861816866445137,0.02125040422961756,0.6010921109354792,0.6023902875018621
228,1.0492112713909163,0.9790674752246239,0.04887736410615619,0.02126643140329885,0.6018106049719787,0.6031167883211678
229,1.0508756495221008,0.9809172251800437,0.04867046923173332,0.021287960191846818,0.5916079896536859,0.5929433934157605
230,1.0550666427386186,0.9849481928501,0.048819167148961576,0.021299287970701773,0.5837045552521914,0.5854221659466707
231,1.0499506708979178,0.9795978244205096,0.04903747341945555,0.021315375848574653,0.5826986636010921,0.5843794130791001
232,1.0497646778372276,0.9804733323715151,0.04796460223827045,0.021326752375254072,0.5781003017674954,0.5799851035304632
233,1.0511824585511298,0.9809242946300926,0.04890691566549082,0.02135125201456179,0.5937634717631843,0.5951778638462685
234,1.0501078358154252,0.980467323651172,0.0482742553907387,0.021366249484065312,0.6052593763471763,0.606392670936988
235,1.0501799886640177,0.9806207431032493,0.048177841350057204,0.021381403251150538,0.601523207357379,0.6028493966929839
236,1.051176519790657,0.9816586713130352,0.04811673605460462,0.02140112229484922,0.5967811467164823,0.5981106807686578
237,1.0498398999952692,0.9801608078403365,0.048271191065652155,0.021407904785663373,0.5933323753412847,0.5944011619246238
238,1.0522524359103231,0.982282278712136,0.0485365910241189,0.021433560810699463,0.5944819657996838,0.5955195888574407
239,1.0480806138738508,0.978366769838477,0.04826909141570334,0.021444753103331854,0.5854289409397903,0.5865256964099509
240,1.0492753190613286,0.9794301095408328,0.048383713217687974,0.021461491919877302,0.6052593763471763,0.6065453597497392
241,1.0484885462297586,0.9787860962830325,0.04822104864485186,0.021481391628913743,0.5831297600229918,0.5846797259049605
242,1.047676670618108,0.9784805824280745,0.04770067453230227,0.02149541269335267,0.5644489150740049,0.5652043795620437
243,1.059640036375808,0.9896462672074339,0.04848475175473278,0.021509027733000587,0.6020980025865785,0.6032375986891108
244,1.0506966724651334,0.9808835876983273,0.04829213742334312,0.02152095195203099,0.6022417013938784,0.6035514673022492
245,1.0545461410797092,0.9840776782934137,0.04893231437837175,0.021536151630816524,0.5949130622215836,0.5961619246238642
246,1.0451039651512912,0.9756050694775078,0.04795021277051117,0.0215486826789732,0.598505532404081,0.599763890957843
247,1.049601917569023,0.9791355153270315,0.04889341694413802,0.021572993301954706,0.6009484121281793,0.6023451511991659
248,1.04976196413428,0.9799498715676835,0.048231129385322175,0.021580969447192146,0.5953441586434832,0.5966760017875765
249,1.0475391282965387,0.9781236609673942,0.04781831054862486,0.021597157524614125,0.5851415433251904,0.5864964993296589
250,1.0515763325875545,0.9815639667871406,0.04839635544185804,0.021616012973860517,0.6038223882741773,0.6052145091613287
251,1.053016159182942,0.9834447900768257,0.04795550992079363,0.021615854436768542,0.5953441586434832,0.5963767317145835
252,1.0531331856782828,0.982884849928494,0.0486204646691575,0.021627863919926386,0.5845667480959909,0.5861510502011023
253,1.0495572928502515,0.9790861462361341,0.048825410428763566,0.021645734725804538,0.6031038942376779,0.6045124385520632
254,1.0483883054353396,0.9790709862713842,0.0476607575553307,0.02165656309868733,0.6022417013938784,0.603496499329659
255,1.0497279510122552,0.9801235457298519,0.047933734731781086,0.021670672543885414,0.5835608564448915,0.5850350067034114
256,1.0519939447240696,0.9816460129446914,0.04866135390942459,0.021686584837675812,0.6023854002011784,0.603865335915388
257,1.0449165423499869,0.9748564659392873,0.04835887700865316,0.02170119560127595,0.604253484696077,0.6055881126173096
258,1.0468986849107178,0.9776891417194328,0.04749093876081237,0.021718608010423766,0.5933323753412847,0.5947553999702071
259,1.0452666864567814,0.9755465145990893,0.047974031748318914,0.021746140559577173,0.5999425204770801,0.6014001191717563
260,1.0502179220569323,0.9808354581168096,0.047620078177009445,0.02176238876036879,0.5983618335967812,0.599523312974825
261,1.0485560799796172,0.9786746150667185,0.048105918505887635,0.02177554416883898,0.6006610145135796,0.6017296290779086
262,1.0502222579072682,0.9801195194313865,0.048311849257087446,0.02179089769397698,0.6059778703836758,0.6073023983315954
263,1.0422678358134465,0.9724371052538634,0.04802106056463566,0.021809670787755916,0.588590314700388,0.5901571577536124
264,1.047356237769384,0.9776504382882966,0.04787227754708782,0.021833513974062087,0.6012358097427791,0.6023438105169076
265,1.0517146776660897,0.9819201292414692,0.047946116771270086,0.021848423750692358,0.6002299180916798,0.6016980485624907
266,1.045783673951228,0.9759829769807397,0.047942814170534816,0.021857888164125327,0.5793935910331944,0.5807394607478028
267,1.0477776781788741,0.9781429556992431,0.04775850345019397,0.02187620829707856,0.5996551228624802,0.601212125726203
268,1.0538413746978106,0.9839452148460249,0.04801106320610847,0.021885091930848373,0.5906020980025866,0.5917357366304186
269,1.0465200140243598,0.9765922174592148,0.04802787256066973,0.021899924091464795,0.6032475930449778,0.6045087144346789
270,1.0463656463025544,0.9768096044636061,0.04764085183893577,0.021915187008645722,0.6029601954303779,0.6042230001489646
271,1.0481382013052458,0.9788821824392825,0.0473335274516731,0.02192249109738088,0.5924701824974853,0.5936173096976016
272,1.0483464138109393,0.9787399567549111,0.04766789804124288,0.021938552344165703,0.5875844230492887,0.5889922538358409
273,1.0480584636435528,0.9785689936661998,0.04754304645987468,0.021946422893563074,0.5980744359821814,0.5996345896022645
274,1.047272279903556,0.9774968827622155,0.047809199709619214,0.021966200556918145,0.6008047133208795,0.6021412185312081
275,1.049064863839871,0.9790547577826726,0.04802632495548931,0.021983789867302744,0.5974996407529818,0.5986417399076419
276,1.0460911298863658,0.9763392366234437,0.047754056895193756,0.021997835834014517,0.6003736168989797,0.6016576791300461
277,1.0456638508597433,0.9763531736266187,0.04730602638869043,0.02200464478434674,0.5870096278200891,0.5885368687621034
278,1.0492268455218678,0.97923830948542,0.047965304675240475,0.022023232471193026,0.5974996407529818,0.5989959779532251
279,1.0419391938060296,0.9725077266168245,0.047394108379995505,0.022037351922052983,0.6038223882741773,0.6049274541933561
280,1.0495325633036814,0.9801230074636791,0.0473555052693907,0.02205404756050854,0.6008047133208795,0.602019067481007
281,1.0470868289205153,0.9773636423302957,0.04765243284144113,0.022070746480741966,0.6049719787325765,0.6063512587516758
282,1.0484359590276457,0.9789703581195776,0.047379630406212236,0.022085978347770114,0.5956315562580831,0.5969739311783108
283,1.0455649449986653,0.9761652391281326,0.04730123148719578,0.022098478178754245,0.5997988216697802,0.6013061224489796
284,1.0456017952469645,0.9760424689942349,0.04744667607933852,0.02211265720321043,0.5920390860755855,0.5934635781319828
285,1.046068347841694,0.9762786356329421,0.047660686723424335,0.02212903322872802,0.6006610145135796,0.6020777595709816
286,1.0468110825193564,0.9776995596674637,0.04697525492900232,0.022136263753552345,0.6005173157062796,0.6020509459258155
287,1.0502060587026896,0.9807857019254781,0.047266237092979134,0.02215412053458777,0.5946256646069837,0.5959250707582303
288,1.0439111024916454,0.9742561168053281,0.0474861589253574,0.022168825679346395,0.6012358097427791,0.6028690600327723
289,1.0485445331235541,0.9788555338184353,0.04750267876934981,0.022186323826111996,0.5887340135076878,0.5899579919559065
290,1.047814093456304,0.9779681299486145,0.047647137879545894,0.022198828374601624,0.6020980025865785,0.6034513630269627
291,1.0431983386807306,0.9736730182696766,0.04731108330887168,0.02221424136011572,0.6026727978157781,0.6038273499180694
292,1.044756957607239,0.975249075858753,0.047278799791649714,0.02222908718209274,0.5917516884609858,0.5933671979740802
293,1.0452163683167304,0.9758768566450625,0.047096424027453,0.02224309422677448,0.6023854002011784,0.6036821093400864
294,1.0438892864379274,0.9747967932104019,0.04684368544796843,0.022248815113973266,0.6020980025865785,0.6035490838671235
295,1.0453084881303296,0.9755412015546274,0.04749236594313331,0.02227492953386607,0.6016669061646789,0.6029617160732906
296,1.045965551730459,0.9762207021451507,0.04745798060952341,0.02228686083919196,0.6009484121281793,0.6020275584686429
297,1.049141429573456,0.9797297165917672,0.04711727630108796,0.02229443688830488,0.5893088087368875,0.5906821093400864
298,1.0457601068451206,0.9769229677785898,0.046538489622740174,0.022298643911260865,0.6046845811179767,0.6058456725755995
299,1.0441813379256337,0.974468273238763,0.04739619013152772,0.022316873420197433,0.5939071705704843,0.5952352152539848
300,1.045680185059121,0.9763947966917953,0.04695797919047206,0.02232740332393498,0.5848541457105906,0.5866138835096082
301,1.0466609474639301,0.977353888761211,0.04696612477298269,0.022340929472128675,0.5990803276332807,0.6005429763146134
302,1.051122203111683,0.9814906804139183,0.04728126863451555,0.022350255286186945,0.5776692053455956,0.5794343810516908
303,1.045715541225652,0.9763033661302402,0.047056520197935055,0.022355657199887233,0.5990803276332807,0.6005490838671234
304,1.0445228597353478,0.9743856485418623,0.04775600635689777,0.022381211825187288,0.6009484121281793,0.6022718605690451
305,1.0458143123488846,0.9766699313809087,0.0467652520891544,0.02237912851774816,0.5996551228624802,0.6011815879636525
306,1.0437289226293256,0.9742650255627254,0.04706092651455391,0.022402979920142202,0.5753700244287973,0.5770020855057352
307,1.041607175129963,0.9722927367486801,0.046897257802271095,0.02241718560057881,0.6002299180916798,0.601520929539699
308,1.0490990385856414,0.9791708313231667,0.04749124082462989,0.0224369647371339,0.5803994826842938,0.5820020855057351
309,1.0478001283081566,0.978268621895981,0.0470908071959793,0.02244070479717255,0.5917516884609858,0.5933549828690602
310,1.0498099773501268,0.980585048246322,0.04678284306839839,0.022442082975786176,0.6058341715763759,0.6071961865037986
311,1.0460895865123527,0.976600941081622,0.047030247051982395,0.022458393589510094,0.6000862192843799,0.6015429763146134
312,1.049569247662807,0.9794516071777848,0.04764567487897896,0.022471961068940463,0.594338266992384,0.5954744525547445
313,1.0530462649588372,0.983276618847749,0.04729310049910812,0.02247654621528558,0.5967811467164823,0.5982267242663488
314,1.0417875493972324,0.9723193589118829,0.0469890232732591,0.02247916157918811,0.598505532404081,0.5999349024281245
315,1.0436363121544703,0.9739350409818837,0.047200175714995574,0.022501086903181138,0.5977870383675815,0.5992755846864294
316,1.0404794973740548,0.9708016619443859,0.04715591769455099,0.022521923036121966,0.6066963644201753,0.6080533293609414
317,1.0446539761126254,0.9751098003944526,0.047007164424722914,0.022537017512259803,0.6045408823106768,0.6058066438254135
318,1.0429803879375104,0.9734131943855774,0.04701185730122804,0.022555340297454853,0.5818364707572927,0.5833817965142261
319,1.0474530931073438,0.9777398915413485,0.04714718240966723,0.022566020608382982,0.6054030751544762,0.6067798301802473
320,1.0456328869448395,0.9757982048516918,0.04725730298819051,0.02257738023234058,0.6008047133208795,0.6024160583941605
321,1.0444020054466783,0.9745542353675153,0.04725648670155249,0.022591285682162225,0.5946256646069837,0.5957540592879489
322,1.043588688206032,0.9739283008862543,0.04705773647497193,0.02260265341514374,0.602816496623078,0.6040740354535975
323,1.0477576372369573,0.9786944664711753,0.04645607630916412,0.022607095748344568,0.6016669061646789,0.6031938030686728
324,1.0422021276324898,0.9722541064208121,0.04731783350759119,0.02263018922840946,0.5996551228624802,0.6007968121555193
325,1.0419209575855213,0.9724703356355989,0.04681038057648651,0.022640250190420128,0.6039660870814773,0.6052291077014748
326,1.0451950171432682,0.9755287914633117,0.0470061821332821,0.022660040991860725,0.5953441586434832,0.5965477431848651
327,1.0448920745276775,0.9755031903390655,0.046723547905366605,0.02266534320011206,0.5996551228624802,0.6009861462833308
328,1.0413954137111296,0.9715168086391942,0.04719349287342179,0.02268511384970747,0.5969248455237821,0.5984428720393267
329,1.043634425670461,0.9738526798593088,0.04708312088839109,0.022698631625232262,0.5726397470900991,0.5740068523759868
330,1.0434335794988798,0.9736066232177782,0.04712482268625865,0.02270213322493687,0.5839919528667912,0.5849322210636079
331,1.0409968155762093,0.9714372468964261,0.04684094834672872,0.022718616226884224,0.5680413852565024,0.569734693877551
332,1.042674336355982,0.9730875882665253,0.04685638888541918,0.022730364988970592,0.5835608564448915,0.5849189632057202
333,1.0448051329436085,0.9755824470437794,0.04647873483896941,0.022743949286006943,0.6012358097427791,0.6025270370922092
334,1.0476302293923279,0.9781561896262763,0.04672009065877879,0.022753950023472542,0.6010921109354792,0.6022620288991509
335,1.0391003951239748,0.9690221760067075,0.04731136801441025,0.022766848352116353,0.601379508550079,0.6027737226277372
336,1.0368730163485143,0.9677968043194264,0.046289492869046524,0.02278672107273879,0.5962063514872826,0.5974903917771488
337,1.0436354994962298,0.9744014213406881,0.04643231666352338,0.02280176056511213,0.5983618335967812,0.5998347981528377
338,1.0441097641731236,0.9743310325634619,0.04696426787234994,0.022814461210870267,0.5844230492886909,0.5852813943095487
339,1.042072243133073,0.9727198293983705,0.04652558909714402,0.022826819785955327,0.5921827848828854,0.5937408014300611
340,1.045685853110526,0.9762045925316891,0.0466480448591519,0.022833220035165337,0.5990803276332807,0.6003108893192313
341,1.046396651715447,0.977161378828954,0.04639654748012218,0.02283872152396421,0.6049719787325765,0.6062596454640251
342,1.043936447638824,0.9739340904423999,0.047149870145323465,0.022852483937413223,0.6026727978157781,0.6036990913153584
343,1.0433360830962204,0.9738924224017972,0.04657858427234432,0.022865076528339915,0.5907457968098865,0.5921045732161477
344,1.042532745560861,0.973144773343014,0.04651625875294217,0.022871703969135095,0.5906020980025866,0.5916990913153582
345,1.0455150664632118,0.9756036833504662,0.047023392882385995,0.022887994668160487,0.6064089668055755,0.6077676150752273
346,1.0462316990686673,0.9765720851189413,0.04676829077402979,0.02289132981232304,0.5947693634142837,0.5956526143304037
347,1.0401536036555254,0.9702123682001127,0.047032071252606826,0.022909162959258163,0.5947693634142837,0.5961839713987785
348,1.0420719315855302,0.972755938892581,0.04639583877616357,0.022920159545940802,0.5982181347894813,0.5996003277223299
349,1.0485862972647624,0.9789106613569757,0.04674195565624833,0.022933683527695377,0.598505532404081,0.5999287948756145
350,1.041898644969182,0.9719123147242815,0.04703883066685622,0.022947500260309388,0.6018106049719787,0.6031167883211678
351,1.0403206934701406,0.9707981274720323,0.0465627605453367,0.02295980685075898,0.6048282799252767,0.6058847013257856
352,1.0448464947984315,0.97557573271202,0.04630026363456261,0.02297050423758488,0.6003736168989797,0.6016210338149859
353,1.04316438181439,0.9736410082542857,0.04654061540378838,0.022982760172865654,0.572783445897399,0.5744489795918367
354,1.0439052946575416,0.97433460196436,0.04657552226090983,0.0229951780455896,0.604253484696077,0.6057163712200209
355,1.040186123218254,0.9705013392865444,0.04667644668330336,0.02300833755032669,0.601379508550079,0.6026821093400864
356,1.0375965009871049,0.9683611810609928,0.046212770958594475,0.02302255604578334,0.6025290990084782,0.6036539550126621
357,1.0399527744857002,0.9705649410998244,0.046349789505097216,0.023038040576785063,0.5973559419456819,0.5986637866825563
358,1.042142913368588,0.9725838716404588,0.046507686552691864,0.023051351249134478,0.6026727978157781,0.6039067481007001
359,1.0427230011887516,0.972899280928524,0.04675502018294538,0.023068710218380025,0.601379508550079,0.6027981528377774
360,1.0431837458465956,0.9738435858298794,0.04626932565161921,0.02307083108572803,0.6062652679982756,0.607746908982571
361,1.0421007027107334,0.9720499663110402,0.0469648084885765,0.023085930471015842,0.594338266992384,0.5958775510204081
362,1.0420366758449888,0.9730095382496653,0.045936039611879205,0.023091098166791287,0.5960626526799827,0.5976590198123045
363,1.0402322996277664,0.9704719685603702,0.04664830043044716,0.023112032049390274,0.607271159649375,0.60861254282735
364,1.0460426247244954,0.9763885843443757,0.046532788543711276,0.02312125388507717,0.5997988216697802,0.600909131535826
365,1.039823474889515,0.9704710717070358,0.04622459723177202,0.023127808850534278,0.6033912918522776,0.6048897661254282
366,1.0417968720810082,0.9723387522282212,0.04631624871123229,0.02314187441931783,0.6082770513004742,0.60962475793237
367,1.0391600246846735,0.9697991110484033,0.046201494222747504,0.0231594174871745,0.6023854002011784,0.6034927752122747
368,1.0412938498460556,0.9716133130557716,0.04650655637702255,0.02317397817937203,0.5996551228624802,0.6007479517354387
369,1.04189966574262,0.9725057835516564,0.04621076331191372,0.023183121218932637,0.591320592039086,0.5922912259794428
370,1.0420782439306835,0.9725177035213185,0.046362946792004485,0.023197597726207386,0.6074148584566748,0.6087737226277373
371,1.0423208504748218,0.9730706670568976,0.046046855434816035,0.02320332489190413,0.6038223882741773,0.6051473260837181
372,1.0372224625268018,0.9678421941257822,0.04615785231467704,0.023222414357259812,0.5906020980025866,0.5921266199910621
373,1.0412694245238536,0.9717930797222514,0.046240027047472106,0.023236312147726153,0.5901710015806869,0.5918385222702219
374,1.0411886933343577,0.9718915362144993,0.04605395852650081,0.02324320391925403,0.5864348325908895,0.5879226873231044
375,1.042319201775573,0.9727766982678933,0.04628659584477195,0.023255902716017674,0.5929012789193849,0.5943146134366156
376,1.0388571475665278,0.9694068595533621,0.04618742758493037,0.023262862559343175,0.5862911337835895,0.5876698942350663
377,1.0398740995922109,0.9700921787443406,0.04650265989734928,0.023279262458249007,0.6048282799252767,0.6059274541933561
378,1.0431568222598178,0.9738683714608314,0.046003720158196364,0.0232847335695244,0.607271159649375,0.6088201996126917
379,1.041471721489105,0.971844726131983,0.046329473982680065,0.02329752707773883,0.5995114240551803,0.6009349024281245
380,1.0438649011319492,0.973907421822006,0.046657073754083324,0.023300398142484007,0.590027302773387,0.591384179949352
381,1.0446365212448576,0.9747188236885055,0.0466131158248029,0.02330458576705739,0.6039660870814773,0.605143601966334
382,1.0436361065231567,0.9742783982103833,0.04605036954681735,0.023307336157075136,0.5881592182784883,0.5893499180694176
383,1.042849512496956,0.973304907503716,0.04623054572810539,0.02331405003488338,0.6002299180916798,0.6016491881424102
384,1.0416611743942898,0.9717384266055064,0.04658935628729676,0.023333388509852206,0.5999425204770801,0.6010764188887234
385,1.0379460767727333,0.9681794340196981,0.046422909360145044,0.023343729263968913,0.6008047133208795,0.6020251750335169
386,1.0384844024216655,0.9685475612649426,0.046573365804968014,0.023363476688715985,0.6026727978157781,0.6039556085207806
387,1.0425010204212404,0.9726414487937142,0.04649193294936255,0.023367639446079964,0.6075585572639747,0.6088310740354537
388,1.041775402623289,0.9726076735164058,0.04579278855942022,0.023374935048123102,0.6023854002011784,0.603639356472516
389,1.037916741283448,0.968255124432651,0.04626888044543574,0.023392744064716486,0.6033912918522776,0.6046943244451065
390,1.0370140545565878,0.9672242890728121,0.046377433293967055,0.023412329313000108,0.6068400632274752,0.6079274541933561
391,1.0453255102712886,0.9755642077398293,0.04634128194952734,0.02342001755523397,0.597212243138382,0.598282734991807
392,1.0411870263571505,0.971077373682519,0.04668089850799142,0.023428750140767774,0.5946256646069837,0.5958701027856399
393,1.0366789763610003,0.966882531199926,0.046356816228598524,0.023439627052700317,0.578531398189395,0.5801021897810218
394,1.0395260854671187,0.9707331166285895,0.04533816818568124,0.023454793168006742,0.5956315562580831,0.5970105764933711
395,1.0388950430844976,0.9695256405357041,0.04589539086723194,0.02347401843542365,0.6000862192843799,0.6015185461045732
396,1.0378079706438144,0.9680551572989623,0.04626347404709406,0.0234893420252123,0.584279350481391,0.5859019812304485
397,1.0413602000595699,0.9717629901429911,0.04609597712179199,0.023501233191458654,0.6006610145135796,0.6020594369134515
398,1.0409039496381935,0.9713813561888874,0.04602093536544333,0.023501653125730975,0.595775255065383,0.5967503351705646
399,1.0438238604689898,0.9740268292141331,0.04628802977051607,0.023509000851325065,0.5974996407529818,0.5988310740354537
400,1.0401323621840737,0.9704386061730613,0.04617808278495338,0.02351567512644418,0.6029601954303779,0.6043023983315953
401,1.0358605235108427,0.9661966479617745,0.04613598922508718,0.02352788870267432,0.6038223882741773,0.6051839713987784
402,1.0382844278962813,0.968859683826645,0.045888034065023446,0.0235367059862349,0.6006610145135796,0.6019495009682705
403,1.0393961987322065,0.9691175896814113,0.046725732202754486,0.02355286766730655,0.6110073286391723,0.6123023983315955
404,1.035024293915844,0.9654624674885176,0.04600160365102791,0.02356021892467284,0.5974996407529818,0.5989165797705943
405,1.0360110630538892,0.966402052154245,0.0460232527620629,0.023585750841975794,0.6026727978157781,0.6039861462833309
406,1.0406078526575961,0.9707466383949233,0.04626027936789561,0.023600935669384874,0.5906020980025866,0.5917296290779086
407,1.0411330729247612,0.9712125793204326,0.046317682630552574,0.023602810761521802,0.6032475930449778,0.6045697899597796
408,1.0404728932496476,0.9706302796360542,0.04622854461393183,0.023614066299776405,0.597212243138382,0.5985575748547595
409,1.035607286920697,0.966097829721837,0.045887404894594114,0.023622051674194386,0.5999425204770801,0.6015222702219575
410,1.0340455719101855,0.9646982755241663,0.04571261155650711,0.02363469162807329,0.5937634717631843,0.5950801430061076
411,1.0434399949080782,0.9734302272329318,0.04635349460527513,0.02365627460864781,0.5907457968098865,0.5920434976910471
412,1.0361937690798724,0.9668662497274045,0.04567227509921439,0.02365524521816743,0.6068400632274752,0.6079702070609265
413,1.0383874080975621,0.9687616484383431,0.04596229937055499,0.02366346279503131,0.5917516884609858,0.59334887531655
414,1.0343434226154886,0.9647164614760065,0.0459460177454674,0.023680944683600096,0.6000862192843799,0.6012253835840905
415,1.0358756050362568,0.9668900699755261,0.0452909308944322,0.02369459610625637,0.5940508693777842,0.5956223744972441
416,1.037279613933818,0.9675527843255253,0.04601359339480445,0.023713234593075467,0.601523207357379,0.6029104722180844
417,1.0419088052014267,0.9720208850601039,0.04616575729289794,0.02372215606351448,0.6010921109354792,0.6023963950543721
418,1.0392381435136786,0.9690932980092851,0.04641775883876621,0.023727081153171896,0.6018106049719787,0.603006852375987
419,1.0387045358905747,0.9692254976939154,0.045750394974234186,0.02372864573708955,0.6006610145135796,0.6018151348130493
420,1.0395020727008766,0.96966489138386,0.04608976354420759,0.02374741831374958,0.6031038942376779,0.6044208252644123
421,1.0352913562483033,0.9657738881646294,0.0457596285401156,0.02375784941967285,0.6009484121281793,0.6021252793088038
422,1.0346408868627415,0.964600884463873,0.04626495765586629,0.023775042001094294,0.607127460842075,0.6085063309995531
423,1.0387406792683853,0.9695498771341321,0.045405202043764824,0.023785603560431284,0.607127460842075,0.6084696856844928
424,1.043553237155142,0.9734639510081955,0.04628923555635604,0.02380003965695171,0.6008047133208795,0.60235498286906
425,1.0368330461623632,0.9669459648028857,0.046081793667029365,0.02380528629098084,0.6009484121281793,0.6023756889617161
426,1.0385388424383153,0.9684575933683088,0.04626480619463107,0.023816445913582823,0.5911768932317861,0.5926797259049605
427,1.0366377383920204,0.9670000372475669,0.0458162402002646,0.02382146416039007,0.6074148584566748,0.6084683450022345
428,1.0422661238693782,0.9722311212201453,0.046202364560622974,0.023832640944005667,0.5974996407529818,0.5983607924921793
429,1.0382314502447736,0.9678383577759023,0.04654965382527048,0.02384344124739618,0.595775255065383,0.5972572620288991
430,1.0361014422988015,0.965828869393852,0.046417684595802255,0.023854890568464255,0.6048282799252767,0.6060068523759868
431,1.036211340501744,0.9659773013701057,0.04636575295324212,0.02386829196975301,0.5952004598361833,0.5964598540145987
432,1.0355173004377607,0.9659151491342494,0.04572409245903284,0.023878060764135137,0.5973559419456819,0.5986821093400865
433,1.0312981810064763,0.9616405600137213,0.045760386311484574,0.02389723290427652,0.597068544331082,0.5984391479219424
434,1.0390075329203496,0.9693555154322824,0.04573993659028892,0.02391209772046972,0.5990803276332807,0.6002803515566811
435,1.03867027140808,0.9687862234787791,0.045965991098980294,0.023918054251685226,0.6045408823106768,0.6059226873231045
436,1.038304779023887,0.9687158532964205,0.045661277528346346,0.02392764498024241,0.6039660870814773,0.6051680321763743
437,1.038760606773901,0.969376295740739,0.045451649268873635,0.023932667507198902,0.6025290990084782,0.6036050945925816
438,1.035619848965742,0.965787552060504,0.04589280286057874,0.023939503824416206,0.5980744359821814,0.599512438552063
439,1.0347508345035357,0.9649891641774145,0.045803217279690916,0.02395845968198641,0.5936197729558844,0.5949433934157604
440,1.0364372401097706,0.9662618004636768,0.04619937724182105,0.023976064410918763,0.6066963644201753,0.6079067481007001
441,1.035279538272047,0.9655481854086722,0.04574917544031181,0.023982176958405436,0.5825549647937922,0.5837723819454789
442,1.040600268101449,0.9703244422937813,0.04627969636196274,0.023996124052625824,0.5844230492886909,0.5857211380902727
443,1.0354266320088246,0.9654805202442334,0.04594372118991722,0.02400238431062973,0.5880155194711884,0.5888345002234471
444,1.0369604890297535,0.9671699842393938,0.045777123461044254,0.0240133782354348,0.6033912918522776,0.6046698942350662
445,1.034784717769831,0.9645617737271933,0.046198666566279724,0.024024286991399343,0.6049719787325765,0.6062535379115149
446,1.035765576746327,0.9653019210973302,0.046419438791589364,0.024044212374372084,0.597068544331082,0.5981887382690303
447,1.036355369014633,0.9666275281487465,0.04568350641639055,0.024044335713118363,0.5982181347894813,0.5996064352748398
448,1.039335352119863,0.9691551578063735,0.04612426477347765,0.024055936591779216,0.6068400632274752,0.608220616713839
449,1.034859494567517,0.9648865841640654,0.04590214270295931,0.024070763152147834,0.6041097858887772,0.6054696856844927
450,1.0393713648282585,0.9701505841272181,0.04515272222447539,0.024068056713489386,0.6022417013938784,0.6037285863250411
451,1.0343660973221223,0.96474494593533,0.0455365071367868,0.024084649888796186,0.6062652679982756,0.6076675107999404
452,1.0379433277386807,0.967639873332377,0.04620772124328204,0.02409572667173398,0.6065526656128755,0.6078249664829435
453,1.0363817995247921,0.9665091235775735,0.04577144220918909,0.024101225891312333,0.6019543037792786,0.6033146134366155
454,1.0348143435737356,0.9646615981713059,0.04603686325336637,0.024115874023444523,0.6051156775398764,0.6062681364516609
455,1.0364288477946293,0.9666179393468052,0.04568314279454641,0.024127766968558482,0.6039660870814773,0.6051252793088039
456,1.034935047047836,0.9651661866662625,0.04562943247816723,0.024139430388093065,0.5933323753412847,0.5949080887829584
457,1.038188325235052,0.9681768236377489,0.04585894786987364,0.024152549595028303,0.5929012789193849,0.5943634738566959
458,1.0343732797203606,0.96437997084134,0.0458297133804404,0.024163599730550787,0.5937634717631843,0.5952145091613288
459,1.0383305926486701,0.9684766006805479,0.04568104885324765,0.024172944085677047,0.5917516884609858,0.5931045732161477
460,1.0403672465991658,0.9705064048334038,0.045684379423370405,0.02417645773141484,0.597068544331082,0.5982314911366007
461,1.035046166268072,0.9646360751009652,0.046218179284087335,0.024191908818046105,0.6003736168989797,0.6015721733949054
462,1.0362335339173587,0.966265316580986,0.04577184680280269,0.02419637056649211,0.5561143842506108,0.5580607775957098
463,1.0349813907512013,0.9643715566851521,0.04639645649449701,0.0242133845890591,0.5964937491018825,0.5976844927752124
464,1.0396616539918824,0.9693182042265507,0.04612567061420521,0.024217789549445316,0.5974996407529818,0.5986295248026218
465,1.0389117314086116,0.9687163736101094,0.045967445084762255,0.024227905997885747,0.6016669061646789,0.6029189632057202
466,1.0379168279624256,0.9677278246922746,0.04595984050390843,0.02422916877012149,0.591320592039086,0.5928470132578579
467,1.0359056416317074,0.9656118853610555,0.04605340664554026,0.0242403418937558,0.6094266417588734,0.6108714434678981
468,1.0374909789505011,0.9673094976169314,0.0459303748168245,0.024251110274957625,0.5997988216697802,0.6014282734991807
469,1.036487100315875,0.9661825560756003,0.04604653795593034,0.02425800544763968,0.5967811467164823,0.5979518844033963
470,1.0354173048797533,0.9649900544527397,0.0461548892480021,0.024272358781046645,0.587153326627389,0.5888079845076717
471,1.0362343437148505,0.9659292777562076,0.04602079149664844,0.024284289990282638,0.6104325334099727,0.6118164754953075
472,1.0320749798885176,0.9619900325297418,0.04579014171844739,0.024294807754841358,0.5987929300186808,0.6000740354535976
473,1.0365561361301903,0.9665192490011852,0.04572833017401268,0.02430856809419391,0.5916079896536859,0.5926929837628482
474,1.033117767876807,0.9630602139613977,0.04574004486353083,0.024317510829140253,0.6045408823106768,0.6059532250856546
475,1.0331412814937628,0.9631065681827259,0.04570052860552834,0.024334183662973494,0.6061215691909757,0.6072437062416206
476,1.03187886983229,0.9618079787801953,0.04571498616917463,0.024355899968952315,0.5936197729558844,0.5948395650230894
477,1.0388852467155265,0.9686659684827366,0.045856621062332466,0.024362652205634192,0.602816496623078,0.604135110978698
478,1.033974189202596,0.9640780113983264,0.04552855811887884,0.02436761336085534,0.5987929300186808,0.5999274541933562
479,1.0371213240996229,0.9667128692894322,0.04602204067818579,0.024386405761209536,0.6009484121281793,0.6022535379115149
480,1.0378304670932461,0.9674682514663057,0.0459712607327558,0.024390957113620382,0.6039660870814773,0.6053451511991658
481,1.0363061593205511,0.9659962047874834,0.04591180678906155,0.024398156312602247,0.607127460842075,0.6083108893192313
482,1.034595282071965,0.9642774183562748,0.045905129353146834,0.024412732699840196,0.6023854002011784,0.6035904960524355
483,1.0337908376751832,0.9633825484800825,0.045984592022143285,0.024423700121498637,0.5730708435119989,0.5746797259049605
484,1.0346433380277424,0.9648353325976331,0.04537519994753242,0.024432804859732482,0.5595631556258083,0.5613305526590199
485,1.035820234505365,0.9654993176511657,0.04587983215884293,0.024441087027477163,0.5992240264405806,0.6008079845076716
486,1.0335084957746892,0.9630201672801925,0.046029904166447706,0.024458428174053855,0.5904583991952866,0.5920020855057351
487,1.0407015746447321,0.9702687780650495,0.04597294911847133,0.02445985104464169,0.5906020980025866,0.5922793088038134
488,1.0324829892362564,0.9624371520574279,0.04557872595773259,0.024467116406203207,0.5987929300186808,0.6000618203485775
489,1.0367368599998144,0.9661626124077101,0.04609415054863033,0.024480091091788763,0.6049719787325765,0.6063879040667361
490,1.0320433836282028,0.9616907806570527,0.04587052268194114,0.0244820860000002,0.6082770513004742,0.6096369730373902
491,1.0343272961972687,0.9636337037126914,0.04619403950894662,0.024499553665925603,0.5992240264405806,0.6006064352748398
492,1.033532462597647,0.9632913336652434,0.045728959545722245,0.02451216482763053,0.5944819657996838,0.5958066438254134
493,1.0352923936723275,0.9647729999975563,0.04599580465398278,0.02452360079996475,0.6084207501077741,0.609743184865187
494,1.0364108291023815,0.9657174603215133,0.046160101152357996,0.024533262468562897,0.5849978445178905,0.5863597497393119
495,1.0305331882380055,0.9601796960878654,0.04581521562712685,0.024538282793749165,0.6026727978157781,0.6040899746760019
496,1.0315400499741842,0.9609733869296618,0.046010462028410845,0.024556206602173336,0.604253484696077,0.6056125428273499
497,1.0340505055028621,0.9639049794657132,0.04557764140522622,0.024567880429662597,0.6069837620347751,0.6082657530165351
498,1.0312742659425167,0.9606183919092588,0.04607358531988135,0.02458228631755293,0.6065526656128755,0.608008193058245
499,1.0373198231295413,0.9668527183510103,0.0458721372631196,0.024594964938381998,0.6058341715763759,0.607019067481007
500,1.031082197970264,0.9605507624699203,0.045923102872971064,0.024608334468872763,0.6003736168989797,0.6018531208103679
501,1.0329889703163524,0.9622547236525614,0.04611748845382983,0.02461675849903382,0.5976433395602816,0.5990655444659616
502,1.0370364235913485,0.9663377430507859,0.046068128021729715,0.024630552490460905,0.5999425204770801,0.6011313868613138
503,1.035734706216887,0.9657583904773412,0.04535094704701137,0.024625378415815052,0.6041097858887772,0.6053231044242515
504,1.0323687381897872,0.9615341251926666,0.04619055768743399,0.024644055094488016,0.6081333524931744,0.6094513630269626
505,1.0345148420107744,0.9643847181598659,0.045477633450283605,0.024652488728018136,0.6018106049719787,0.6030862505586176
506,1.031168597134079,0.9611017331256145,0.04540167784419771,0.024665180299838465,0.5916079896536859,0.5932670936987935
507,1.0366170632289322,0.96615757404653,0.04578292438202864,0.024676573256284688,0.5997988216697802,0.6009457768508863
508,1.0338247725120442,0.9630141984047706,0.04611978349763697,0.024690786667541792,0.597212243138382,0.5984903917771488
509,1.0317248538883788,0.9615441757485962,0.045480497416956256,0.024700182129914417,0.6049719787325765,0.6062901832265754
510,1.0328103271704465,0.962134497007054,0.04596051721287486,0.02471531661290781,0.5966374479091824,0.5980472218084314
511,1.0328897949196276,0.9624729935748427,0.045690525742307926,0.024726272399926308,0.5995114240551803,0.6010204081632653
512,1.0337817292563583,0.9636282995439566,0.04541883023648722,0.02473460035357115,0.6003736168989797,0.6012484731118725
513,1.0338479000049892,0.9634180226225263,0.04568118972264584,0.024748689010428843,0.5855726397470901,0.5871449426485923
514,1.0336591471096346,0.9631816991651035,0.045723065781553066,0.02475437788577288,0.6069837620347751,0.6083817965142261
515,1.031392828283133,0.9607576320424541,0.04586698622301592,0.024768220587819707,0.6087081477223739,0.6102304483837331
516,1.0333035776782677,0.9633832450467359,0.04514730267600349,0.0247730355940514,0.6048282799252767,0.6060312825860271
517,1.0378530895355396,0.966464963756188,0.046597824071819435,0.024790294742218926,0.6032475930449778,0.6046308654848801
518,1.0342984618015512,0.9635059610662283,0.04599673013300676,0.02479576230753614,0.6048282799252767,0.6060068523759871
519,1.0354124133589282,0.9646554367777637,0.045953783514852034,0.02480319635719082,0.6016669061646789,0.6027357366304186
520,1.0345567106806628,0.9639094373946526,0.045840952585553416,0.024806326751711384,0.607127460842075,0.6084452554744526
521,1.0353229373740573,0.9644109662844371,0.04609102804766747,0.02482093691976827,0.6036786894668774,0.6050350067034113
522,1.0320179087109462,0.9616251593777667,0.04556318398022775,0.02482955651401934,0.6020980025865785,0.6035246536570832
523,1.0356082883626672,0.9649727760520641,0.045793717732685944,0.024841790389575256,0.6056904727690761,0.6070105764933711
524,1.0344855895517269,0.9641759666428344,0.045459863787188,0.02484975329019854,0.5839919528667912,0.5850055116937286
525,1.0373728866463403,0.9668597044796072,0.045664008923612595,0.024849170911802883,0.597068544331082,0.5985185461045732
526,1.031352976955102,0.9607448809481606,0.04574507639617186,0.024863022653259393,0.607271159649375,0.6083743482794576
527,1.033301610939118,0.962866576029011,0.04555841072171151,0.02487662345126008,0.5956315562580831,0.5968639952331298
528,1.0353325867913272,0.9640242476918297,0.04641774137663523,0.024890605509088445,0.5921827848828854,0.5933743482794578
529,1.0314369188469876,0.9606522391421097,0.04588400118801336,0.02490068501564668,0.6052593763471763,0.6063315954118874
530,1.030331634176687,0.9596149389180906,0.0458041529142663,0.02491254429342949,0.5996551228624802,0.6009495009682705
531,1.0351816852778981,0.9645588543158459,0.04570135063775348,0.024921483811371662,0.6065526656128755,0.6078982571130643
532,1.033009797150521,0.9619515385499613,0.04612238625395588,0.02493587437546584,0.6105762322172726,0.6118310740354536
533,1.0357035596594417,0.9650067520871349,0.0457555584118085,0.02494125498317151,0.6048282799252767,0.6060801430061077
534,1.034849090297977,0.9637530757394531,0.04615201924881094,0.02494399490929366,0.6061215691909757,0.6071887382690303
535,1.0335175765024929,0.962005449250985,0.046554373202245626,0.024957755172898465,0.6075585572639747,0.6087883211678832
536,1.028907718903752,0.9585785891821645,0.04536808513662719,0.024961041991336197,0.6074148584566748,0.6085110978698048
537,1.031279464342896,0.9606972862153341,0.04560305549356166,0.024979123094910467,0.5507975283805144,0.5526468047072844
538,1.0357969228624184,0.9648619160979005,0.04594780049039331,0.024987207767399055,0.5931886765339848,0.594404886042008
539,1.0341816640633381,0.9631595254749518,0.046026425819695724,0.024995707841072124,0.6045408823106768,0.605983762848205
540,1.0293772764153857,0.9585624764681308,0.0458052784085642,0.02500952107456844,0.5960626526799827,0.5969932965887085
541,1.0331300438298356,0.9626984827681886,0.04541447007192725,0.025017092665002974,0.6066963644201753,0.6079617160732906
542,1.0314403313606493,0.9612929103600257,0.04512029852520582,0.025027125573313293,0.6087081477223739,0.6102609861462833
543,1.0305238918833972,0.9594611774523516,0.04601192967287681,0.025050781875471904,0.5803994826842938,0.5815379115149709
544,1.035141733635224,0.964518215279758,0.045563621925869144,0.025059897206078093,0.6022417013938784,0.6032338745717265
545,1.030751274669799,0.9599131907706187,0.04577208868222412,0.025066009405071595,0.6108636298318724,0.6121595411887383
546,1.0303253300283504,0.9597557445318642,0.04549452610702535,0.025075060501319954,0.6003736168989797,0.601627141367496
547,1.0328348846438287,0.9618949716778764,0.045848380615804915,0.025091529142779085,0.6019543037792786,0.603369581409206
548,1.0324039246299723,0.9611666289995004,0.046135239608244304,0.025102052104757477,0.6051156775398764,0.6063658572918218
549,1.030457201900282,0.9596329164892148,0.045710721648592495,0.025113561101667858,0.6095703405661733,0.6106844927752123
550,1.0318274710229423,0.9608794759874937,0.045819945252799046,0.025128043824808148,0.5875844230492887,0.5891938030686728
551,1.0311046823000563,0.9609056100846707,0.0450665455802425,0.0251325334468194,0.6084207501077741,0.6095843884999256
552,1.036759308964241,0.9656498933047428,0.04596204292240594,0.025147365103164596,0.6059778703836758,0.6072413228064948
553,1.0310355302057213,0.9594874561029975,0.04639124879186601,0.025156821577270016,0.6046845811179767,0.6059189632057203
554,1.0326283152614932,0.9621437120701428,0.04532084285459191,0.025163761592886455,0.6049719787325765,0.606247430359005
555,1.0277517269287735,0.9571153254220499,0.045463165644364104,0.025173231159575215,0.5973559419456819,0.5984011619246239
556,1.0322879725856537,0.9612842133237398,0.04581446559326987,0.02518930037245358,0.5831297600229918,0.5843499180694176
557,1.031132663832877,0.9606550142055511,0.0452767840410884,0.025200866421604056,0.609857738180773,0.6112206167138388
558,1.0312553893596486,0.9605673124245793,0.045479874497991235,0.02520820488911034,0.6046845811179767,0.6059678236258007
559,1.0326284988975882,0.9618388475023958,0.04556828242195185,0.025221379584884282,0.6069837620347751,0.6081619246238642
560,1.0328773146714436,0.9619673288730151,0.04567801916013848,0.025231968706765726,0.6081333524931744,0.6093353195292716
561,1.033541347980842,0.9625469055955549,0.04575233864163698,0.025242102928357935,0.607127460842075,0.6083475346342917
562,1.0311173304159558,0.9599370667091268,0.04593001168479795,0.025250252675388732,0.601523207357379,0.602635632355132
563,1.0335310625094658,0.9623683542676965,0.04590050078942389,0.025262208310730637,0.607127460842075,0.6083536421868017
564,1.0318793818977718,0.9608866167335713,0.045725831525612534,0.025266935982218006,0.6023854002011784,0.6035477431848653
565,1.0311654643571175,0.9602224092696621,0.04566695002611726,0.02527610615687023,0.6022417013938784,0.6033865633844779
566,1.0373915346348177,0.9664484136130964,0.04566052618295592,0.025282593494845133,0.6022417013938784,0.6036675107999405
567,1.0309998726327454,0.9597646499060406,0.045945876974032726,0.02528935023410162,0.6079896536858744,0.6091924623864144
568,1.0313871190506487,0.9597920235554229,0.046290947071633,0.025304150346461548,0.6049719787325765,0.606143601966334
569,1.0318888451693677,0.9606436480563131,0.04593097472881633,0.0253142188412244,0.604253484696077,0.6056858334574705
570,1.0312024140121574,0.9602829096286114,0.04559595701847462,0.025323551713473873,0.6079896536858744,0.6092962907790852
571,1.03246634267565,0.96150706184032,0.045627627802796195,0.025331657476223207,0.5969248455237821,0.5983756889617161
572,1.0356405404453768,0.9639819162829646,0.04631692077683502,0.025341705970101047,0.6068400632274752,0.6079824221659467
573,1.0289021876800812,0.9573200192665947,0.046231027855293594,0.025351130092156005,0.6029601954303779,0.6041497095188441
574,1.029269541777967,0.9578001593649259,0.046108506419185354,0.025360876805668144,0.6092829429515735,0.6105270370922092
575,1.0284557953992954,0.9574866815534263,0.045598374402656655,0.025370744033847103,0.6051156775398764,0.6062009533740503
576,1.0298727323721497,0.958611066638781,0.045880486997320044,0.0253811778019156,0.594338266992384,0.5956943244451064
577,1.0302681199160264,0.9590927014098735,0.04577895500946788,0.02539645803214096,0.5818364707572927,0.5833085058841055
578,1.032396742608599,0.9611344683065824,0.0458576296941827,0.025404640484265613,0.6049719787325765,0.6063085058841055
579,1.03279273183477,0.9619247498808964,0.04545610025792753,0.025411888613348328,0.6095703405661733,0.6109165797705944
580,1.028309082741675,0.9569992425455789,0.045882515301455505,0.025427333636144862,0.6045408823106768,0.6056783852227021
581,1.0304548276157657,0.9590484201950937,0.04596289542021466,0.025443517482667016,0.6045408823106768,0.6060814836883658
582,1.0258882066302129,0.9550590039087551,0.04537433380442269,0.025454868151527796,0.6065526656128755,0.6080814836883659
583,1.0315417008489727,0.9606710494566725,0.0454051412710523,0.0254655114033387,0.6039660870814773,0.6055100551169373
584,1.0310868824465313,0.9602576922044481,0.04534886651707888,0.02548031958591186,0.6029601954303779,0.604357366304186
585,1.032409937958348,0.9616073673527582,0.04531875629160558,0.025483817685695794,0.6059778703836758,0.6072352152539847
586,1.0336351304719598,0.9621310893412481,0.046007260861672075,0.025496782837771518,0.6010921109354792,0.6024269328169224
587,1.0308128900355966,0.9593358880950384,0.04597345625365803,0.02550354858806574,0.6062652679982756,0.6076980485624907
588,1.0271693025277355,0.9560571343139219,0.04559773901341752,0.025514433057375177,0.6079896536858744,0.6094001191717562
589,1.0304973745400887,0.9593808365238177,0.0455949294844832,0.02552160633082045,0.6078459548785745,0.6090618203485774
590,1.0300552194052377,0.958815579348245,0.045700929262400325,0.02553870745740894,0.6018106049719787,0.603012959928497
591,1.0262556093522641,0.9551103751041677,0.045599633900876665,0.025545598449511233,0.6066963644201753,0.6076502308952778
592,1.0295491856496761,0.9585738543173177,0.04541150157550385,0.02556383180204377,0.6102888346026728,0.611740801430061
593,1.0290106783174957,0.9583755535098872,0.045068668112435,0.025566457186061806,0.6049719787325765,0.6061802472813943
594,1.0341831377173039,0.9632621729642876,0.045345747372571,0.02557521473328895,0.6097140393734732,0.6108395650230894
595,1.0296557962183535,0.9580974062552208,0.04596849438110839,0.02558988912794153,0.6059778703836758,0.6073207209891256
596,1.0306932179299833,0.9594804079543929,0.04561458598008134,0.02559822556506647,0.6016669061646789,0.6029861462833309
597,1.033121712207109,0.9621482471279551,0.04537331783494433,0.025600151290156442,0.6061215691909757,0.6074513630269626
598,1.0305571243807166,0.9586841011633217,0.04625541196643818,0.025617607110525912,0.6054030751544762,0.6068775510204082
599,1.0270897167855115,0.9561207095582109,0.04534502805750386,0.025623973346320543,0.5954878574507831,0.5968982571130643
600,1.0281191314837597,0.9571813517456887,0.04529605890186735,0.025641720017431917,0.5832734588302917,0.5847676150752272
601,1.0309187857682274,0.9602445963470907,0.04503238775753601,0.025641794225600093,0.5825549647937922,0.5841693728586325
602,1.027729648217197,0.9565054743535595,0.04556318992334787,0.025660982885442,0.6097140393734732,0.6109800387308209
603,1.0329487043681682,0.9614277515693683,0.045851494117507066,0.025669454936998588,0.6058341715763759,0.6070557127960673
604,1.0309035088211183,0.958747942876946,0.04646744464571868,0.025688116447385795,0.6066963644201753,0.6078212423655593
605,1.031677354151258,0.95995263212079,0.04603848671710582,0.02568623752958611,0.6035349906595775,0.6048127513779233
606,1.029293940830957,0.958205869193049,0.04539671632014124,0.025691353280072087,0.6064089668055755,0.6075355280798451
607,1.0267203667157339,0.9555848378665078,0.045428667178950034,0.025706865979064932,0.6031038942376779,0.6042437062416207
608,1.0318169295059776,0.9599732695031499,0.046121736295989126,0.0257219182618336,0.6041097858887772,0.6053047817667213
609,1.0315726588282508,0.9600820050172413,0.045761522347299445,0.025729129408885134,0.5841356516740911,0.5857469089825711
610,1.0294148073506126,0.9580393049511045,0.045639389867578914,0.02573611480516467,0.6054030751544762,0.606743184865187
611,1.029882586007489,0.9584773142355957,0.04566278744273221,0.025742483742450535,0.5954878574507831,0.5968860420080441
612,1.0313024046023973,0.9599001447536734,0.04565390494865819,0.02574836238169485,0.6043971835033769,0.6057676150752271
613,1.0297640565140938,0.9577769869393805,0.0462244906640589,0.025762575669828407,0.6091392441442736,0.6104147177119023
614,1.0297055150743428,0.9580296090166877,0.04590155574302938,0.025774344671017087,0.5954878574507831,0.596544019067481
615,1.0301212471935115,0.9587033115887302,0.04563905261772805,0.025778892267356746,0.6089955453369738,0.6102901832265752
616,1.02778703639829,0.9560454854044974,0.045954832304785656,0.02578671737158499,0.6019543037792786,0.6034367644868166
617,1.0305050120714805,0.9589041511566068,0.045799721103578585,0.025801142577827618,0.6032475930449778,0.6046430805899004
618,1.0283387484333264,0.9567961686643175,0.04573019675108564,0.02581239352946241,0.6006610145135796,0.6020533293609416
619,1.0265664586665935,0.9548830482736712,0.04585431338551401,0.025829097897912823,0.6008047133208795,0.6022267242663489
620,1.028153515766537,0.9568083985884105,0.045508171855559686,0.025836942634726072,0.6002299180916798,0.601392670936988
621,1.029857190925682,0.95827136534455,0.04573505760558225,0.025850767632409715,0.6055467739617761,0.6066295248026218
622,1.0285195408924024,0.9572216794654922,0.04544026334599391,0.025857597721449122,0.5927575801120851,0.5939213466408461
623,1.0324480398442317,0.9610161978651316,0.045569949726774736,0.025861893865511514,0.5779566029601955,0.5793780723968419
624,1.0327445136899491,0.9604953176623395,0.04637824922087018,0.02587094904277016,0.6107199310245724,0.6121021897810219
625,1.0308626800077472,0.9588994055853645,0.046087670277947065,0.025875604927876005,0.6022417013938784,0.6034842842246387
626,1.0330105858093055,0.9605662971328157,0.04656068554686342,0.025883611934298344,0.6111510274464722,0.6123414270817815
627,1.0270285017275573,0.9555279749240456,0.0456184014337538,0.02588212470863807,0.6046845811179767,0.6061082973335319
628,1.0293020548483374,0.9571036956385303,0.04630211378160111,0.02589624778441587,0.6038223882741773,0.6050557127960674
629,1.0287006094736997,0.9571158067130686,0.04568150174822902,0.025903288947097407,0.6075585572639747,0.6089532250856546
630,1.0281285792867554,0.9556529762621908,0.04655004496736882,0.025925563466334362,0.5976433395602816,0.5987296290779085
631,1.032733042789338,0.9608819199834923,0.04592050555228913,0.02593061992373167,0.6058341715763759,0.6069763146134367
632,1.0272898283613228,0.9557179586351868,0.04563395878082463,0.025937910666944893,0.6035349906595775,0.604763890957843
633,1.0327260936449136,0.9601670358694564,0.046607446869778246,0.02595161014659546,0.6045408823106768,0.6056783852227022
634,1.031611422026769,0.9595931473263448,0.0460646153583037,0.02595366953460885,0.6082770513004742,0.6094903917771488
635,1.0274599484113256,0.9554849720186227,0.04601063198440889,0.025964349596345627,0.6032475930449778,0.6044964993296588
636,1.0304173342985297,0.9582274510507903,0.04621257365096796,0.025977302246295714,0.6059778703836758,0.6074306569343066
637,1.0258752728762477,0.9542922415358528,0.04559522135581225,0.025987813051697388,0.5920390860755855,0.5933231044242515
638,1.0328342155369383,0.961321832462535,0.045518038851945185,0.025994347053496878,0.6039660870814773,0.6051130642037836
639,1.0267639811619,0.954100469077245,0.04665118184640312,0.02601232933918238,0.6036786894668774,0.6049617160732906
640,1.027723500896141,0.9554267374669911,0.0462756861900055,0.026021070978311838,0.6035349906595775,0.6047028154327425
641,1.026794421516936,0.9552563096723572,0.045511737727094506,0.02602638021477647,0.6065526656128755,0.6077699985103531
642,1.0283782404204658,0.9564274656462556,0.04590919043562042,0.02604158012187589,0.6052593763471763,0.6065881126173097
643,1.032507414823977,0.9603995016584247,0.046057156765575744,0.026050755945490014,0.5691909757149015,0.5710485624906897
644,1.026130055469897,0.9540878272053154,0.0459815911297732,0.026060636291947666,0.6074148584566748,0.6085843884999255
645,1.0270137333599276,0.955077897339207,0.045861277492126186,0.02607456429024112,0.5927575801120851,0.5937259049605244
646,1.0273286244841482,0.9555627742980571,0.04568425679552879,0.026081590824506888,0.6066963644201753,0.6080044689408611
647,1.0283536810627578,0.9560799411289101,0.0461704770194369,0.026103254157382277,0.6049719787325765,0.6060947415462535
648,1.0288895293716933,0.9567800644297489,0.04599545281934471,0.026114020835999563,0.607271159649375,0.6086675107999404
649,1.0252636769907728,0.9533146781677452,0.0458280308216806,0.026120968365364334,0.6051156775398764,0.6062864591091912
650,1.0300361242662954,0.9582680391158707,0.04563486653487561,0.026133230034455193,0.6115821238683719,0.6128310740354536
651,1.026172053421652,0.9539493331537111,0.04607564743856089,0.02614707362620348,0.5956315562580831,0.5971693728586324
652,1.0289404012807777,0.9567755059206481,0.04601045786844089,0.026154432813796886,0.608564448915074,0.609886042008044
653,1.0273277490093442,0.9550422004866076,0.04611799935980901,0.026167544924265557,0.5923264836901854,0.5934927752122746
654,1.0294641558852307,0.9571176122652935,0.04616681150240894,0.02617972587061427,0.6026727978157781,0.6039006405481901
655,1.0266448623799338,0.9545751553377315,0.045881557208074374,0.026188156183020516,0.5976433395602816,0.5990288991509012
656,1.0291110532930279,0.956390761553102,0.04651985510558485,0.026200444644330682,0.6048282799252767,0.6060190674810071
657,1.0268990711364823,0.9550260852544297,0.04566928392985734,0.02620369545341326,0.5979307371748814,0.5992901832265752
658,1.0270463935276064,0.9543591960868474,0.04645951398017849,0.02622768252591221,0.6133065095559707,0.6145270370922091
659,1.0299699074373383,0.9580495119231891,0.04568912978358337,0.026231269036433205,0.6051156775398764,0.6066345896022644
660,1.0293183321924726,0.9571162311831054,0.04595870684919592,0.026243394277674026,0.5658859031470039,0.5675002234470431
661,1.0303931064964762,0.9581850254941662,0.04595766816449364,0.02625041361135353,0.6082770513004742,0.6095453597497392
662,1.0289408444398984,0.9561590882172648,0.04652098616078455,0.026260772857288808,0.6038223882741773,0.6048969164308059
663,1.0309981403379609,0.9584102958487889,0.04632401418886765,0.026263827437146555,0.6031038942376779,0.6045124385520632
664,1.0258764175012685,0.953432030882673,0.046169957141498325,0.02627442110014563,0.6062652679982756,0.6075392521972293
665,1.0297562637999236,0.9567722443329019,0.04669512735572949,0.026288891677415598,0.6140250035924701,0.6153512587516757
666,1.0291627777224044,0.9568896482586604,0.045973643383249704,0.026299493053034303,0.5887340135076878,0.5902755846864293
667,1.030921281077838,0.9582505349729883,0.046362617379235097,0.026308135624012997,0.6046845811179767,0.6059311783107404
668,1.0292041249565735,0.9570420864567467,0.04585060105048937,0.026311440678386446,0.6078459548785745,0.6093122300014896
669,1.0292543477925749,0.9566278838446675,0.046302092823832006,0.026324378302713496,0.6084207501077741,0.6096943244451065
670,1.0266157337210784,0.9536843137299814,0.046595087087814756,0.026336340968142313,0.6059778703836758,0.6071252793088038
671,1.0260121203270567,0.9536405410175951,0.04602480533126357,0.026346777985601835,0.5870096278200891,0.5883292119767615
672,1.0250830618467357,0.9523212015329036,0.04639724636042764,0.0263646086226902,0.6045408823106768,0.6055501266199912
673,1.0282488284842142,0.9557558841738898,0.04611744202340466,0.02637550052785894,0.607127460842075,0.6082925666617012
674,1.0285173602309066,0.9561498069201312,0.04598703917064001,0.02638051151519475,0.6000862192843799,0.6016834500223448
675,1.0276121007657835,0.9547760615593436,0.046440885222528594,0.02639515641479849,0.6084207501077741,0.6094500223447044
676,1.0273957704911887,0.9550043583207474,0.04599066127805228,0.026400753423381013,0.6052593763471763,0.6065148219871891
677,1.0262974426310918,0.9537857651864682,0.04609788525038571,0.026413793342231096,0.5887340135076878,0.5900923581111277
678,1.0267758829906457,0.9542552305374497,0.04609966516989387,0.026420988421659648,0.5910331944244863,0.5925124385520631
679,1.0283493227461218,0.9557633895284058,0.04615297097349273,0.026432969744856167,0.6048282799252767,0.6062206167138389
680,1.0313613081923982,0.9586205174395674,0.04629514770019429,0.026445632906185516,0.6079896536858744,0.6093085058841055
681,1.027217731871196,0.9544916849640667,0.04627273677077285,0.026453313932308847,0.5936197729558844,0.5950105764933712
682,1.029083419555322,0.9564599914358237,0.0461599901993053,0.026463432674594507,0.6009484121281793,0.6023879040667363
683,1.0293817714484093,0.9567161661863567,0.046192604174240856,0.026473010554674166,0.5946256646069837,0.5960838671234916
684,1.0247432548161433,0.951510282147974,0.046738725761573945,0.026494249521364834,0.5949130622215836,0.5961741397288842
685,1.027563949925647,0.955329019236383,0.04573804572093999,0.026496882605957804,0.6137376059778704,0.6150655444659615
686,1.0251940882468056,0.9524738839310225,0.04620794717820404,0.026512258041466442,0.6077022560712746,0.6090960822285119
687,1.0278570233687774,0.9553069430943415,0.04602464492322899,0.026525432668451795,0.609857738180773,0.6112572620288991
688,1.0273965518696244,0.9545193884303848,0.04634141771946938,0.02653574725372907,0.5976433395602816,0.599132727543572
689,1.0284425344150596,0.9556578867119231,0.046242931277686146,0.02654171478255399,0.6066963644201753,0.6081999106211828
690,1.0233179151044014,0.9505901316713201,0.04617256536343211,0.02655521710875014,0.5980744359821814,0.5995674065246536
691,1.0320490836617522,0.9590864321900812,0.046391071658300455,0.02657157732573952,0.6107199310245724,0.6122426634887531
692,1.0253292729173142,0.9531601118808471,0.045599658479548714,0.026569504368975854,0.6041097858887772,0.6053597497393117
693,1.0241743527467368,0.9513124124057198,0.04627631359066767,0.026585625353700078,0.602816496623078,0.6043000148964695
694,1.029123560512763,0.9563946803422269,0.04612699405797804,0.02660188563692662,0.5931886765339848,0.594844629822732
695,1.029251922537051,0.9566013051494303,0.04604542303901583,0.02660518266498306,0.6058341715763759,0.6073183375539996
696,1.0285520546051565,0.9553518961482836,0.0465782758301917,0.02662188110182273,0.6058341715763759,0.6069702070609265
697,1.0289128461023191,0.9556525946434312,0.04662921783511778,0.02663103506217436,0.6131628107486707,0.6143963950543719
698,1.0244458562975933,0.9517317217286076,0.04607545892945016,0.02663866998977078,0.6016669061646789,0.6027540592879488
699,1.0245852708336882,0.9518682569980553,0.046063994194652215,0.026653018282071443,0.6081333524931744,0.6095612989721436
700,1.0233914866446079,0.9507646116995918,0.045953772440156575,0.026673101404777355,0.5944819657996838,0.5960570534783256
701,1.0272075894030026,0.9545299413732147,0.04599517290920066,0.02668246751503152,0.6043971835033769,0.6058225830478177
702,1.0249896072625326,0.9523100313278327,0.045988584487863714,0.026690994898310456,0.6039660870814773,0.6052291077014748
703,1.0243985880670028,0.95165076554207,0.046038785736024476,0.026709032789802033,0.6107199310245724,0.6119128556532102
704,1.0260283745368128,0.952964882609796,0.04634067670307397,0.026722817439363767,0.6041097858887772,0.6054147177119023
705,1.0212733605107043,0.9481818351548266,0.046354298120789325,0.0267372240325379,0.5920390860755855,0.5935185461045732
706,1.0255473968814477,0.9528770620477903,0.04592080422378525,0.026749531850475728,0.6092829429515735,0.610520929539699
707,1.0272572672320843,0.9545115606420632,0.04598496888244541,0.02676074381557445,0.6134502083632706,0.6147187546551468
708,1.0227382862802585,0.9501102614255451,0.04585973203786061,0.026768291781812087,0.6046845811179767,0.6058701027856398
709,1.0251583982634294,0.9525505798286809,0.04582508493609376,0.02678273283619659,0.6054030751544762,0.6066821093400864
710,1.0256762483336148,0.9529265636752984,0.04595430447948974,0.02679538113410479,0.6131628107486707,0.6143169968717413
711,1.0263365779753508,0.9536226896705907,0.04590733037874229,0.026806556770262457,0.6081333524931744,0.6094208252644123
712,1.0229407377773394,0.9498501067909123,0.04627019589741967,0.026820422225540902,0.611438425061072,0.6127676150752271
713,1.0262833431133989,0.9533882878998056,0.0460678214531963,0.026827240643538627,0.6049719787325765,0.606137494413824
714,1.0253681051335402,0.9529570181285159,0.045573083390225484,0.026838006261152122,0.6022417013938784,0.6036675107999405
715,1.0258360366948738,0.9529262477766767,0.04605889221821165,0.026850895301997874,0.609857738180773,0.6112084016088187
716,1.029867252033835,0.9565085964583857,0.04649978470180908,0.02685886679343287,0.6108636298318724,0.6121900789512887
717,1.0289484057417544,0.9560308853842298,0.04606430535837055,0.026853219698191134,0.5930449777266849,0.5946284820497543
718,1.0251065162273467,0.9522248135762134,0.04601625239128336,0.02686545120361876,0.5997988216697802,0.6011900789512886
719,1.0225717816515238,0.9498056052385142,0.04588856593573088,0.026877604281487763,0.5987929300186808,0.6001412185312082
720,1.0258600198258132,0.9529281203509371,0.04604088586722576,0.026891012825280586,0.5976433395602816,0.5991632653061225
721,1.026810878582908,0.9539564080511741,0.04595041893532879,0.026904058143098236,0.6058341715763759,0.6072572620288993
722,1.026220568501927,0.952878029135079,0.046429422793888224,0.026913124285579446,0.6123006179048713,0.6135697899597796
723,1.0276517485181291,0.9542241233795398,0.0464988343202446,0.02692879336994644,0.5967811467164823,0.5982328318188589
724,1.0228823712543949,0.9499542875731192,0.045995462294504685,0.026932623606742086,0.6041097858887772,0.6052742440041711
725,1.0249146621174845,0.9517406247302468,0.046227515895277765,0.02694652393596245,0.6043971835033769,0.6056332489200059
726,1.0281782864256654,0.9553927436336085,0.045831993754879806,0.026953544168979174,0.6046845811179767,0.6060899746760019
727,1.0286032148160578,0.9554521373195678,0.04618877864799155,0.026962302965642667,0.5950567610288835,0.5964147177119024
728,1.0253675622250742,0.9519922643287512,0.046403246494241615,0.026972053062911092,0.6064089668055755,0.6078592283628781
729,1.0228127995721394,0.9494355397930877,0.04639083991783552,0.026986429616348517,0.6058341715763759,0.607245046923879
730,1.025483083975077,0.9524103882566645,0.046074579198853965,0.026998109714038276,0.6097140393734732,0.611120512438552
731,1.0260186845979775,0.9528238856598878,0.04618654229289705,0.02700825827390294,0.5947693634142837,0.5963488753165499
732,1.026217818568537,0.9530003324701348,0.04619748522795845,0.027020001232052334,0.6005173157062796,0.6017211380902726
733,1.0290848940144086,0.9560333429473726,0.0460263112923129,0.02702524751277041,0.6105762322172726,0.6117394607478027
734,1.0229604456647063,0.9501108168219506,0.04581180148448713,0.027037827811149162,0.6108636298318724,0.6120923581111277
735,1.0222458606017082,0.9491588665349916,0.046036980907551976,0.02705001881294448,0.6081333524931744,0.6092925666617012
736,1.027537212852843,0.9537473471278791,0.04671807038176332,0.027071793496347498,0.6005173157062796,0.6018188589304335
737,1.0250135151146644,0.9519451430412968,0.045997246507812735,0.02707112453961436,0.6077022560712746,0.6090288991509011
738,1.025875937477887,0.9523506497391203,0.0464426322814325,0.027082661598254884,0.608564448915074,0.6098493966929838
739,1.031463793509821,0.9574107150782077,0.04696345551121182,0.02708963219642228,0.594338266992384,0.5954500223447043
740,1.0270703374560082,0.9536574770191788,0.04632021550355175,0.02709264747952615,0.6115821238683719,0.612757783405333
741,1.0250822010011504,0.9514052643911611,0.04657036288748323,0.02710657555838523,0.6003736168989797,0.6014439147921943
742,1.025412247978865,0.9518552153750147,0.04643827027430187,0.027118765024080463,0.6041097858887772,0.6053780723968419
743,1.0219475729212986,0.9483247278476348,0.04649005601759922,0.027132787813052037,0.6052593763471763,0.6063499180694175
744,1.0285952540714347,0.9554348717408715,0.046012183646777866,0.02714820718948124,0.6107199310245724,0.6119739311783109
745,1.0238157324380515,0.9507910636396719,0.04587496291053228,0.02714971154537424,0.6026727978157781,0.6037907046030091
746,1.0304686547284976,0.9567054316287994,0.04660442181039703,0.027158802249397263,0.6062652679982756,0.60761865037986
747,1.026010124672074,0.9518143923773575,0.04702348735187225,0.027172236470873627,0.6087081477223739,0.6100105764933711
748,1.0243256928198192,0.9508142523218082,0.04633529754822616,0.027176142669277367,0.6003736168989797,0.6019080887829585
749,1.0240472369297497,0.9506872387980058,0.04617393061514387,0.02718606751927666,0.6058341715763759,0.6071656487412482
750,1.0222571202865498,0.9481678610818279,0.046879560579182446,0.02720968845580215,0.5723523494754994,0.5740204081632653
751,1.0233047806611948,0.9503720622584128,0.04571958818264281,0.027213132623724937,0.5989366288259808,0.6003512587516758
752,1.0226611148045142,0.9487998447279116,0.04662866709813559,0.027232596720043554,0.5874407242419888,0.5890753761358558
753,1.0209813129629515,0.9478603509466339,0.04587280389683259,0.027248161555167363,0.6095703405661733,0.6108493966929839
754,1.0266277067002456,0.9535700591032936,0.04580403856086241,0.0272536143226401,0.5916079896536859,0.5929311783107404
755,1.0212784032143982,0.9476897451346215,0.04631855422000567,0.027270099481926137,0.6078459548785745,0.6092084016088187
756,1.0222115782952066,0.9492872381093842,0.045644191810134536,0.027280145392350758,0.6107199310245724,0.6121449426485922
757,1.0244301600880383,0.951165016791416,0.0459662164032956,0.027298932686021984,0.6097140393734732,0.610778489497989
758,1.0244014839328455,0.9507966570375226,0.04629129715416945,0.02731353227080696,0.601523207357379,0.6031364516609564
759,1.026919023232447,0.9532737419135544,0.04632875688918998,0.027316525070480376,0.5982181347894813,0.5996064352748398
760,1.0243393060615957,0.950823789861528,0.04619106316205876,0.027324454933576225,0.6077022560712746,0.609114404886042
761,1.0241573528408199,0.9510177329004899,0.04580789632674503,0.02733172069528927,0.6051156775398764,0.6065429763146134
762,1.0266217354351563,0.9526886477571809,0.04658515505650071,0.027347931027827822,0.6055467739617761,0.6070081930582453
763,1.0246477148487987,0.9509795935336569,0.0463110414229388,0.027357080005423008,0.6124443167121713,0.6137370773126769
764,1.021506622024678,0.9473772529795828,0.046753549224314704,0.02737582608455727,0.6051156775398764,0.6062559213466407
765,1.0265581123375622,0.9530923723112426,0.04608431556276128,0.027381418354756822,0.6105762322172726,0.6119104722180843
766,1.0247271277298442,0.9504767872338529,0.046856649677688184,0.027393698323218793,0.5966374479091824,0.5977662743929689
767,1.0248998299397378,0.9510574243863196,0.04644319686124869,0.027399213083933133,0.6117258226756718,0.6128395650230896
768,1.0242181036865974,0.9507771361951668,0.04603604993935905,0.027404908635517717,0.5967811467164823,0.5983427677640398
769,1.0246962811655997,0.9510344996211137,0.046244926961040614,0.02741685520923417,0.6061215691909757,0.6070299419037689
770,1.022160311782646,0.9479752105103603,0.04674781762402896,0.027437293301946063,0.602816496623078,0.6039763146134367
771,1.0284427677459596,0.9549685138483673,0.04603009544905018,0.02744416424043435,0.6075585572639747,0.6088982571130641
772,1.021102134652788,0.9475095328337023,0.04613950523212049,0.02745309866641484,0.6045408823106768,0.6056295248026219
773,1.0227679365632658,0.9495050906021545,0.045800264265250676,0.027462582186481135,0.6117258226756718,0.6131632653061224
774,1.0226300638252024,0.9489150347081319,0.046228776177741245,0.027486253540493458,0.6006610145135796,0.6020350067034113
775,1.0271448322986285,0.9532412112076095,0.046412772972113714,0.027490841539289986,0.6061215691909757,0.6074208252644123
776,1.0245612336739947,0.9509298317835649,0.04613226361680877,0.02749914053909428,0.5977870383675815,0.5990679279010874
777,1.0232593688253597,0.9492075255349169,0.04654153043444103,0.02751031475076603,0.6121569190975715,0.6134147177119023
778,1.020470620443602,0.9468043485169507,0.046145308247275835,0.027520960105848324,0.6092829429515735,0.6107224787725309
779,1.0214621946290574,0.9478484429167441,0.04607976357385522,0.02753399287122028,0.6105762322172726,0.6118493966929839
780,1.0199658907612672,0.9456767705018226,0.046733674479380545,0.027555441118767163,0.608564448915074,0.6096783852227022
781,1.0245788941559462,0.9511239253030561,0.04589146927945537,0.027563500317529042,0.609857738180773,0.6111961865037986
782,1.0238182658538648,0.9504172173634499,0.045830721813151676,0.027570333863663542,0.608564448915074,0.609886042008044
783,1.0255781719954915,0.9517430223461403,0.04625522942507228,0.02757991982412751,0.5883029170857882,0.5892790108744227
784,1.0267654701559892,0.952614408069377,0.04656215644232636,0.02758890475297834,0.610001436988073,0.6114734098018769
785,1.02369508998184,0.9498248351067369,0.04627743742172703,0.027592812467407676,0.6075585572639747,0.6088738269030239
786,1.0266061595140954,0.9524000007490571,0.046601998706323214,0.02760415525395246,0.6084207501077741,0.6093461939520334
787,1.0213319662916094,0.9468821042535428,0.04683475327247226,0.027615109242028864,0.604253484696077,0.6057774467451215
788,1.0235185372382338,0.9490125654397776,0.046879588916869934,0.02762638036692163,0.5870096278200891,0.5887323104424251
789,1.0228252197103367,0.9488921705239942,0.04630049629524224,0.02763255475428079,0.6125880155194712,0.6139165797705942
790,1.0217822658414384,0.9477313110447766,0.04640405350057605,0.02764690319861227,0.6006610145135796,0.6020411142559213
791,1.0235417630587147,0.9491720149136426,0.04671391742021586,0.02765582622602884,0.604253484696077,0.605520929539699
792,1.0217783817153396,0.9476726040070659,0.046436786841114526,0.02766899164899368,0.6041097858887772,0.6054086101593922
793,1.021607706337452,0.9476447682696558,0.04628127870939641,0.02768165881478259,0.6064089668055755,0.6075904960524355
794,1.0243203268515033,0.9505544368400881,0.04607569095202862,0.02769019840950852,0.6062652679982756,0.6073621331744378
795,1.0234149449823027,0.9492683481306742,0.046441824317946315,0.027704766986163323,0.5825549647937922,0.5837479517354387
796,1.0242244703088927,0.9496296621256304,0.04687881935401233,0.027715985364928246,0.6094266417588734,0.6106760017875763
797,1.023591360769698,0.949312748529048,0.046558833409506006,0.02771978691795217,0.6104325334099727,0.6116271413674959
798,1.0219915215354796,0.9478456932660029,0.046412954564892986,0.02773286829651567,0.6087081477223739,0.6101999106211828
799,1.0249581686945752,0.9503422012478477,0.04686901525877077,0.027746950883917775,0.6043971835033769,0.6057187546551468
800,1.0220216899138104,0.9477317397545459,0.04653543039175659,0.027754524624464174,0.5864348325908895,0.5875989870400715
801,1.0212021669208842,0.94711807877669,0.04631640735645886,0.02776768445199909,0.5845667480959909,0.5854120363473856
802,1.023502234978175,0.9493620380071889,0.04635881852422283,0.027781377965510792,0.6045408823106768,0.606087591240876
803,1.02266030851872,0.9489323553091357,0.04594347318536695,0.02778447670603787,0.6091392441442736,0.6103231044242514
804,1.024897171653093,0.950717694407514,0.04638448332957383,0.027794992759446933,0.6095703405661733,0.6108616117980039
805,1.0237074020710943,0.9494506799809839,0.04645298913770031,0.027803736571974668,0.5974996407529818,0.5985562341725011
806,1.0233933492405076,0.948395156452652,0.04718010104525653,0.027818088056387136,0.5946256646069837,0.5960105764933711
807,1.0214993730926156,0.9475405907336281,0.046137736675309834,0.027821055097008406,0.5987929300186808,0.6000434976910471
808,1.0213900327185719,0.9470175619970914,0.04653306613538539,0.027839403526429506,0.6131628107486707,0.6145307612095934
809,1.0242580925703975,0.9500562334766435,0.04635245978932885,0.027849403655504184,0.6069837620347751,0.608265753016535
810,1.0223489099234784,0.9481643670967794,0.046329976131898404,0.027854564664600345,0.611438425061072,0.6127920452852674
811,1.0211452677222843,0.946858732029528,0.04641774353236795,0.027868790862237883,0.6117258226756718,0.6129556085207806
812,1.0228930783179286,0.9483360841983796,0.04667240928765908,0.027884591096469617,0.604253484696077,0.6057835542976315
813,1.0215204649057894,0.947746601550465,0.0458888254614333,0.027885041198420068,0.58571633855439,0.5872267242663488
814,1.0239923233306858,0.9495617094473654,0.046527616927521484,0.02790299640254593,0.6033912918522776,0.6043950543721138
815,1.0219414526403148,0.9474059005015917,0.0466247892417019,0.027910761193633678,0.6010921109354792,0.6026162669447341
816,1.0220921728216654,0.9478035740236352,0.04636795889735564,0.027920645343270652,0.5954878574507831,0.5970570534783256
817,1.0192547286271123,0.944671675457936,0.04664667807214304,0.027936374254172468,0.6091392441442736,0.6101459854014599
818,1.0246876870134916,0.9505751802243281,0.04616680984291764,0.02794569874813218,0.6052593763471763,0.6068140920601818
819,1.0225380580561276,0.9483004644489577,0.046283743479014094,0.02795384868011596,0.6016669061646789,0.6029433934157604
820,1.021258352885114,0.9472458874687653,0.04604863130516543,0.027963826948337076,0.6121569190975715,0.6134330403694325
821,1.022219655893712,0.9477118600937703,0.04652883211411198,0.027978963464742625,0.6095703405661733,0.6108249664829436
822,1.0262297934063345,0.9521263245279581,0.046118627956375544,0.02798484406513093,0.6112947262537721,0.6126125428273498
823,1.0231528599417437,0.9482686489473593,0.04688771620375669,0.027996494710597435,0.6104325334099727,0.6115843884999255
824,1.0222905078039102,0.9476628502067229,0.046621142173934586,0.02800651087999378,0.6010921109354792,0.6024574705794726
825,1.0216244652124293,0.9469387056344816,0.04666932476977539,0.028016437868327908,0.6102888346026728,0.6114659615671086
826,1.0197254675423761,0.9457612056844552,0.04594359320727191,0.028020661587907607,0.608564448915074,0.6097150305377627
827,1.0206085000937142,0.9459884370567299,0.04657449319322727,0.028045570105260723,0.5976433395602816,0.599102189781022
828,1.025479321216677,0.9514905906285444,0.04593968729151702,0.028049044296592968,0.5979307371748814,0.5992596454640251
829,1.0202719010161092,0.9457852663125675,0.04642688469723871,0.028059749204126357,0.6064089668055755,0.607639356472516
830,1.022718397120769,0.947607317718046,0.04703256197649526,0.028078513196398515,0.611438425061072,0.6126088187099656
831,1.0205258527763412,0.9465897275483682,0.04585627774409666,0.02807985175412214,0.6000862192843799,0.6013780723968419
832,1.0223344744733565,0.9477976370875324,0.046439544495956914,0.028097294397060085,0.6118695214829717,0.6130679279010874
833,1.0236897320561684,0.9488910929295742,0.0466921004398593,0.028106533274384286,0.6095703405661733,0.6109715477431849
834,1.0193610591850055,0.9447815781746947,0.04646328325181416,0.028116195264441955,0.6008047133208795,0.6020862505586175
835,1.0191986373759392,0.944992890515912,0.046077959084775466,0.02812778699957343,0.5824112659864923,0.5836906003277222
836,1.0213180355752298,0.9462093697794725,0.046959734884619214,0.028148928232397872,0.5979307371748814,0.5993573663041858
837,1.0219733866317329,0.947101581009285,0.04671416998729656,0.02815763553986434,0.601379508550079,0.6026393564725161
838,1.0235613050397776,0.9493487842347811,0.04605770056641963,0.02815482165770963,0.6121569190975715,0.6134208252644123
839,1.0221994390500004,0.9470545330820523,0.046974245485071994,0.028170661773264435,0.6056904727690761,0.6070288991509012
840,1.0227087375024455,0.9483783476344811,0.04615640443314645,0.028173989243082728,0.5852852421324903,0.5865966036049457
841,1.0218275084305741,0.9473458124245184,0.04629791013276565,0.028183790163342715,0.5982181347894813,0.5994171011470282
842,1.0232835446714172,0.9487967135697574,0.046292559702106204,0.028194274313031623,0.6091392441442736,0.6104147177119023
843,1.0163814005092533,0.9415189702203517,0.046656713387518714,0.028205713114263186,0.6062652679982756,0.6074415313570684
844,1.0223703612060207,0.9479718006347544,0.04617911203357402,0.028219442747941234,0.611438425061072,0.6127676150752271
845,1.0182773294351553,0.9438250864917374,0.04622392122086257,0.02822831532816072,0.6088518465296738,0.6102511544763891
846,1.0228699830640817,0.9485331340020442,0.04609711166245873,0.02823974601100027,0.6006610145135796,0.6021449426485922
847,1.020947769757471,0.9459601906905111,0.0467357074589989,0.028251876251592447,0.6052593763471763,0.6067102636675108
848,1.0178981455668479,0.9430606010094132,0.04657307070084286,0.02826447226803036,0.6074148584566748,0.6085599582898853
849,1.0185202525716897,0.9438760073590269,0.0463679996148482,0.028276247975705153,0.6008047133208795,0.6018053031431551
850,1.0248979060518655,0.9498846625901447,0.04672610770602099,0.028287135997931923,0.6051156775398764,0.6062803515566811
851,1.0215825949579944,0.9467631149333104,0.0465273346501934,0.02829214477600303,0.5996551228624802,0.6012182332787129
852,1.0210242930765998,0.9467703232838515,0.04595596790913279,0.028298004914596,0.597212243138382,0.5987102636675108
853,1.0192845484394677,0.9447244943036209,0.04624970026238243,0.028310358957931527,0.6005173157062796,0.6018982571130642
854,1.021631136367437,0.9469841843039196,0.04632139998420009,0.028325556977493425,0.5937634717631843,0.5954099508416505
855,1.023439530737699,0.9484584203121357,0.046645877920578296,0.028335243024018703,0.6095703405661733,0.6108249664829435
856,1.0196204628987564,0.9450155129325101,0.046261328990786804,0.028343610834629565,0.6121569190975715,0.6133353195292716
857,1.020898308471661,0.945776664631722,0.04676434011143041,0.028357307266704667,0.5904583991952866,0.5918005362729033
858,1.023601057149501,0.9491977816187183,0.04605104673114774,0.028352239486223528,0.6110073286391723,0.6122901832265752
859,1.0200188904765146,0.9452139789439049,0.046433662857315906,0.028371248733911267,0.5969248455237821,0.598369581409206
860,1.0214435457669382,0.9466998884519946,0.04636235759015535,0.028381299288234914,0.6176174737749677,0.6189898704007151
861,1.0233084990694221,0.9489800610458702,0.04594122766613327,0.02838721083840354,0.6097140393734732,0.6110411142559213
862,1.0223479715293295,0.9473890383141808,0.046564790126209815,0.028394139346518483,0.6026727978157781,0.6039372858632505
863,1.021124976490537,0.9465004842263184,0.04621768817530399,0.028406807136222588,0.6061215691909757,0.6074269328169224
864,1.0187552239398432,0.9436064749240943,0.046730834323196066,0.028417914205947165,0.5736456387411984,0.5753671979740801
865,1.0213738196299393,0.9461924909757359,0.046757280374758715,0.028424046770913758,0.6115821238683719,0.6129226873231044
866,1.0183645076905197,0.9429384140057679,0.04698181066317862,0.028444283323761015,0.6046845811179767,0.6061571577536125
867,1.0230941250674048,0.9484051375711833,0.046239872743153575,0.028449108402837212,0.6032475930449778,0.6045392521972293
868,1.01728617627656,0.942840194887155,0.04598745420191853,0.02845851960869669,0.607127460842075,0.6084635781319827
869,1.018001795072017,0.9429938073712598,0.0465321364947855,0.028475848709775518,0.5989366288259808,0.6001252793088038
870,1.019904257888372,0.94505399361923,0.04636015915925483,0.028490109481843558,0.6066963644201753,0.6081876955161627
871,1.0191004837119455,0.9439966750994618,0.04660055734819937,0.028503253360864143,0.595775255065383,0.5970984656636379
872,1.0222413132786494,0.9477223737998022,0.04600757324003098,0.028511358441080766,0.609857738180773,0.6111534336362282
873,1.01779655159539,0.943069357795951,0.04620528483383528,0.028521909608790322,0.6101451357953729,0.6112986742142112
874,1.0220187064096973,0.9475100827741287,0.04597160361202939,0.02853702344557072,0.6088518465296738,0.61034276776404
875,1.0170915581351263,0.9428915680182839,0.045657411331712625,0.02854257669042352,0.6069837620347751,0.6083390436466558
876,1.020800472385052,0.9459653439270318,0.04627010555631951,0.028565019846095285,0.6118695214829717,0.6130434976910474
877,1.0185832597175057,0.9444377873457442,0.04557421356000628,0.028571254576037527,0.6026727978157781,0.604212125726203
878,1.0179595158932315,0.9429862444163363,0.046387810030940585,0.02858545991279884,0.6016669061646789,0.6026746611053181
879,1.0211979039596883,0.946299046984622,0.0462977228034997,0.028601137233060535,0.609857738180773,0.611238939371369
880,1.0214209405148333,0.9462579924547393,0.04655631050844356,0.028606632732166473,0.597212243138382,0.5985392521972293
881,1.0225914367263833,0.9476364750272156,0.046342606003029384,0.02861235001746617,0.5986492312113809,0.6002609861462833
882,1.0219404079873322,0.9470621588963649,0.04625944562929769,0.028618808340574068,0.6081333524931744,0.6093475346342917
883,1.0203736206463894,0.9454547417610948,0.04629228505950873,0.028626598460584525,0.5904583991952866,0.5918982571130641
884,1.0226327656055083,0.9472494104638629,0.046744494752339855,0.028638856701755217,0.6117258226756718,0.6127662743929688
885,1.0219470536097282,0.9465861975041798,0.046719082550471296,0.02864178084292054,0.602816496623078,0.6039640995084165
886,1.0210430394183083,0.946250257803493,0.04614840740776127,0.028644369484462997,0.609857738180773,0.6111106807686578
887,1.0184612037087502,0.9433025788397501,0.046496082280906625,0.028662538575336394,0.6082770513004742,0.6096736183524506
888,1.0189886451846721,0.9440730519465356,0.04624290865667851,0.02867269161957479,0.6002299180916798,0.6014598540145986
889,1.0188355960796611,0.9435987645549531,0.046547072855931,0.028689759715862666,0.6079896536858744,0.6092901832265755
890,1.019356638265934,0.9443081044862969,0.046354864373479805,0.02869367723413832,0.6145997988216698,0.615763890957843
891,1.0230595809852516,0.9474844095401679,0.046866061437068306,0.028709119713630618,0.6084207501077741,0.6097920452852674
892,1.0178210663202765,0.942907351600591,0.046200212281246024,0.028713503542001143,0.6105762322172726,0.6118921495605543
893,1.0214483160742365,0.9461996284071134,0.046519056451844835,0.028729642104217763,0.6049719787325765,0.6064673022493668
894,1.0144483020446444,0.9400270765994982,0.045683551254239396,0.028737676938435507,0.6036786894668774,0.6048334574705795
895,1.0217656467405951,0.9465223600217231,0.04649158330043511,0.028751703285142288,0.5880155194711884,0.5893169968717414
896,1.0249181112898442,0.949961733365816,0.04619944813314791,0.028756923098044843,0.6112947262537721,0.6126064352748398
897,1.016837507199412,0.9413249865142175,0.04674410469854661,0.028768417625529428,0.6140250035924701,0.6153573663041858
898,1.0179776942478136,0.9431938904166685,0.046008269192137276,0.028775534426218254,0.6081333524931744,0.6094941158945331
899,1.0190034211238648,0.9441507715554668,0.04606369092797116,0.028788949552570664,0.6084207501077741,0.6097126471026366
900,1.021333278527392,0.9460858310291627,0.046447016010768866,0.028800421361619415,0.6102888346026728,0.6115820050647996
901,1.0179628504985947,0.9428305554910713,0.0463236592954124,0.02880862757953304,0.611438425061072,0.6127676150752271
902,1.0219875837489267,0.9469000878031183,0.04627167479966046,0.02881581953269412,0.6062652679982756,0.607502606882169
903,1.0220270624515706,0.9469387383789214,0.04626145868913198,0.028826863211992487,0.6115821238683719,0.6128005362729033
904,1.018968630049451,0.9439972375620883,0.0461353745216747,0.028836015666489596,0.6052593763471763,0.6066491881424102
905,1.016858204648933,0.9420028736852061,0.04600729014152236,0.028848052346033173,0.6130191119413709,0.6143146134366155
906,1.0184425397120702,0.9433886606916989,0.0461897310889312,0.028864149542752654,0.6018106049719787,0.603012959928497
907,1.0214753495685875,0.9459955409728071,0.04660410952732504,0.0288757013489176,0.6117258226756718,0.6129678236258007
908,1.019186581889006,0.944114415976898,0.0461910619800727,0.028881099796957677,0.5664606983762035,0.5681876955161627
909,1.0213518648555968,0.9461182681869066,0.04634003192593199,0.02889356473713732,0.6107199310245724,0.61190064054819
910,1.0217592405731573,0.9463527458017971,0.04650684075494542,0.02889965168911204,0.607127460842075,0.6084208252644122
911,1.0203785904181177,0.9447235788211584,0.046741729442424725,0.028913282151322613,0.6038223882741773,0.6050312825860271
912,1.0180665350265246,0.9427303618476178,0.046421415065854836,0.028914752529131338,0.6077022560712746,0.6089556085207806
913,1.0182225538543765,0.9433503040706894,0.045946840270722045,0.02892540610056916,0.6068400632274752,0.6079763146134366
914,1.0203099623889926,0.945302440287961,0.04607385030102757,0.02893367234710082,0.6108636298318724,0.6121717562937584
915,1.0160725223622389,0.9405446052893874,0.04657687859151757,0.02895103439229378,0.6088518465296738,0.610006852375987
916,1.018732438469125,0.9436275000578371,0.046145157460008204,0.028959782494071194,0.6089955453369738,0.6102596454640251
917,1.016636848004321,0.9412008072388105,0.04646755179371843,0.028968491594055925,0.6075585572639747,0.6090326232682856
918,1.0228524471446176,0.9474128928741584,0.04645735030063166,0.028982196423156987,0.6088518465296738,0.609927454193356
919,1.0201099950668713,0.9445436344799047,0.046581021850394144,0.028985334242027472,0.604253484696077,0.6055881126173096
920,1.0182179467810657,0.9431513278096173,0.04607235681399958,0.028994250883346815,0.5926138813047852,0.5941327275435722
921,1.0172392499568494,0.9415885895417843,0.04664125875760588,0.029009408511425902,0.607127460842075,0.6085551914196337
922,1.0177642172190424,0.9425420552719117,0.04619970166005696,0.029022465738502534,0.6068400632274752,0.6083122300014896
923,1.019176745349639,0.9441305284254132,0.04601927180464693,0.02902695040425567,0.6019543037792786,0.6035039475644274
924,1.0197552596722754,0.9438486079543397,0.04686105397561618,0.02904560147323071,0.6105762322172726,0.6118555042454938
925,1.0179539560106812,0.9420821979001672,0.046817152704045184,0.029054606677585592,0.6094266417588734,0.6107737226277372
926,1.0192067985785453,0.9438172150470177,0.04633439849526277,0.02905518843768691,0.6141687023997701,0.6153414270817816
927,1.0188888105138105,0.9436150705836631,0.0462026389933751,0.029071104229524365,0.5956315562580831,0.5968945329956801
928,1.018947824174122,0.9436084155396391,0.04626127757278731,0.02907813532096736,0.611438425061072,0.6127676150752271
929,1.0154481573785956,0.9401389456699765,0.04622308579814864,0.02908612914942285,0.6038223882741773,0.6048480560107254
930,1.0187277472521112,0.9434988151971834,0.046131272766675425,0.029097660473450315,0.6074148584566748,0.6086454640250262
931,1.0187541998517053,0.943561987487008,0.046085541672551744,0.02910667087549253,0.6107199310245724,0.6119861462833309
932,1.0194498840839907,0.9440016859751834,0.04632955196538796,0.029118642785893822,0.6082770513004742,0.6094964993296589
933,1.018075287676111,0.9430310252686139,0.045919371488592306,0.029124886514293787,0.6138813047851703,0.6151961865037986
934,1.0239691526952497,0.948272953646367,0.04655757819330886,0.029138616891531,0.6054030751544762,0.6065172054223149
935,1.0193285113231325,0.9432472617980101,0.046940092684200296,0.029141159904557307,0.609857738180773,0.6110679279010875
936,1.0212816101395719,0.9461133294037694,0.046028866074344414,0.029139422407802845,0.6032475930449778,0.6046369730373902
937,1.0201773195366763,0.9448404028628438,0.04618385518088836,0.029153067094530416,0.6144561000143699,0.6155843884999255
938,1.0182233114389188,0.9421853031778424,0.04686806762232608,0.029169943864854917,0.6107199310245724,0.612016684045881
939,1.014832614087942,0.9395289390761031,0.046127466658080235,0.02917620193206265,0.6077022560712746,0.6089433934157604
940,1.0144848418074754,0.9393409796188679,0.045949522973301765,0.029194340651033424,0.6052593763471763,0.6066064352748398
941,1.0172039095415675,0.9421792203778079,0.04581696701676771,0.029207723477796706,0.5870096278200891,0.5882437062416208
942,1.0176666673614918,0.942133970337021,0.046313422073478036,0.029219275989245452,0.609857738180773,0.611238939371369
943,1.0174514348007753,0.9425355523700497,0.04568762680587112,0.029228255795086058,0.5929012789193849,0.5943207209891256
944,1.0169373185474617,0.9412501134617539,0.04644764230117782,0.02923956419135034,0.6078459548785745,0.6091534336362282
945,1.0185131725522871,0.9426827702067984,0.046576983026516715,0.029253419347879343,0.5809742779134933,0.582610159392224
946,1.0217116602297263,0.9460005713427335,0.04645520949422808,0.029255883343959954,0.597068544331082,0.5982803515566811
947,1.0203022651416096,0.944667473643106,0.04638071789832221,0.029254071103985205,0.5986492312113809,0.6001999106211828
948,1.0188720566151659,0.9429496720461071,0.04665432885376985,0.02926805492328328,0.6031038942376779,0.6043169968717413
949,1.017790730151316,0.942348560359838,0.04616652718122997,0.029275642506396023,0.6064089668055755,0.6077004319976166
950,1.0171562035393142,0.9416381661311908,0.04623340874512077,0.029284630416442668,0.6091392441442736,0.6104574705794726
951,1.0182396637963433,0.9422496992857536,0.04669039784889828,0.029299571917460968,0.6078459548785745,0.6091045732161477
952,1.0191123083432971,0.9435390309537857,0.04626603802324267,0.02930724448553189,0.6032475930449778,0.6045636824072694
953,1.0224078099075653,0.9464471659658283,0.04664967393411321,0.029310970708357396,0.6107199310245724,0.611998361388351
954,1.0142174620518039,0.9382841844191444,0.04661027779812048,0.02932300461119731,0.6089955453369738,0.6101497095188441
955,1.0174356224482421,0.9413573379265815,0.04674307917253966,0.029335204111194026,0.6066963644201753,0.6080350067034113
956,1.0158376430862164,0.9401445871181299,0.046354331290808404,0.029338721371946243,0.6078459548785745,0.6089579919559064
957,1.015144962434677,0.9392666746648773,0.04652456370924958,0.0293537252128257,0.6077022560712746,0.6090411142559213
958,1.0199100065203914,0.9443475372713519,0.046200494958993296,0.029361967136032847,0.5759448196579968,0.5773719648443318
959,1.0209678780126372,0.945014745952035,0.04658881957194538,0.02936430932839663,0.6092829429515735,0.6104598540145986
960,1.0201319165486065,0.9442486492000206,0.04650234183496503,0.029380936891842648,0.6135939071705705,0.6148493966929837
961,1.0163273960030752,0.9405849443237095,0.04635772823362382,0.029384725273323566,0.6104325334099727,0.6115782809474154
962,1.0185199334954098,0.9429686143748084,0.04615585957344004,0.02939545818075767,0.6052593763471763,0.6064537464620886
963,1.018041926830523,0.9429085694402264,0.04573577247428336,0.0293975915609377,0.6069837620347751,0.6082291077014748
964,1.019551079049503,0.943263111383104,0.0468706269096088,0.02941734239995428,0.6046845811179767,0.6060411142559214
965,1.0148330847068256,0.9388973325606581,0.04651323770524733,0.029422514127758252,0.598505532404081,0.6000570534783256
966,1.0219273355298728,0.9464459846392841,0.046049508077049245,0.02943184710840998,0.6049719787325765,0.6061924623864146
967,1.015633947805763,0.9398699361268329,0.04632385537608599,0.029440153818157302,0.5980744359821814,0.5993353195292715
968,1.0215486159251328,0.9452622250452657,0.046836059447899855,0.029450334488910872,0.6137376059778704,0.6150350067034112
969,1.0191662665121959,0.943065970789206,0.04663982465306495,0.02946047253188328,0.6056904727690761,0.6069433934157604
970,1.0168796467496706,0.9411721316831758,0.04624426721903438,0.02946324231225383,0.6089955453369738,0.6102718605690451
971,1.0185456424801664,0.9422634820483131,0.04679809179130788,0.02948408059075631,0.6066963644201753,0.6078395650230896
972,1.0190220012594904,0.9433507240954307,0.046190400704910636,0.029480869018471793,0.6000862192843799,0.6009138984060778
973,1.0242304815302499,0.9484169482328303,0.04632508835884702,0.02948844436015963,0.6130191119413709,0.6144184418292864
974,1.0185875341730877,0.9424217354208081,0.04667413735823533,0.02949166167749595,0.5960626526799827,0.5976834500223447
975,1.015910356453154,0.9406118383522708,0.04579853972939089,0.0294999779748204,0.6084207501077741,0.6098286906003276
976,1.019573197845824,0.943477104083271,0.04657849961312822,0.02951760348807825,0.6137376059778704,0.6150411142559215
977,1.021237964139517,0.9452220434806079,0.04649535132049315,0.029520563558836078,0.5973559419456819,0.5983339788470133
978,1.020983857119421,0.9450779454789296,0.04638349395692306,0.029522412768797312,0.607127460842075,0.6084819007895128
979,1.019349672822093,0.9434389093001352,0.046385628991508845,0.029525134362090866,0.5995114240551803,0.6006967078802324
980,1.0201515884282244,0.9437813278090116,0.04683743650501856,0.029532816258108826,0.5936197729558844,0.5950350067034113
981,1.0148093936206588,0.9390651408001033,0.046204712829669155,0.0295395405275445,0.6064089668055755,0.6079019812304484
982,1.0155408560912798,0.9395078601705598,0.04647571138233559,0.029557289669959602,0.5936197729558844,0.595224340831223
983,1.0155379991281956,0.9397546222350741,0.04621720009643056,0.029566180372359356,0.6056904727690761,0.6069433934157605
984,1.0179699810264884,0.9422093360207173,0.04618251482689924,0.029578123393961455,0.5987929300186808,0.600238939371369
985,1.0180327069024482,0.9420027217229116,0.04644538199908861,0.02958460699540434,0.6138813047851703,0.6152206167138388
986,1.0159939047693778,0.9399750833368143,0.046424978072358236,0.029593843430332077,0.6069837620347751,0.6084245493817966
987,1.019063461064984,0.9425532998735834,0.046909112973080605,0.02960104865835288,0.6088518465296738,0.6103305526590198
988,1.0150442999367537,0.9396952847105827,0.04574363417778914,0.029605388075524423,0.609857738180773,0.6111839713987786
989,1.0169032657004273,0.9414402245533057,0.04584481360296834,0.029618226883301003,0.61431240120707,0.6156491881424103
990,1.0150932204296816,0.9385149939030405,0.04694265803719136,0.02963557499974114,0.6016669061646789,0.6030594369134515
991,1.0196993676285786,0.9436745861512283,0.046379424839835,0.029645356699344688,0.6104325334099727,0.6117431848651869
992,1.0182385441643322,0.942735452336096,0.04586270532593129,0.029640394741946862,0.6125880155194712,0.6139349024281245
993,1.0189521155971994,0.9426777398625673,0.04661859342763352,0.029655777087898447,0.609857738180773,0.6111717562937583
994,1.0167885279754811,0.9404839364203387,0.04663788823014464,0.029666705219226847,0.6144561000143699,0.6157309697601668
995,1.0193819498292913,0.9437094329160287,0.046005251581195374,0.029667259045539445,0.6087081477223739,0.6098639952331296
996,1.017892223491222,0.9418333079010133,0.0463828984950445,0.029676017449278225,0.6043971835033769,0.6058103679427976
997,1.018142728203243,0.9420500822940218,0.04641076008251111,0.02968188744712311,0.5930449777266849,0.5947689557574856
998,1.0164736282347537,0.9398444626999066,0.046935236282493555,0.029693928662698783,0.6010921109354792,0.6024208252644124
999,1.0186904625211541,0.9424339885392362,0.04656129043304658,0.029695183979803707,0.6088518465296738,0.6099702070609265
1000,1.0175657515759475,0.940922030944868,0.046934233634447736,0.029709497548587312,0.6121569190975715,0.6134208252644123
